Date,SP500_Returns,VIX,Treasury_10Y,Yield_Spread,Inflation_YoY,CPI
2007-01-05,-0.6056608330319513,11.896666666666668,4.65,-0.11,1.9716885743174872,201.7
2007-01-12,1.4910882460723365,11.28,4.77,-0.11,1.9716885743174872,201.7
2007-01-19,-0.0160743446974254,10.645,4.78,-0.15,2.5278058645096024,202.8
2007-01-26,-0.5816110652962281,10.67,4.88,-0.11,2.579666160849792,202.8
2007-02-02,1.8429425211744064,10.644,4.83,-0.11,2.579666160849792,202.8
2007-02-09,-0.713202656067391,10.612,4.79,-0.13,2.579666160849792,202.8
2007-02-16,1.2155250654721117,10.484,4.69,-0.14,2.579666160849792,202.8
2007-02-23,-0.2988648569950625,10.3,4.68,-0.14,2.758219524532124,203.153
2007-03-02,-4.411545011047979,15.862,4.52,-0.04,2.086934673366825,203.153
2007-03-09,1.1296323722816526,15.842,4.59,-0.07,2.086934673366825,203.153
2007-03-16,-1.1327033044104762,16.522,4.55,-0.03,2.465326633165832,203.906
2007-03-23,3.544470666598376,13.185999999999998,4.62,0.02,2.4138623807132165,203.906
2007-03-30,-1.0618963836719453,14.28,4.65,0.07,2.4138623807132165,203.906
2007-04-06,1.6117016912399196,13.615,4.68,0.05,2.4138623807132165,203.906
2007-04-13,0.6296036570363261,12.844,4.76,0.0,2.4138623807132165,203.906
2007-04-20,2.16815228890348,12.23,4.68,0.04,3.036664992466087,205.146
2007-04-27,0.65483011843539,12.922,4.71,0.04,2.6756756756756594,205.146
2007-05-04,0.77305944456032,13.362,4.65,-0.03,2.6756756756756594,205.146
2007-05-11,0.0152748017093085,13.158,4.67,-0.04,2.6756756756756594,205.146
2007-05-18,1.1222913761702369,13.547999999999998,4.81,-0.01,3.1026026026026,205.999
2007-05-25,-0.4610093272861548,13.404,4.86,0.01,2.4870646766169235,205.999
2007-06-01,1.3597399020364165,13.0475,4.95,-0.02,2.4870646766169235,205.999
2007-06-08,-1.866118340525757,14.738,5.12,0.11,2.4870646766169235,205.999
2007-06-15,1.674105706068563,14.738,5.16,0.11,3.177611940298508,207.387
2007-06-22,-1.9798928123122892,14.18,5.14,0.22,2.717682020802381,207.387
2007-06-29,0.0525714088877693,16.568,5.03,0.16,2.717682020802381,207.387
2007-07-06,1.8019733435492349,15.13,5.19,0.2,2.717682020802381,207.387
2007-07-13,1.441419424370216,16.012,5.11,0.17,2.717682020802381,207.387
2007-07-20,-1.1851867577496011,15.88,4.96,0.17,2.914314016840014,207.784
2007-07-27,-4.8986393070868495,19.674,4.8,0.24,2.7108255066732534,207.784
2007-08-03,-1.7745565951271636,22.888,4.71,0.25,2.7108255066732534,207.784
2007-08-10,1.4360846868401556,24.146,4.81,0.34,2.7108255066732534,207.784
2007-08-17,-0.5297097744003554,29.148000000000003,4.68,0.5,2.831438457736035,208.028
2007-08-24,2.3119946239554823,23.562,4.63,0.33,2.3759842519684997,208.028
2007-08-31,-0.3636686495312013,24.254,4.54,0.39,2.3759842519684997,208.028
2007-09-07,-1.386708291214378,24.395,4.38,0.48,2.3759842519684997,208.028
2007-09-14,2.112067018031194,25.458,4.47,0.42,2.3759842519684997,208.028
2007-09-21,2.79602492841502,21.262,4.64,0.58,1.982326951399127,207.738
2007-09-28,0.065541536949043,18.12,4.59,0.62,1.982326951399127,207.738
2007-10-05,2.0199748367651926,18.096,4.65,0.57,1.982326951399127,207.738
2007-10-12,0.2702946924542537,17.35,4.7,0.47,1.982326951399127,207.738
2007-10-19,-3.916637343635032,19.854,4.41,0.61,2.2542955326460445,208.292
2007-10-26,2.3090318267205534,20.716,4.41,0.64,2.758756783423788,208.292
2007-11-02,-1.669402610190307,21.138,4.31,0.65,2.758756783423788,208.292
2007-11-09,-3.706161847935807,25.37,4.23,0.81,2.758756783423788,208.292
2007-11-16,0.3467042190128167,25.8975,4.15,0.82,3.0601874691662534,208.903
2007-11-23,-1.2366863994454191,25.835,4.01,0.94,3.5711452652454234,208.903
2007-11-30,2.806973335680918,25.228,3.97,0.93,3.5711452652454234,208.903
2007-12-07,1.5879673291274043,22.348000000000003,4.12,1.0,3.5711452652454234,208.903
2007-12-14,-2.4397592927246303,22.526,4.24,0.93,4.39514129895886,210.565
2007-12-21,1.1246984103541855,21.578,4.18,0.99,4.39514129895886,210.565
2007-12-28,-0.402164481375078,19.565,4.11,0.99,4.39514129895886,210.565
2008-01-04,-4.522180453921343,23.025,3.88,1.14,4.39514129895886,210.565
2008-01-11,-0.7516123428138122,24.094,3.82,1.23,4.39514129895886,210.565
2008-01-18,-5.412490690202343,25.252,3.66,1.3,4.690133862171542,211.16
2008-01-25,0.4090012892461914,29.2225,3.61,1.38,4.122287968441807,211.16
2008-02-01,4.870702858631137,26.588,3.62,1.53,4.122287968441807,211.16
2008-02-08,-4.595749155322137,27.774,3.64,1.71,4.122287968441807,211.16
2008-02-15,1.4046489212105495,25.874,3.76,1.85,4.378698224852062,211.68
2008-02-22,0.2311124630372862,24.7925,3.79,1.81,4.790927021696234,212.516
2008-02-29,-1.661356483368892,23.538,3.53,1.88,4.608841611987025,212.516
2008-03-07,-2.800178083231064,26.288,3.56,2.03,4.608841611987025,212.516
2008-03-14,-0.404368470622829,28.282,3.44,1.97,4.635914803128682,212.571
2008-03-21,3.2116070183937584,28.6225,3.34,1.75,4.249507125832497,212.571
2008-03-28,-1.0748350112098182,25.824,3.47,1.8,4.249507125832497,212.571
2008-04-04,4.195499987841411,23.476,3.5,1.67,4.249507125832497,212.571
2008-04-11,-2.741540257592945,22.606,3.49,1.73,4.249507125832497,212.571
2008-04-18,4.314128725783295,21.526,3.77,1.58,3.9752176498688794,213.301
2008-04-25,0.5401602499406799,20.256,3.91,1.47,3.9752176498688794,213.301
2008-05-02,1.1489196894098883,19.546,3.89,1.42,3.9752176498688794,213.301
2008-05-09,-1.8120089592476465,19.130000000000003,3.77,1.52,3.9752176498688794,213.301
2008-05-16,2.6702066951029613,17.240000000000002,3.85,1.38,3.759241549716253,213.743
2008-05-23,-3.4672131561713004,18.156,3.85,1.39,3.759241549716253,213.743
2008-05-30,1.776976315469847,18.67,4.06,1.4,3.759241549716253,213.743
2008-06-06,-2.8349413040353437,20.612,3.94,1.54,3.759241549716253,213.743
2008-06-13,-0.0477720248995838,22.994,4.27,1.22,4.433516667556647,215.132
2008-06-20,-3.095518089972093,21.754,4.16,1.28,3.734563882982056,215.132
2008-06-27,-3.0009216890352186,22.714,3.99,1.34,3.734563882982056,215.132
2008-07-04,-1.2109060224364976,24.5775,3.99,1.45,3.734563882982056,215.132
2008-07-11,-1.8536727949268084,25.448,3.96,1.37,3.734563882982056,215.132
2008-07-18,1.7095792336778493,26.236,4.11,1.45,4.82961805706239,217.403
2008-07-25,-0.2316245058940236,22.378,4.13,1.43,4.62932660840103,217.403
2008-08-01,0.2027452620790626,22.596,3.97,1.46,4.62932660840103,217.403
2008-08-08,2.857224494065558,21.334,3.94,1.43,4.62932660840103,217.403
2008-08-15,0.1450263022021891,20.552,3.84,1.44,5.485022908404891,219.181
2008-08-22,-0.4621784182462729,20.262,3.87,1.45,5.361297517641872,219.181
2008-08-29,-0.725119600003854,20.26,3.83,1.47,5.361297517641872,219.181
2008-09-05,-3.158633556200652,22.6275,3.66,1.43,5.361297517641872,219.181
2008-09-12,0.7558413065377634,24.536,3.74,1.51,5.361297517641872,219.181
2008-09-19,0.2700331560808955,32.678,3.78,1.62,5.216605456957724,218.88
2008-09-26,-3.3312568113083363,34.464,3.85,1.74,5.3634866995927455,218.88
2008-10-03,-9.3993947947844,43.264,3.63,2.03,5.3634866995927455,218.88
2008-10-10,-18.19546530930076,59.426,3.89,2.27,5.3634866995927455,218.88
2008-10-17,4.596207650673811,65.58,3.98,2.34,5.331234535809526,218.813
2008-10-24,-6.781135409015371,64.532,3.76,2.19,5.051082134695517,218.813
2008-10-31,10.490776192133657,67.954,4.01,2.45,5.051082134695517,218.813
2008-11-07,-3.897807459677416,55.15,3.83,2.5,5.051082134695517,218.813
2008-11-14,-6.197704896108003,63.145,3.72,2.5,5.051082134695517,218.813
2008-11-21,-8.38896020494293,72.91600000000001,3.2,2.11,3.737141161208801,216.71
2008-11-28,12.02579370952568,59.09,2.93,1.93,3.737141161208801,216.71
2008-12-05,-2.250511373062214,63.15599999999999,2.67,1.74,3.737141161208801,216.71
2008-12-12,0.4177717664036739,56.638,2.6,1.82,3.737141161208801,216.71
2008-12-19,0.926423402067056,50.248000000000005,2.13,1.39,1.1849072732885269,213.06
2008-12-26,-1.6984296309087488,44.2925,2.16,1.27,1.1849072732885269,213.06
2009-01-02,6.75985344009824,41.18,2.46,1.58,1.1849072732885269,213.06
2009-01-09,-4.448380848899602,41.282,2.43,1.68,1.1849072732885269,213.06
2009-01-16,-4.518445731665766,47.072,2.36,1.63,0.4392942796761057,211.49
2009-01-23,-2.1373433179455503,49.4075,2.65,1.82,0.1562795984088039,211.49
2009-01-30,-0.7296120241787052,43.014,2.87,1.93,0.1562795984088039,211.49
2009-02-06,5.172660731650325,43.906,3.05,2.06,0.1562795984088039,211.49
2009-02-13,-4.807730820196998,43.804,2.89,1.92,0.1562795984088039,211.49
2009-02-20,-6.86832243456773,48.375,2.78,1.82,0.2333711262282767,212.174
2009-02-27,-4.539959936587801,46.758,3.02,2.02,-0.1609290594590473,212.174
2009-03-06,-7.034515512862938,50.128,2.83,1.92,-0.1609290594590473,212.174
2009-03-13,10.70707108597706,44.24,2.89,1.91,-0.1609290594590473,212.174
2009-03-20,1.5848245889676926,42.834,2.65,1.76,0.205107940405802,213.007
2009-03-27,6.167541802539267,41.962,2.78,1.88,0.205107940405802,213.007
2009-04-03,3.25514100045623,42.74,2.91,1.95,0.205107940405802,213.007
2009-04-10,1.6688424401891666,39.175,2.96,2.0,0.205107940405802,213.007
2009-04-17,1.5223659830614134,36.276,2.98,1.99,0.0672716410046625,212.714
2009-04-24,-0.387533947999108,37.678,3.03,2.04,-0.275197959690765,212.714
2009-05-01,1.3033535339414648,36.83,3.21,2.29,-0.275197959690765,212.714
2009-05-08,5.892738602718395,33.166,3.29,2.29,-0.275197959690765,212.714
2009-05-15,-4.987998295379603,32.562,3.14,2.26,-0.295357265085483,212.671
2009-05-22,0.4666540293586596,30.410000000000004,3.45,2.53,-0.5015368924362495,212.671
2009-05-29,3.623451482349216,30.8925,3.47,2.55,-0.5015368924362495,212.671
2009-06-05,2.279305859080072,30.098000000000003,3.84,2.52,-0.5015368924362495,212.671
2009-06-12,0.6510009618609036,28.552,3.81,2.51,-0.5015368924362495,212.671
2009-06-19,-2.6400102433736583,30.610000000000003,3.79,2.54,-1.0486584980384128,212.876
2009-06-26,-0.2529179579568108,28.618,3.52,2.42,-1.0486584980384128,212.876
2009-07-03,-2.446407759999858,26.4675,3.51,2.53,-1.0486584980384128,212.876
2009-07-10,-1.9287809684042532,29.99,3.32,2.41,-1.0486584980384128,212.876
2009-07-17,6.967115177483296,25.396,3.67,2.65,-0.3128311920123416,214.459
2009-07-24,4.134499317396445,23.652,3.7,2.65,-1.35416714580755,214.459
2009-07-31,0.8394063498102344,25.244,3.52,2.39,-1.35416714580755,214.459
2009-08-07,2.329161143001812,25.156,3.89,2.57,-1.35416714580755,214.459
2009-08-14,-0.6323681554103677,25.082,3.55,2.48,-1.3495673932742425,214.469
2009-08-21,2.1950201115299217,26.086,3.56,2.43,-2.149821380502881,214.469
2009-08-28,0.272874666445877,24.89,3.46,2.45,-2.149821380502881,214.469
2009-09-04,-1.2177727000668548,27.284,3.45,2.51,-2.149821380502881,214.469
2009-09-11,2.5905111592127605,24.41,3.34,2.44,-2.149821380502881,214.469
2009-09-18,2.452223378854046,23.708,3.49,2.46,-1.577119883040934,215.428
2009-09-25,-2.239075433119342,24.238,3.34,2.36,-1.577119883040934,215.428
2009-10-02,-1.835542987771344,26.526,3.24,2.36,-1.577119883040934,215.428
2009-10-09,4.514200120973699,24.904,3.4,2.42,-1.577119883040934,215.428
2009-10-16,1.510985975055279,22.25,3.43,2.46,-1.411275584795324,215.791
2009-10-23,-0.7428726947260378,21.514,3.51,2.47,-1.3810879609529536,215.791
2009-10-30,-4.020936936028308,26.5,3.41,2.51,-1.3810879609529536,215.791
2009-11-06,3.1953704720333542,27.186,3.54,2.68,-1.3810879609529536,215.791
2009-11-13,2.261285938135371,23.3975,3.43,2.61,-1.3810879609529536,215.791
2009-11-20,-0.1920451790107136,22.35,3.36,2.61,-1.1096232856365962,216.385
2009-11-27,0.0100776403333835,21.74,3.21,2.53,-0.1499700059988118,216.385
2009-12-04,1.327542200479881,22.252,3.48,2.64,-0.1499700059988118,216.385
2009-12-11,0.0388844028402113,22.472,3.55,2.72,-0.1499700059988118,216.385
2009-12-18,-0.3561124135577631,21.474,3.55,2.73,1.966582183422516,217.25
2009-12-25,2.177837982318209,19.8025,3.82,2.82,1.966582183422516,217.25
2010-01-01,-1.0102269973832123,20.395,3.85,2.71,1.966582183422516,217.25
2010-01-08,2.679580803246973,19.148,3.83,2.87,1.966582183422516,217.25
2010-01-15,-0.7816687911181619,17.838,3.7,2.81,2.103163428142296,217.541
2010-01-22,-3.8969057498110415,21.46,3.62,2.78,2.861128185729811,217.541
2010-01-29,-1.6386398556838544,24.29,3.63,2.81,2.861128185729811,217.541
2010-02-05,-0.7151753700036512,23.572,3.59,2.82,2.861128185729811,217.541
2010-02-12,0.8741470911911131,24.92,3.69,2.85,2.861128185729811,217.541
2010-02-19,3.129681162802256,21.155,3.78,2.83,2.882878623102747,217.587
2010-02-26,-0.4219419498826871,20.236,3.61,2.8,2.551207970816405,217.587
2010-03-05,3.097353641950207,18.658,3.69,2.78,2.551207970816405,217.587
2010-03-12,0.9914849869696596,17.984,3.71,2.74,2.551207970816405,217.587
2010-03-19,0.8617496033741734,17.238,3.7,2.68,2.5530932159454123,217.591
2010-03-26,0.5767687960545942,17.387999999999998,3.86,2.82,2.152041951672956,217.591
2010-04-02,0.9866371306846976,17.445,3.89,2.84,2.152041951672956,217.591
2010-04-09,1.3810389498699394,16.498,3.9,2.82,2.152041951672956,217.591
2010-04-16,-0.1875457557986681,16.324,3.79,2.81,2.216828554930128,217.729
2010-04-23,2.109671286776704,16.496000000000002,3.84,2.74,2.3576257322038163,217.729
2010-04-30,-2.5129869179152164,20.37,3.69,2.72,2.3576257322038163,217.729
2010-05-07,-6.3883524986822815,28.538,3.45,2.62,2.3576257322038163,217.729
2010-05-14,2.2324687382181407,28.12,3.44,2.65,2.3576257322038163,217.729
2010-05-21,-4.225671847266799,37.12,3.2,2.44,2.3077899666621216,217.579
2010-05-28,0.1581418295744763,33.94,3.31,2.55,2.3077899666621216,217.579
2010-06-04,-2.2516801321135094,32.6625,3.2,2.48,2.3077899666621216,217.579
2010-06-11,2.5092001521866747,32.672000000000004,3.24,2.49,2.3077899666621216,217.579
2010-06-18,2.373583250199296,25.874,3.24,2.5,2.1408654682584904,217.224
2010-06-25,-3.6464997757421846,27.422000000000004,3.12,2.47,2.04250361712921,217.224
2010-07-02,-5.031761226679887,32.13,3.0,2.37,2.04250361712921,217.224
2010-07-09,5.41570761428154,26.795,3.07,2.44,2.04250361712921,217.224
2010-07-16,-1.2133990619940915,25.054,2.96,2.35,1.903925289840092,216.929
2010-07-23,3.5478203293931365,24.728,3.02,2.42,1.1517352967233885,216.929
2010-07-30,-0.0961364845819101,23.56,2.94,2.39,1.1517352967233885,216.929
2010-08-06,1.8191756995855848,22.138,2.86,2.36,1.1517352967233885,216.929
2010-08-13,-3.779288728543096,24.374,2.68,2.14,1.4632167453918932,217.597
2010-08-20,-0.7004918780403102,25.39,2.62,2.13,1.45848584177668,217.597
2010-08-27,-0.6625027735747024,26.328,2.66,2.1,1.45848584177668,217.597
2010-09-03,3.74980464094008,24.33,2.72,2.2,1.45848584177668,217.597
2010-09-10,0.4563144759158311,22.9625,2.81,2.23,1.45848584177668,217.597
2010-09-17,1.445623566879961,21.72,2.75,2.27,1.7163319640600694,218.15
2010-09-24,2.050487195679618,22.388,2.62,2.17,1.263531203000534,218.15
2010-10-01,-0.2115536766843062,22.918,2.54,2.12,1.263531203000534,218.15
2010-10-08,1.6497447603290194,21.81,2.41,2.06,1.263531203000534,218.15
2010-10-15,0.9475103429482656,19.2275,2.59,2.22,1.3665818742224944,218.372
2010-10-22,0.5857909854423582,19.512,2.59,2.24,1.1960647107618128,218.372
2010-10-29,0.0152190652893846,20.572,2.63,2.29,1.1960647107618128,218.372
2010-11-05,3.599375071312383,19.948,2.58,2.2,1.1960647107618128,218.372
2010-11-12,-2.1731871908472256,19.1125,2.76,2.25,1.1960647107618128,218.372
2010-11-19,0.0433635099931439,20.266,2.88,2.36,1.4310142684356597,218.879
2010-11-26,-0.8610234155065011,20.195,2.87,2.36,1.1525752709291348,218.879
2010-12-03,2.968718328455755,20.766,3.03,2.54,1.1525752709291348,218.879
2010-12-10,1.2811248358388427,17.722,3.32,2.68,1.1525752709291348,218.879
2010-12-17,0.2829740161673255,17.32,3.33,2.72,1.2759664486909903,219.146
2010-12-24,1.0338356471288668,16.205,3.41,2.74,0.8727272727272695,219.146
2010-12-31,0.0692246873864821,17.548000000000002,3.3,2.69,0.8727272727272695,219.146
2011-01-07,1.1020630061168155,17.31,3.34,2.74,0.8727272727272695,219.146
2011-01-14,1.7097908167027054,16.503999999999998,3.35,2.76,1.3818181818181952,220.252
2011-01-21,-0.7647470479663299,17.409999999999997,3.44,2.81,1.246201865395502,220.252
2011-01-28,-0.5462274437200487,17.613999999999997,3.36,2.82,1.246201865395502,220.252
2011-02-04,2.7053943480240594,17.416,3.68,2.91,1.246201865395502,220.252
2011-02-11,1.3944959732822948,15.948,3.64,2.79,1.246201865395502,220.252
2011-02-18,1.042770574952412,16.412,3.59,2.81,1.766839759879213,221.062
2011-02-25,-1.7222511161215426,20.8675,3.42,2.7,1.5970623244955018,221.062
2011-03-04,0.0962223479825219,19.544,3.49,2.81,1.5970623244955018,221.062
2011-03-11,-1.276917443548431,20.532,3.4,2.76,1.5970623244955018,221.062
2011-03-18,-1.9221384822467933,25.132,3.28,2.67,2.152242551255368,222.27
2011-03-25,2.704019586063477,19.18,3.46,2.67,2.1503646750095307,222.27
2011-04-01,1.416500583034841,18.09,3.46,2.66,2.1503646750095307,222.27
2011-04-08,-0.3182196265119952,17.326,3.59,2.76,2.1503646750095307,222.27
2011-04-15,-0.6392246439436033,16.438,3.43,2.72,2.645949781609236,223.49
2011-04-22,1.341230484017908,15.6375,3.42,2.74,2.645949781609236,223.49
2011-04-29,1.9612959946300637,15.222,3.32,2.71,2.645949781609236,223.49
2011-05-06,-1.7167690491538878,17.274,3.19,2.62,2.645949781609236,223.49
2011-05-13,-0.1813111273806789,16.624000000000002,3.18,2.61,3.0790569928672795,224.433
2011-05-20,-0.3363806883321274,16.994,3.15,2.6,3.150120186231198,224.433
2011-05-27,-0.1627610246629163,17.046,3.07,2.59,3.150120186231198,224.433
2011-06-03,-2.3243889996039213,17.447499999999998,2.99,2.57,3.150120186231198,224.433
2011-06-10,-2.2443432303584143,18.396,2.99,2.58,3.150120186231198,224.433
2011-06-17,0.0409148483250021,20.754,2.94,2.56,3.320632965497583,224.804
2011-06-24,-0.2398780045713699,19.552,2.88,2.53,3.4894855080469966,224.804
2011-07-01,5.614734164926238,17.878,3.22,2.72,3.4894855080469966,224.804
2011-07-08,0.3082852304922445,16.075,3.03,2.63,3.4894855080469966,224.804
2011-07-15,-2.0583444838991327,19.7,2.94,2.57,3.2593083637167286,224.304
2011-07-22,2.194295786267597,18.866,2.99,2.59,3.3997298655320307,224.304
2011-07-29,-3.921130501295833,22.31,2.82,2.46,3.3997298655320307,224.304
2011-08-05,-7.1888462491066285,27.098000000000003,2.58,2.3,3.3997298655320307,224.304
2011-08-12,-1.7150482920608945,40.282,2.24,2.04,3.3997298655320307,224.304
2011-08-19,-4.6894772312021775,36.404,2.07,1.87,3.597476068144334,225.425
2011-08-26,4.74130803291366,37.992,2.19,1.99,3.597476068144334,225.425
2011-09-02,-0.2404892936415326,32.506,2.02,1.82,3.597476068144334,225.425
2011-09-09,-1.6814731830450569,35.805,1.93,1.76,3.597476068144334,225.425
2011-09-16,5.352488701756397,34.61,2.08,1.9,3.984889497557398,226.268
2011-09-23,-6.544350409584688,37.102,1.84,1.61,3.721292688517064,226.268
2011-09-30,-0.4408550926003007,39.922,1.92,1.67,3.721292688517064,226.268
2011-10-07,2.124756152309204,39.31,2.1,1.8,3.721292688517064,226.268
2011-10-14,5.982032909310497,30.765,2.26,1.98,3.721292688517064,226.268
2011-10-21,1.116304727814943,33.098,2.23,1.93,3.9304489586577054,226.955
2011-10-28,3.782755164168172,28.266,2.34,2.06,3.9304489586577054,226.955
2011-11-04,-2.4792027172374054,31.626,2.06,1.84,3.9304489586577054,226.955
2011-11-11,-1.0796126415531735,31.575,2.04,1.8,3.9304489586577054,226.955
2011-11-18,-1.9399796487108325,32.474000000000004,2.01,1.72,3.601990140671329,226.763
2011-11-25,-4.687202675475133,33.3325,1.97,1.69,3.601990140671329,226.763
2011-12-02,7.388642331690698,29.1,2.05,1.8,3.601990140671329,226.763
2011-12-09,0.8768052088355072,28.322000000000003,2.07,1.85,3.601990140671329,226.763
2011-12-16,-2.830639893971476,25.304,1.86,1.62,3.456143392989164,226.72
2011-12-23,3.744479657867639,22.292,2.03,1.75,3.456143392989164,226.72
2011-12-30,-0.6109063040641294,22.87,1.89,1.64,3.456143392989164,226.72
2012-01-06,1.6070358937782414,21.825,1.98,1.73,3.456143392989164,226.72
2012-01-13,0.8827530469572409,20.838,1.89,1.65,3.456143392989164,226.72
2012-01-20,2.039426243285547,20.31,2.05,1.79,2.9488949022029365,226.747
2012-01-27,0.0722187632736348,18.598000000000003,1.93,1.71,2.9488949022029365,226.747
2012-02-03,2.170433653656678,18.494,1.97,1.74,2.9488949022029365,226.747
2012-02-10,-0.1680429566955799,18.598,1.96,1.69,2.9488949022029365,226.747
2012-02-17,1.3845830317503305,19.344,2.01,1.72,3.3240078842433185,227.505
2012-02-24,0.3313187213281887,17.622500000000002,1.98,1.67,2.914566954067177,227.505
2012-03-02,0.2848283477274504,17.826,1.99,1.71,2.914566954067177,227.505
2012-03-09,0.0905346867368761,18.61,2.04,1.71,2.914566954067177,227.505
2012-03-16,2.42911792852234,15.128,2.31,1.94,3.334358686703265,228.433
2012-03-23,-0.5027922810483365,15.228,2.25,1.88,2.772753857920529,228.433
2012-03-30,0.8131060167538617,15.26,2.23,1.9,2.772753857920529,228.433
2012-04-06,-0.7376809491543956,16.11,2.19,1.84,2.772753857920529,228.433
2012-04-13,-1.9898680449985884,19.194,2.02,1.75,3.0719395330004007,229.098
2012-04-20,0.6035365165961926,18.49,1.99,1.7,2.509284531746392,229.098
2012-04-27,1.801190799401886,17.29,1.96,1.7,2.509284531746392,229.098
2012-05-04,-2.441284497437224,17.47,1.91,1.64,2.509284531746392,229.098
2012-05-11,-1.147466307621292,19.358,1.84,1.57,2.509284531746392,229.098
2012-05-18,-4.298099093070595,23.14,1.71,1.39,2.1137711477367427,229.177
2012-05-25,1.7448754726711702,22.024,1.75,1.45,2.1137711477367427,229.177
2012-06-01,-3.018614746163273,23.9725,1.47,1.22,2.1137711477367427,229.177
2012-06-08,3.7260174690707526,23.182,1.65,1.37,2.1137711477367427,229.177
2012-06-15,1.2959530496260196,22.542,1.6,1.31,1.82415241965308,228.527
2012-06-22,-0.5823438747807441,18.426,1.69,1.38,1.6561093218981693,228.527
2012-06-29,2.032929413145945,19.268,1.67,1.34,1.6561093218981693,228.527
2012-07-06,-0.5491264081356362,17.015,1.57,1.3,1.6561093218981693,228.527
2012-07-13,0.1550163509224988,17.944,1.52,1.27,1.6561093218981693,228.527
2012-07-20,0.4333793802861141,16.294,1.49,1.27,1.9232826877808584,228.618
2012-07-27,1.7106201061712234,18.532,1.58,1.33,1.9232826877808584,228.618
2012-08-03,0.3622026189141314,17.826,1.6,1.36,1.9232826877808584,228.618
2012-08-10,1.0697420533058777,15.456,1.65,1.38,1.9232826877808584,228.618
2012-08-17,0.8741945631662418,14.184,1.81,1.52,1.9700941579285256,228.723
2012-08-24,-0.4957148084448359,15.057999999999998,1.68,1.4,1.4630143063103065,228.723
2012-08-31,-0.3224400878998334,17.04,1.57,1.35,1.4630143063103065,228.723
2012-09-07,2.228105679717673,16.425,1.67,1.42,1.4630143063103065,228.723
2012-09-14,1.936823657421427,15.41,1.88,1.61,2.0747476987911684,230.102
2012-09-21,-0.3834158866876547,14.14,1.77,1.5,1.6944508282213944,230.102
2012-09-28,-1.3341081493709606,15.392,1.65,1.42,1.6944508282213944,230.102
2012-10-05,1.406290763854745,15.268,1.75,1.48,1.6944508282213944,230.102
2012-10-12,-2.213664357747813,16.0975,1.69,1.42,1.6944508282213944,230.102
2012-10-19,0.3219941127961201,15.53,1.79,1.49,2.2742941997984545,231.414
2012-10-26,-1.4827064707940596,17.942,1.78,1.48,1.9647066599105532,231.414
2012-11-02,0.1600641570755456,17.62666666666667,1.75,1.47,1.9647066599105532,231.414
2012-11-09,-2.428933444487358,18.436,1.61,1.34,1.9647066599105532,231.414
2012-11-16,-1.4472566624241123,17.2425,1.58,1.34,2.113194245555272,231.751
2012-11-23,3.6231152273980216,15.1925,1.7,1.41,2.1996533826065034,231.751
2012-11-30,0.4988843753381156,15.572,1.62,1.37,2.1996533826065034,231.751
2012-12-07,0.1334500209329236,16.54,1.64,1.39,2.1996533826065034,231.751
2012-12-14,-0.3166268523019488,16.226,1.72,1.48,1.8794953321308985,231.025
2012-12-21,1.172205950459437,16.956,1.77,1.51,1.898817925194085,231.025
2012-12-28,-1.9382561430561829,19.8775,1.73,1.46,1.898817925194085,231.025
2013-01-04,4.566353724574923,15.2725,1.93,1.66,1.898817925194085,231.025
2013-01-11,0.3805109028127251,13.614,1.89,1.63,1.898817925194085,231.025
2013-01-18,0.946294703207573,13.303999999999998,1.87,1.61,1.8785285815102304,230.979
2013-01-25,1.1426789520672775,12.6175,1.98,1.7,1.8663973503508344,230.979
2013-02-01,0.6793316703822105,13.675999999999998,2.04,1.77,1.8663973503508344,230.979
2013-02-08,0.3145720327118129,13.663999999999998,1.99,1.74,1.8663973503508344,230.979
2013-02-15,0.1225343254134259,12.736,2.01,1.72,1.8663973503508344,230.979
2013-02-22,-0.2757001538940984,14.095,1.97,1.7,1.8345350675893048,231.198
2013-03-01,0.1715476133425264,16.291999999999998,1.86,1.61,1.6232610272301828,231.198
2013-03-08,2.1723161375157174,13.334,2.06,1.79,1.6232610272301828,231.198
2013-03-15,0.613719692834036,11.652,2.01,1.76,2.3142348519812783,232.77
2013-03-22,-0.244117168106317,13.596,1.93,1.67,1.8985873319529167,232.77
2013-03-29,0.7900318353952551,13.09,1.87,1.62,1.8985873319529167,232.77
2013-04-05,-1.0138933273506123,13.675999999999998,1.72,1.48,1.8985873319529167,232.77
2013-04-12,2.2899892883554207,12.538,1.75,1.53,1.8985873319529167,232.77
2013-04-19,-2.114735569892079,16.054,1.73,1.49,1.4151149289823417,232.34
2013-04-26,1.7354116852194237,13.742,1.7,1.48,1.4151149289823417,232.34
2013-05-03,2.0338288698019014,13.632,1.78,1.56,1.4151149289823417,232.34
2013-05-10,1.194231160525372,12.774,1.9,1.64,1.4151149289823417,232.34
2013-05-17,2.067088237777459,12.73,1.95,1.69,1.0419121947812693,231.485
2013-05-24,-1.0716831745792854,13.654,2.01,1.75,1.0070818624905664,231.485
2013-05-31,-1.1433065973987633,15.035,2.16,1.86,1.0070818624905664,231.485
2013-06-07,0.7751091359831541,16.363999999999997,2.17,1.85,1.0070818624905664,231.485
2013-06-14,-1.013157295609779,16.932,2.14,1.85,1.0070818624905664,231.485
2013-06-21,-2.1085199860845227,17.887999999999998,2.52,2.14,1.4457810236864876,231.831
2013-06-28,0.8697383947045001,17.901999999999997,2.52,2.16,1.4457810236864876,231.831
2013-07-05,1.5943661680692722,15.975,2.73,2.33,1.4457810236864876,231.831
2013-07-12,2.959753802293963,14.238,2.61,2.24,1.4457810236864876,231.831
2013-07-19,0.7082547110181192,13.66,2.5,2.18,1.932813190563909,232.944
2013-07-26,-0.025999882697536,12.764,2.58,2.27,1.892239456210798,232.944
2013-08-02,1.0652333089695487,13.03,2.63,2.33,1.892239456210798,232.944
2013-08-09,-1.0674574351133503,12.736,2.57,2.25,1.892239456210798,232.944
2013-08-16,-2.104154318025553,13.452000000000002,2.84,2.48,2.0558311244084138,233.318
2013-08-23,0.4632144694125317,14.938,2.82,2.42,2.00898029494192,233.318
2013-08-30,-1.8352888065449324,16.413999999999998,2.78,2.39,2.00898029494192,233.318
2013-09-06,1.3594905993665307,16.0275,2.94,2.48,2.00898029494192,233.318
2013-09-13,1.9828745940104089,14.486,2.9,2.45,2.00898029494192,233.318
2013-09-20,1.2985885030200262,13.756,2.75,2.41,1.488035740671534,233.526
2013-09-27,-1.0620461788447,14.384,2.64,2.3,1.488035740671534,233.526
2013-10-04,-0.0738879858135033,16.630000000000003,2.66,2.33,1.488035740671534,233.526
2013-10-11,0.7512541361653247,18.31,2.7,2.35,1.488035740671534,233.526
2013-10-18,2.424850282534874,14.9725,2.6,2.27,1.488035740671534,233.526
2013-10-25,0.8753235615505783,13.24,2.53,2.21,0.9126500557442574,233.526
2013-11-01,0.1062636081097467,13.48,2.65,2.32,1.094575090530392,233.947
2013-11-08,0.5091829561395977,13.136,2.77,2.45,1.094575090530392,233.947
2013-11-15,1.5570943678994809,12.475,2.71,2.4,1.094575090530392,233.947
2013-11-22,0.3659230921346568,12.962,2.75,2.44,0.8875905605585155,233.808
2013-11-29,0.058182186132405,13.07,2.75,2.47,0.8875905605585155,233.808
2013-12-06,-0.0398764404933138,14.47,2.88,2.58,0.8875905605585155,233.808
2013-12-13,-1.6492263596247558,14.824000000000002,2.88,2.54,0.8875905605585155,233.808
2013-12-20,2.422098624525826,14.796,2.89,2.52,1.2388269667784837,233.887
2013-12-27,1.2693078669737456,12.5775,3.02,2.62,1.2388269667784837,233.887
2014-01-03,-0.5446958381607803,13.8175,3.01,2.6,1.2388269667784837,233.887
2014-01-10,0.6006432359014546,12.874,2.88,2.49,1.2388269667784837,233.887
2014-01-17,-0.199202329338799,12.562,2.84,2.44,1.5396602099339909,234.582
2014-01-24,-2.632833708323179,14.405,2.75,2.38,1.5598820672009015,234.582
2014-01-31,-0.4301019987923093,17.254,2.67,2.33,1.5598820672009015,234.582
2014-02-07,0.8094993233229042,18.604,2.71,2.41,1.5598820672009015,234.582
2014-02-14,2.315499265412546,14.356,2.75,2.43,1.5598820672009015,234.582
2014-02-21,-0.1294444709643571,14.71,2.73,2.4,1.6423160290217398,234.933
2014-02-28,1.2634418609598352,14.057999999999998,2.66,2.33,1.6154984039654208,234.933
2014-03-07,0.999762745908228,14.462,2.8,2.42,1.6154984039654208,234.933
2014-03-14,-1.9653486300597045,15.502,2.65,2.29,1.6154984039654208,234.933
2014-03-21,1.3790451831810602,14.96,2.75,2.3,1.0306310950723985,235.169
2014-03-28,-0.4768244819735479,14.614,2.73,2.28,1.0306310950723985,235.169
2014-04-04,0.4021258773462932,13.48,2.74,2.31,1.0306310950723985,235.169
2014-04-11,-2.6486671055749977,15.44,2.63,2.26,1.0306310950723985,235.169
2014-04-18,2.707512613172991,14.815,2.73,2.3,1.420332271670821,235.64
2014-04-25,-0.0777516256458832,13.418,2.68,2.25,1.420332271670821,235.64
2014-05-02,0.952022646879236,13.45,2.6,2.18,1.420332271670821,235.64
2014-05-09,-0.1414054328212621,13.368,2.62,2.22,1.420332271670821,235.64
2014-05-16,-0.0330051490371907,12.428,2.52,2.14,1.684600154945337,236.254
2014-05-23,1.2072275953560083,12.136,2.54,2.17,2.0601766853143744,236.254
2014-05-30,1.212289026588631,11.54,2.48,2.11,2.0601766853143744,236.254
2014-06-06,1.344894952590403,11.588,2.6,2.19,2.0601766853143744,236.254
2014-06-13,-0.6812165352979682,11.696000000000002,2.6,2.15,2.0601766853143744,236.254
2014-06-20,1.3795327073165442,11.358,2.63,2.13,2.265443361759223,237.083
2014-06-27,-0.0973082366350741,11.518,2.54,2.09,2.265443361759223,237.083
2014-07-04,1.2483671750771697,10.965,2.65,2.13,2.265443361759223,237.083
2014-07-11,-0.900052161967213,11.926,2.53,2.05,2.265443361759223,237.083
2014-07-18,0.541278058965533,12.276,2.5,1.99,1.7768218971083272,237.083
2014-07-25,0.0060658126479706,12.22,2.48,1.95,2.038687409849582,237.693
2014-08-01,-2.688614814703749,14.63,2.52,2.05,2.038687409849582,237.693
2014-08-08,0.3345163402634021,16.157999999999998,2.44,1.99,2.038687409849582,237.693
2014-08-15,1.2150659916826625,13.366,2.34,1.92,2.038687409849582,237.693
2014-08-22,1.705316707472071,11.908,2.4,1.87,1.9677007346196929,237.909
2014-08-29,0.7528651438000411,11.828,2.35,1.87,1.9677007346196929,237.909
2014-09-05,0.2166332644938373,12.335,2.46,1.94,1.9677007346196929,237.909
2014-09-12,-1.1042392729200712,13.03,2.62,2.04,1.9677007346196929,237.909
2014-09-19,1.252051576018598,12.728,2.59,2.0,1.6709060233121686,237.428
2014-09-26,-1.3703764670493612,14.476,2.54,1.95,1.6709060233121686,237.428
2014-10-03,-0.753962798797081,15.942000000000002,2.45,1.88,1.6709060233121686,237.428
2014-10-10,-3.1388799616302587,17.554,2.31,1.86,1.6709060233121686,237.428
2014-10-17,-1.016194859089814,24.0575,2.22,1.83,1.6709060233121686,237.428
2014-10-24,4.124528073855527,17.032,2.29,1.88,1.7586906811233094,237.633
2014-10-31,2.721706113749489,14.826,2.35,1.85,1.7586906811233094,237.633
2014-11-07,0.6872968846952876,14.116,2.32,1.81,1.575570535206694,237.633
2014-11-14,0.3887900199267102,13.1975,2.32,1.78,1.575570535206694,237.633
2014-11-21,1.1608894085979091,13.658,2.31,1.78,1.579417560387597,237.642
2014-11-28,0.1967559289435483,12.5675,2.18,1.71,1.639807021145567,237.642
2014-12-05,0.3777427679204637,12.762,2.31,1.66,1.639807021145567,237.642
2014-12-12,-3.5193800145776,17.758,2.1,1.54,1.639807021145567,237.642
2014-12-19,3.412022383347724,19.346,2.17,1.5,1.3446664414866971,237.032
2014-12-26,0.8750932336263118,14.73,2.25,1.52,1.3446664414866971,237.032
2015-01-02,-1.4635440030987934,16.9925,2.12,1.46,1.3446664414866971,237.032
2015-01-09,-0.6505632540949824,18.982,1.98,1.39,1.3446664414866971,237.032
2015-01-16,-1.2416808368938992,20.996,1.83,1.34,0.9671337013173132,236.149
2015-01-23,1.604422245446413,17.95,1.81,1.29,0.6679966919883151,236.149
2015-01-30,-2.7697398520154404,18.582,1.68,1.21,0.6679966919883151,236.149
2015-02-06,3.03159317915398,17.845999999999997,1.95,1.3,0.6679966919883151,236.149
2015-02-13,2.019976945566704,16.554,2.02,1.36,0.6679966919883151,236.149
2015-02-20,0.6347220852619406,15.21,2.13,1.46,0.7203935309513465,236.284
2015-02-27,-0.2748447469043902,13.868,2.0,1.37,-0.1089672374677053,234.677
2015-03-06,-1.5794720947671648,14.074000000000002,2.24,1.51,-0.1089672374677053,234.677
2015-03-13,-0.8622822503050243,16.008000000000003,2.13,1.45,-0.1089672374677053,234.677
2015-03-20,2.663884187881038,14.466,1.93,1.33,-0.2092112480811758,234.677
2015-03-27,-2.233294243349393,14.668,1.95,1.37,0.0072288439377565,235.186
2015-04-03,0.2882039645399015,14.895,1.92,1.37,0.0072288439377565,235.186
2015-04-10,1.698150826314504,13.834,1.96,1.39,0.0072288439377565,235.186
2015-04-17,-0.993317334952526,13.388,1.87,1.36,0.242804111086059,235.74
2015-04-24,1.754293764347592,12.806,1.93,1.39,0.0424376167034612,235.74
2015-05-01,-0.4438752888209829,13.234,2.12,1.52,0.0424376167034612,235.74
2015-05-08,0.3704451687882137,14.06,2.16,1.57,0.0424376167034612,235.74
2015-05-15,0.3133066729614109,13.318,2.14,1.59,0.0424376167034612,235.74
2015-05-22,0.1568771419653059,12.54,2.21,1.57,-0.1151303258357439,235.982
2015-05-29,-0.8781579777183746,13.62,2.12,1.51,-0.1151303258357439,235.982
2015-06-05,-0.6908932468738804,14.158,2.41,1.68,-0.1151303258357439,235.982
2015-06-12,0.0611626003589327,13.922,2.39,1.65,-0.1151303258357439,235.982
2015-06-19,0.7583117409260876,14.37,2.26,1.61,-0.0219332470063227,237.031
2015-06-26,-0.402845512980643,13.228,2.49,1.77,-0.0219332470063227,237.031
2015-07-03,-1.1758305322569829,17.490000000000002,2.4,1.76,-0.0219332470063227,237.031
2015-07-10,-0.0077000022688511,17.912,2.42,1.77,-0.0219332470063227,237.031
2015-07-17,2.408710913307055,12.912,2.34,1.66,0.2965206277970145,237.786
2015-07-24,-2.209588487377101,12.594,2.27,1.57,0.0391260996327247,237.786
2015-07-31,1.1631854726900317,13.157999999999998,2.2,1.53,0.0391260996327247,237.786
2015-08-07,-1.2486699765089648,13.046,2.18,1.45,0.0391260996327247,237.786
2015-08-14,0.6724187509187907,13.174,2.2,1.47,0.0391260996327247,237.786
2015-08-21,-5.76847787566821,17.846,2.05,1.41,0.0798624684227977,238.099
2015-08-28,0.9122772115701894,31.846000000000004,2.19,1.47,0.0798624684227977,238.099
2015-09-04,-3.40143018800364,27.866,2.13,1.42,0.0798624684227977,238.099
2015-09-11,2.0731659431180605,24.675,2.2,1.49,0.0798624684227977,238.099
2015-09-18,-0.1540001252418155,22.312,2.13,1.44,0.0092472331858051,237.931
2015-09-25,-1.3631079747100094,22.36,2.17,1.47,0.2118536988055419,237.931
2015-10-02,1.036587026911473,24.49,1.99,1.41,0.2118536988055419,237.931
2015-10-09,3.255679616973861,18.368,2.12,1.47,0.2118536988055419,237.931
2015-10-16,0.9042662661814748,16.700000000000003,2.04,1.43,0.0581228835689229,237.566
2015-10-23,2.067764031217334,15.268,2.09,1.43,0.0581228835689229,237.566
2015-10-30,0.2028867925815802,14.946000000000002,2.16,1.41,-0.0281947372629209,237.566
2015-11-06,0.9541321716803886,14.716,2.34,1.44,-0.0281947372629209,237.566
2015-11-13,-3.628044678014541,17.564999999999998,2.28,1.42,-0.0281947372629209,237.566
2015-11-20,3.2688370736915884,17.262,2.26,1.33,0.1721141423960404,238.042
2015-11-27,0.0450028280146508,15.465,2.22,1.3,0.1683204147415073,238.042
2015-12-04,0.0755861606891006,15.925999999999998,2.28,1.32,0.1683204147415073,238.042
2015-12-11,-3.792146470606228,19.356,2.13,1.25,0.1683204147415073,238.042
2015-12-18,-0.3389012112887002,20.236,2.19,1.22,0.1973556862844061,238.111
2015-12-25,2.764325998179129,16.6525,2.25,1.22,0.4552127982719645,238.111
2016-01-01,-0.8272747033665206,17.1225,2.27,1.21,0.4552127982719645,238.111
2016-01-08,-5.964456667229657,22.526,2.13,1.19,0.4552127982719645,238.111
2016-01-15,-2.1695848975597065,24.592,2.03,1.18,0.4552127982719645,238.111
2016-01-22,1.4130535055200788,25.6675,2.07,1.19,0.7190375567967644,237.847
2016-01-29,1.7483856202978876,22.476,1.94,1.18,0.7190375567967644,237.847
2016-02-05,-3.1021905387579984,21.766,1.86,1.12,0.7190375567967644,237.847
2016-02-12,-0.8122134589325536,26.474,1.74,1.03,0.7190375567967644,237.847
2016-02-19,2.842158279654239,22.1475,1.76,1.0,0.8291375360471642,238.107
2016-02-26,1.5783885048770818,20.0,1.76,0.96,0.7715291767534049,238.107
2016-03-04,2.666252924943846,17.78,1.88,1.0,1.4615833677778411,238.107
2016-03-11,1.1100031140292677,17.782,1.98,1.01,1.4615833677778411,238.107
2016-03-18,1.3544789318703954,15.442000000000002,1.88,1.04,1.2911363278037546,237.707
2016-03-25,-0.6655088456572145,14.41,1.91,1.02,1.2911363278037546,237.707
2016-04-01,1.8094879490982985,13.934,1.79,1.03,1.071917546112422,237.707
2016-04-08,-1.2147962328389994,15.03,1.72,1.02,1.071917546112422,237.707
2016-04-15,1.6179920530294156,14.458000000000002,1.76,1.02,1.162484161472177,237.92
2016-04-22,0.5214563041863629,13.407999999999998,1.89,1.05,0.9247476032917534,237.92
2016-04-29,-1.256467757162505,14.546,1.83,1.06,0.9247476032917534,237.92
2016-05-06,-0.3951075416199323,15.392,1.79,1.05,0.9247476032917534,237.92
2016-05-13,-0.5118712278417648,14.468,1.71,0.95,0.9247476032917534,237.92
2016-05-20,0.2790020105775781,15.545999999999998,1.85,0.96,1.3362178671417535,238.89
2016-05-27,2.277422072461577,14.138,1.85,0.95,1.2322973786136115,238.89
2016-06-03,0.003326451687946,13.8725,1.71,0.93,1.2322973786136115,238.89
2016-06-10,-0.1457658469911082,14.69,1.64,0.91,1.2322973786136115,238.89
2016-06-17,-1.1855566295882691,20.078,1.62,0.92,1.4526531684619923,239.41
2016-06-24,-1.6323682178460253,20.206,1.57,0.93,1.0036661871231978,239.41
2016-07-01,3.216825081485153,17.928,1.46,0.87,1.0036661871231978,239.41
2016-07-08,1.2815307923451646,14.625,1.37,0.76,1.0036661871231978,239.41
2016-07-15,1.4949100591810982,13.124,1.6,0.89,1.22178111723783,239.927
2016-07-22,0.6147843460609259,12.188,1.57,0.86,0.9003894257862077,239.927
2016-07-29,-0.0657430757904142,12.668,1.46,0.79,0.9003894257862077,239.927
2016-08-05,0.4264822927292577,12.496,1.59,0.87,0.9003894257862077,239.927
2016-08-12,0.0540541386926607,11.688,1.51,0.8,0.9003894257862077,239.927
2016-08-19,-0.0082384394405998,11.882,1.58,0.82,0.8587553514504576,239.828
2016-08-26,-0.6790732657718235,13.076,1.62,0.78,0.7261685265372853,239.828
2016-09-02,0.5043678866794243,12.988,1.6,0.8,0.7261685265372853,239.828
2016-09-09,-2.393137659171629,13.4925,1.67,0.88,0.7261685265372853,239.828
2016-09-16,0.533405388783903,16.564,1.7,0.93,0.9265053612153018,240.305
2016-09-23,1.1934605333782766,13.812,1.62,0.85,0.9977682605461168,240.305
2016-09-30,0.1653852617190088,13.46,1.6,0.83,0.9977682605461168,240.305
2016-10-07,-0.6701208413155246,13.302,1.73,0.9,0.9977682605461168,240.305
2016-10-14,-0.9639051073832672,16.02,1.8,0.96,0.9977682605461168,240.305
2016-10-21,0.3834978159910962,14.598,1.74,0.9,1.446334913245173,241.002
2016-10-28,-0.688878953719485,14.454000000000002,1.86,1.0,1.446334913245173,241.002
2016-11-04,-1.938947906231792,19.906,1.79,0.99,1.446334913245173,241.002
2016-11-11,3.946903937607482,16.6425,2.15,1.23,1.446334913245173,241.002
2016-11-18,0.6652851239660196,13.553999999999998,2.34,1.27,1.6051789180060672,241.863
2016-11-25,1.441413296673999,12.4,2.36,1.24,1.6051789180060672,241.863
2016-12-02,-0.9668667648663364,13.514,2.4,1.29,1.6051789180060672,241.863
2016-12-09,3.083103156113109,12.108,2.47,1.32,1.6051789180060672,241.863
2016-12-16,-0.0646134779609175,12.708,2.6,1.32,1.7794222022502248,242.348
2016-12-23,0.253312365425451,11.46,2.55,1.33,1.7794222022502248,242.348
2016-12-30,-1.1025740243930326,13.0875,2.45,1.25,1.7794222022502248,242.348
