experiment_name,period1,period2,cosine_similarity,l2_distance,entropy_change,concentration_change,top_timestep1,top_timestep2,top_timestep_delta,signal_cosine,signal_l2,signal_entropy,signal_top_timestep,n_signals_fired
02b_vintage_sweep/baseline_h16_drop0.10,2020,2021,0.9975936309064422,0.016034075990319252,0.08118343353271484,-0.0012893714010715485,t-0,t-0,0,False,False,True,False,1
02b_vintage_sweep/baseline_h16_drop0.10,2021,2022,0.9867810579208666,0.038355398923158646,-0.23262715339660645,0.0038503073155879974,t-0,t-0,0,False,True,True,False,2
02b_vintage_sweep/baseline_h16_drop0.10,2022,2023,0.9759507485214907,0.05128725618124008,0.3576080799102783,-0.004568122327327728,t-0,t-0,0,False,True,True,False,2
02b_vintage_sweep/baseline_h16_drop0.10,2024,2025,0.9991718304719879,0.009151649661362171,-0.08579206466674805,0.00024249032139778137,t-0,t-0,0,False,False,True,False,1
02b_vintage_sweep/baseline_h20_drop0.30,2020,2021,0.9850838733919643,0.06592675298452377,0.12335824966430664,-0.024056099355220795,t-0,t-0,0,False,True,True,False,2
02b_vintage_sweep/baseline_h20_drop0.30,2021,2022,0.9696660118423828,0.09857995808124542,-0.19840097427368164,0.03828988969326019,t-0,t-0,0,False,True,True,False,2
02b_vintage_sweep/baseline_h20_drop0.30,2022,2023,0.9248236942753713,0.14717450737953186,0.3601267337799072,-0.054626062512397766,t-0,t-0,0,True,True,True,False,3
02b_vintage_sweep/baseline_h20_drop0.30,2023,2024,0.9805250470291624,0.05344545468688011,0.1069791316986084,-0.010654553771018982,t-0,t-0,0,False,True,True,False,2
02b_vintage_sweep/baseline_h16_drop0.20,2021,2022,0.9930469273937201,0.02685876190662384,-0.186171293258667,0.0015484429895877838,t-0,t-0,0,False,True,True,False,2
02b_vintage_sweep/baseline_h16_drop0.20,2022,2023,0.9884321809571932,0.0345434732735157,0.3108820915222168,-0.0017419643700122833,t-0,t-0,0,False,True,True,False,2
02b_vintage_sweep/baseline_h16_drop0.20,2024,2025,0.9994608611199975,0.007351996842771769,-0.07944226264953613,3.028661012649536e-06,t-0,t-0,0,False,False,True,False,1
02b_vintage_sweep/baseline_h12_drop0.20,2020,2021,0.9548975352246925,0.0711648240685463,-0.11788034439086914,0.006994742900133133,t-0,t-0,0,True,True,True,False,3
02b_vintage_sweep/baseline_h12_drop0.20,2022,2023,0.987909002367694,0.04224248230457306,-0.031042098999023438,0.008693553507328033,t-0,t-0,0,False,True,False,False,1
02b_vintage_sweep/baseline_h12_drop0.20,2023,2024,0.9926701748574104,0.03258494287729263,0.06300210952758789,-0.006060298532247543,t-0,t-0,0,False,True,True,False,2
02b_vintage_sweep/baseline_h12_drop0.20,2024,2025,0.9930351429287176,0.029677389189600945,0.0013463497161865234,-0.004381522536277771,t-0,t-0,0,False,True,False,False,1
02b_vintage_sweep/baseline_h10_drop0.15,2021,2022,0.9671068594555148,0.06104210019111633,-0.13919949531555176,0.0064414069056510925,t-0,t-0,0,False,True,True,False,2
02b_vintage_sweep/baseline_h10_drop0.15,2022,2023,0.9593594092711532,0.06754765659570694,0.31133103370666504,-0.0066629573702812195,t-0,t-0,0,True,True,True,False,3
02b_vintage_sweep/baseline_h10_drop0.15,2023,2024,0.9968556475193603,0.01778232492506504,-0.048674583435058594,-0.0003181435167789459,t-0,t-19,19,False,False,False,True,1
02b_vintage_sweep/baseline_h10_drop0.15,2024,2025,0.9986070277065711,0.011811131611466408,-0.08431887626647949,5.2616000175476074e-05,t-19,t-0,19,False,False,True,True,2
02b_vintage_sweep/baseline_h14_drop0.30,2021,2022,0.9985090255553956,0.012217739596962929,0.0006668567657470703,-6.034970283508301e-06,t-16,t-0,16,False,False,False,True,1
02b_vintage_sweep/baseline_h14_drop0.30,2023,2024,0.9997820527494773,0.004669613670557737,-0.0014460086822509766,3.345310688018799e-06,t-0,t-18,18,False,False,False,True,1
02b_vintage_sweep/baseline_h14_drop0.10,2020,2021,0.9859519788106157,0.04202885553240776,-0.14685606956481934,-0.005622651427984238,t-19,t-19,0,False,True,True,False,2
02b_vintage_sweep/baseline_h14_drop0.10,2021,2022,0.9768427204993674,0.05046103149652481,0.0006275177001953125,-0.0043276771903038025,t-19,t-19,0,False,True,False,False,1
02b_vintage_sweep/baseline_h14_drop0.10,2022,2023,0.9915369720086257,0.029577597975730896,0.21268367767333984,0.0009487234055995941,t-19,t-19,0,False,True,True,False,2
02b_vintage_sweep/baseline_h14_drop0.10,2023,2024,0.9957995779476916,0.021041402593255043,-0.06126832962036133,0.0008252151310443878,t-19,t-19,0,False,False,True,False,1
02b_vintage_sweep/baseline_h14_drop0.10,2024,2025,0.9977015947071592,0.015711313113570213,-0.07643532752990723,0.0007602088153362274,t-19,t-19,0,False,False,True,False,1
02b_vintage_sweep/baseline_h18_drop0.20,2021,2022,0.9814768500774946,0.04674999788403511,-0.07829570770263672,0.0056081898510456085,t-0,t-0,0,False,True,True,False,2
02b_vintage_sweep/baseline_h18_drop0.20,2022,2023,0.9702486527481592,0.058683618903160095,0.18035268783569336,-0.006406400352716446,t-0,t-0,0,False,True,True,False,2
02b_vintage_sweep/baseline_h18_drop0.20,2023,2024,0.9996576966953604,0.006017556879669428,-0.07018399238586426,0.0003929510712623596,t-0,t-0,0,False,False,True,False,1
02b_vintage_sweep/baseline_h18_drop0.20,2024,2025,0.999417516666522,0.007829139940440655,-0.05241799354553223,0.00032804161310195923,t-0,t-0,0,False,False,True,False,1
02b_vintage_sweep/baseline_h14_drop0.25,2020,2021,0.9989191092813698,0.010423732921481133,-0.05540060997009277,-6.35385513305664e-05,t-0,t-0,0,False,False,True,False,1
02b_vintage_sweep/baseline_h14_drop0.25,2021,2022,0.9904958073476361,0.031427983194589615,-0.030974149703979492,0.0018127933144569397,t-0,t-0,0,False,True,False,False,1
02b_vintage_sweep/baseline_h14_drop0.25,2022,2023,0.9862444006301031,0.03772067278623581,0.09256911277770996,-0.0019227638840675354,t-0,t-13,13,False,True,True,True,3
02b_vintage_sweep/baseline_h14_drop0.25,2023,2024,0.9992041340862049,0.00892945658415556,-0.00017023086547851562,-7.53253698348999e-05,t-13,t-0,13,False,False,False,True,1
02b_vintage_sweep/baseline_h10_drop0.10,2020,2021,0.9920195500966773,0.028572779148817062,0.00894927978515625,-0.0009296871721744537,t-0,t-0,0,False,True,False,False,1
02b_vintage_sweep/baseline_h10_drop0.10,2021,2022,0.8899381237203983,0.11645833402872086,-0.2395796775817871,0.014746405184268951,t-0,t-0,0,True,True,True,False,3
02b_vintage_sweep/baseline_h10_drop0.10,2022,2023,0.8943207308515221,0.11427916586399078,0.38885927200317383,-0.014723967760801315,t-0,t-0,0,True,True,True,False,3
02b_vintage_sweep/baseline_h10_drop0.10,2023,2024,0.9937018806691518,0.025256751105189323,-0.002724885940551758,0.00031818076968193054,t-0,t-19,19,False,True,False,True,2
02b_vintage_sweep/baseline_h10_drop0.10,2024,2025,0.9989269386024636,0.010440060868859291,-0.06765556335449219,-0.00026274099946022034,t-19,t-18,1,False,False,True,False,1
02b_vintage_sweep/baseline_h16_drop0.30,2021,2022,0.9966384079465952,0.01850689761340618,-0.12338399887084961,0.0007429793477058411,t-0,t-0,0,False,False,True,False,1
02b_vintage_sweep/baseline_h16_drop0.30,2022,2023,0.9931670216763294,0.026335209608078003,0.2807190418243408,-0.0008809193968772888,t-0,t-0,0,False,True,True,False,2
02b_vintage_sweep/baseline_h16_drop0.30,2024,2025,0.9979939521042472,0.014189009554684162,-0.08063125610351562,-7.568672299385071e-05,t-0,t-0,0,False,False,True,False,1
02b_vintage_sweep/baseline_h18_drop0.30,2020,2021,0.9981383304277646,0.014157922938466072,-0.07071876525878906,-0.0010651201009750366,t-0,t-0,0,False,False,True,False,1
02b_vintage_sweep/baseline_h18_drop0.30,2021,2022,0.9885382820903008,0.035963140428066254,-0.09821319580078125,0.0036834776401519775,t-0,t-0,0,False,True,True,False,2
02b_vintage_sweep/baseline_h18_drop0.30,2022,2023,0.9718451902343392,0.055667877197265625,0.1935715675354004,-0.004880428314208984,t-0,t-0,0,False,True,True,False,2
02b_vintage_sweep/baseline_h18_drop0.30,2023,2024,0.9989944228695532,0.010150827467441559,-0.06836128234863281,0.0003944896161556244,t-0,t-0,0,False,False,True,False,1
02b_vintage_sweep/baseline_h18_drop0.30,2024,2025,0.9992629917591124,0.008707460016012192,-0.05215644836425781,0.0002743937075138092,t-0,t-0,0,False,False,True,False,1
02b_vintage_sweep/baseline_h18_drop0.10,2020,2021,0.999956046800034,0.0022015515714883804,-0.06016182899475098,6.705522537231445e-08,t-0,t-0,0,False,False,True,False,1
02b_vintage_sweep/baseline_h18_drop0.10,2021,2022,0.9002101753764565,0.12773634493350983,-0.23445677757263184,0.02774752676486969,t-0,t-0,0,True,True,True,False,3
02b_vintage_sweep/baseline_h18_drop0.10,2022,2023,0.885396352332515,0.1358456313610077,0.31927919387817383,-0.029187526553869247,t-0,t-0,0,True,True,True,False,3
02b_vintage_sweep/baseline_h18_drop0.10,2024,2025,0.9959231412787739,0.021543245762586594,-0.056447505950927734,0.002332337200641632,t-0,t-0,0,False,False,True,False,1
02b_vintage_sweep/baseline_h14_drop0.20,2020,2021,0.9973587845133418,0.016403907909989357,-0.07764148712158203,-0.00031674280762672424,t-0,t-0,0,False,False,True,False,1
02b_vintage_sweep/baseline_h14_drop0.20,2021,2022,0.9894581239513994,0.033602215349674225,-0.06192207336425781,0.0026234500110149384,t-0,t-0,0,False,True,True,False,2
02b_vintage_sweep/baseline_h14_drop0.20,2022,2023,0.9824178340090556,0.043184876441955566,0.1605384349822998,-0.003028806298971176,t-0,t-11,11,False,True,True,True,3
02b_vintage_sweep/baseline_h14_drop0.20,2023,2024,0.9971998789474144,0.01677021011710167,-0.012223482131958008,-0.00019502267241477966,t-11,t-0,11,False,False,False,True,1
02b_vintage_sweep/baseline_h14_drop0.20,2024,2025,0.9993726251614989,0.00793619453907013,-0.06984329223632812,0.00011536106467247009,t-0,t-0,0,False,False,True,False,1
02b_vintage_sweep/baseline_h20_drop0.15,2020,2021,0.9936525901446999,0.040828995406627655,0.08791518211364746,-0.014125056564807892,t-0,t-0,0,False,True,True,False,2
02b_vintage_sweep/baseline_h20_drop0.15,2021,2022,0.9343055504094759,0.15771952271461487,-0.4317588806152344,0.06882088631391525,t-0,t-0,0,True,True,True,False,3
02b_vintage_sweep/baseline_h20_drop0.15,2022,2023,0.8216837401849859,0.2301766723394394,0.6660850048065186,-0.08783024549484253,t-0,t-0,0,True,True,True,False,3
02b_vintage_sweep/baseline_h20_drop0.15,2023,2024,0.9799162557693882,0.04943311959505081,0.015145063400268555,-0.006417755037546158,t-0,t-0,0,False,True,False,False,1
02b_vintage_sweep/baseline_h20_drop0.15,2024,2025,0.9930923440903623,0.028416594490408897,-0.0456998348236084,0.003323167562484741,t-0,t-0,0,False,True,False,False,1
02b_vintage_sweep/baseline_h18_drop0.15,2021,2022,0.9584997446105995,0.07358189672231674,-0.13474416732788086,0.011043921113014221,t-0,t-0,0,True,True,True,False,3
02b_vintage_sweep/baseline_h18_drop0.15,2022,2023,0.9485577895160421,0.0813339576125145,0.20238494873046875,-0.011659275740385056,t-0,t-0,0,True,True,True,False,3
02b_vintage_sweep/baseline_h18_drop0.15,2024,2025,0.9988995524059672,0.011091199703514576,-0.05074620246887207,0.0009940974414348602,t-0,t-0,0,False,False,True,False,1
02b_vintage_sweep/baseline_h12_drop0.10,2020,2021,0.9563494370825519,0.07354291528463364,-0.11320281028747559,0.010564934462308884,t-0,t-0,0,True,True,True,False,3
02b_vintage_sweep/baseline_h12_drop0.10,2021,2022,0.9951205105299831,0.02573675662279129,0.04658055305480957,-0.004392948001623154,t-0,t-0,0,False,True,False,False,1
02b_vintage_sweep/baseline_h12_drop0.10,2022,2023,0.9071046637494267,0.14465995132923126,-0.3496379852294922,0.0456620454788208,t-0,t-0,0,True,True,True,False,3
02b_vintage_sweep/baseline_h12_drop0.10,2024,2025,0.9532559537385398,0.10750459879636765,0.3054971694946289,-0.036427296698093414,t-0,t-0,0,True,True,True,False,3
02b_vintage_sweep/baseline_h20_drop0.10,2020,2021,0.993198932162835,0.053160347044467926,0.13320302963256836,-0.024017617106437683,t-0,t-0,0,False,True,True,False,2
02b_vintage_sweep/baseline_h20_drop0.10,2021,2022,0.9539493202591192,0.17110860347747803,-0.5306737422943115,0.09751187264919281,t-0,t-0,0,True,True,True,False,3
02b_vintage_sweep/baseline_h20_drop0.10,2022,2023,0.824535908627762,0.2799123227596283,0.8783059120178223,-0.13718773424625397,t-0,t-0,0,True,True,True,False,3
02b_vintage_sweep/baseline_h20_drop0.10,2023,2024,0.974567229363564,0.060131244361400604,0.02797222137451172,-0.010772936046123505,t-0,t-0,0,False,True,False,False,1
02b_vintage_sweep/baseline_h20_drop0.10,2024,2025,0.9929627460339814,0.0308732558041811,-0.05111408233642578,0.005297992378473282,t-0,t-0,0,False,True,True,False,2
02b_vintage_sweep/baseline_h14_drop0.15,2020,2021,0.9953282553655802,0.021662605926394463,-0.12770628929138184,0.00023616477847099304,t-19,t-0,19,False,False,True,True,2
02b_vintage_sweep/baseline_h14_drop0.15,2021,2022,0.9923336954845435,0.0282574612647295,-0.03734874725341797,0.0017009861767292023,t-0,t-0,0,False,True,False,False,1
02b_vintage_sweep/baseline_h14_drop0.15,2022,2023,0.9864299436483324,0.037452392280101776,0.14608001708984375,-0.0017564892768859863,t-0,t-13,13,False,True,True,True,3
02b_vintage_sweep/baseline_h14_drop0.15,2023,2024,0.9969512107392983,0.01749768853187561,-0.025251150131225586,-0.00010746344923973083,t-13,t-0,13,False,False,False,True,1
02b_vintage_sweep/baseline_h14_drop0.15,2024,2025,0.9995680057068729,0.0065903994254767895,-0.058614253997802734,0.0001142844557762146,t-0,t-0,0,False,False,True,False,1
02b_vintage_sweep/baseline_h12_drop0.15,2020,2021,0.968273464489903,0.059939708560705185,-0.08399438858032227,0.006370894610881805,t-0,t-0,0,False,True,True,False,2
02b_vintage_sweep/baseline_h12_drop0.15,2022,2023,0.9778111348371163,0.06020999699831009,-0.12131381034851074,0.014111712574958801,t-0,t-0,0,False,True,True,False,2
02b_vintage_sweep/baseline_h12_drop0.15,2023,2024,0.991865621913915,0.03672836720943451,0.07582640647888184,-0.008234605193138123,t-0,t-0,0,False,True,True,False,2
02b_vintage_sweep/baseline_h12_drop0.15,2024,2025,0.9833614109297939,0.0477270781993866,0.07082748413085938,-0.008604820817708969,t-0,t-0,0,False,True,True,False,2
02b_vintage_sweep/baseline_h10_drop0.20,2022,2023,0.9933106513680172,0.026811059564352036,0.06202411651611328,-0.0019083172082901,t-0,t-0,0,False,True,True,False,2
02b_vintage_sweep/baseline_h16_drop0.25,2021,2022,0.9964620224185343,0.01899946667253971,-0.1692037582397461,0.0008140057325363159,t-0,t-0,0,False,False,True,False,1
02b_vintage_sweep/baseline_h16_drop0.25,2022,2023,0.9941590074227548,0.02437339909374714,0.30388641357421875,-0.0009034313261508942,t-0,t-0,0,False,False,True,False,1
02b_vintage_sweep/baseline_h16_drop0.25,2024,2025,0.9990380985281537,0.009821862913668156,-0.08063697814941406,1.862645149230957e-06,t-0,t-0,0,False,False,True,False,1
02b_vintage_sweep/baseline_h12_drop0.30,2020,2021,0.9915940586603925,0.029452692717313766,-0.062096595764160156,0.0015158206224441528,t-0,t-0,0,False,True,True,False,2
02b_vintage_sweep/baseline_h12_drop0.30,2022,2023,0.9922932052892119,0.028789637610316277,-0.0017459392547607422,0.0023884065449237823,t-0,t-0,0,False,True,False,False,1
02b_vintage_sweep/baseline_h18_drop0.25,2020,2021,0.9970343525734261,0.018000159412622452,-0.06238079071044922,-0.0015988536179065704,t-0,t-0,0,False,False,True,False,1
02b_vintage_sweep/baseline_h18_drop0.25,2021,2022,0.9827648254696594,0.044384486973285675,-0.10149955749511719,0.004761647433042526,t-0,t-0,0,False,True,True,False,2
02b_vintage_sweep/baseline_h18_drop0.25,2022,2023,0.9687288461976525,0.05920299142599106,0.20039582252502441,-0.00570455938577652,t-0,t-0,0,False,True,True,False,2
02b_vintage_sweep/baseline_h18_drop0.25,2023,2024,0.9991606768225544,0.009340870194137096,-0.06933283805847168,0.0005458146333694458,t-0,t-0,0,False,False,True,False,1
02b_vintage_sweep/baseline_h18_drop0.25,2024,2025,0.9994374755159859,0.007626755628734827,-0.05065131187438965,0.00021913647651672363,t-0,t-0,0,False,False,True,False,1
02b_vintage_sweep/baseline_h20_drop0.20,2020,2021,0.9939210495915938,0.029693638905882835,0.03684043884277344,-0.0057653822004795074,t-0,t-0,0,False,True,False,False,1
02b_vintage_sweep/baseline_h20_drop0.20,2021,2022,0.9112696819517574,0.13748344779014587,-0.32137179374694824,0.04080415889620781,t-0,t-0,0,True,True,True,False,3
02b_vintage_sweep/baseline_h20_drop0.20,2022,2023,0.8079972348568064,0.18760895729064941,0.4332277774810791,-0.04724983870983124,t-0,t-0,0,True,True,True,False,3
02b_vintage_sweep/baseline_h20_drop0.20,2023,2024,0.9916317414682795,0.029500862583518028,-0.005476474761962891,-0.0014033243060112,t-0,t-11,11,False,True,False,True,2
02b_vintage_sweep/baseline_h20_drop0.20,2024,2025,0.9952440321020871,0.02213379554450512,-0.026987552642822266,0.0008341744542121887,t-11,t-0,11,False,False,False,True,1
02b_vintage_sweep/baseline_h12_drop0.25,2020,2021,0.9766260854177738,0.0499553307890892,-0.08768224716186523,0.0036458931863307953,t-0,t-0,0,False,True,True,False,2
02b_vintage_sweep/baseline_h12_drop0.25,2022,2023,0.9948313278221801,0.025059647858142853,-0.006912946701049805,0.0035490095615386963,t-0,t-0,0,False,True,False,False,1
02b_vintage_sweep/baseline_h12_drop0.25,2023,2024,0.994634914614905,0.02534787356853485,0.03131556510925293,-0.0032706744968891144,t-0,t-0,0,False,True,False,False,1
02b_vintage_sweep/baseline_h20_drop0.25,2020,2021,0.9963010547935197,0.03666416555643082,-0.020090103149414062,-0.010683029890060425,t-0,t-0,0,False,True,False,False,1
02b_vintage_sweep/baseline_h20_drop0.25,2021,2022,0.9988689287427079,0.02941751852631569,-0.09596514701843262,0.01796761155128479,t-0,t-0,0,False,True,True,False,2
02b_vintage_sweep/baseline_h20_drop0.25,2022,2023,0.9815095243847539,0.10915479809045792,0.329204797744751,-0.06156867742538452,t-0,t-0,0,False,True,True,False,2
02b_vintage_sweep/baseline_h20_drop0.25,2023,2024,0.971007919003193,0.09266309440135956,0.21387743949890137,-0.03508257120847702,t-0,t-0,0,False,True,True,False,2
02b_vintage_sweep/baseline_h20_drop0.25,2024,2025,0.9942295720616143,0.03709942474961281,-0.05691695213317871,0.012120656669139862,t-0,t-0,0,False,True,True,False,2
02b_vintage_sweep/baseline_h16_drop0.15,2021,2022,0.9930554688451498,0.02712244912981987,-0.20713090896606445,0.002001602202653885,t-0,t-0,0,False,True,True,False,2
02b_vintage_sweep/baseline_h16_drop0.15,2022,2023,0.9850616298058008,0.039532747119665146,0.29926443099975586,-0.002429600805044174,t-0,t-0,0,False,True,True,False,2
02b_vintage_sweep/baseline_h16_drop0.15,2024,2025,0.9996221674003632,0.006171863526105881,-0.07073068618774414,-2.5257468223571777e-06,t-0,t-0,0,False,False,True,False,1
00_baseline_exploration/sweep_lr_0.001,2020,2021,0.9711051153079571,0.06380250304937363,-0.07037782669067383,-0.012029815465211868,t-19,t-19,0,False,True,True,False,2
00_baseline_exploration/sweep_lr_0.001,2021,2022,0.983513572245363,0.04603205993771553,0.06352353096008301,0.0070502869784832,t-19,t-19,0,False,True,True,False,2
00_baseline_exploration/sweep_lr_0.001,2022,2023,0.9771936099063735,0.05348101630806923,0.5988152027130127,-0.00733504444360733,t-19,t-19,0,False,True,True,False,2
00_baseline_exploration/sweep_lr_0.001,2023,2024,0.9851935114938923,0.04396570473909378,-0.18376660346984863,0.007258206605911255,t-19,t-19,0,False,True,True,False,2
00_baseline_exploration/sweep_lr_0.001,2024,2025,0.9921035210568881,0.03307550027966499,-0.21188974380493164,0.004761137068271637,t-19,t-19,0,False,True,True,False,2
00_baseline_exploration/sweep2_h16_lr_0.0005,2021,2022,0.9859033760409435,0.03887147083878517,-0.2290053367614746,0.0030850060284137726,t-0,t-0,0,False,True,True,False,2
00_baseline_exploration/sweep2_h16_lr_0.0005,2022,2023,0.9759013329412464,0.0505295991897583,0.34380292892456055,-0.003452107310295105,t-0,t-0,0,False,True,True,False,2
00_baseline_exploration/sweep2_h16_lr_0.0005,2024,2025,0.9994644888231552,0.007334445137530565,-0.07024359703063965,0.0001296699047088623,t-0,t-0,0,False,False,True,False,1
00_baseline_exploration/sweep2_h16_lr_0.0007,2021,2022,0.989321497347383,0.03369349241256714,-0.22790265083312988,0.002524804323911667,t-0,t-0,0,False,True,True,False,2
00_baseline_exploration/sweep2_h16_lr_0.0007,2022,2023,0.980820331049423,0.04491131752729416,0.38897228240966797,-0.0028910376131534576,t-0,t-0,0,False,True,True,False,2
00_baseline_exploration/sweep2_h16_lr_0.0007,2024,2025,0.9992418258581751,0.008718493394553661,-0.08119678497314453,6.0770660638809204e-05,t-0,t-0,0,False,False,True,False,1
00_baseline_exploration/sweep2_h16_drop_0.2,2021,2022,0.9933073430595744,0.026341058313846588,-0.19277548789978027,0.0015021935105323792,t-0,t-0,0,False,True,True,False,2
00_baseline_exploration/sweep2_h16_drop_0.2,2022,2023,0.9881434076875054,0.034950096160173416,0.31424474716186523,-0.001713816076517105,t-0,t-0,0,False,True,True,False,2
00_baseline_exploration/sweep2_h16_drop_0.2,2024,2025,0.9995916750569708,0.006397894583642483,-0.07574224472045898,5.105137825012207e-05,t-0,t-0,0,False,False,True,False,1
00_baseline_exploration/sweep2_h16_enc_40,2021,2022,0.9971457878615526,0.012093499302864075,-0.25932931900024414,0.00038206204771995544,t-0,t-0,0,False,False,True,False,1
00_baseline_exploration/sweep2_h16_enc_40,2022,2023,0.9924820059991984,0.01957370527088642,0.326479434967041,-0.0005419161170721054,t-0,t-0,0,False,False,True,False,1
00_baseline_exploration/sweep2_h16_enc_40,2024,2025,0.9961855183675009,0.013932190835475922,-0.10186100006103516,0.00037194229662418365,t-0,t-0,0,False,False,True,False,1
00_baseline_exploration/sweep2_hidden_20,2020,2021,0.9951647493637135,0.029676668345928192,0.0681753158569336,-0.007759101688861847,t-0,t-0,0,False,True,True,False,2
00_baseline_exploration/sweep2_hidden_20,2021,2022,0.9341096061715998,0.12498980760574341,-0.30036211013793945,0.03999658674001694,t-0,t-0,0,True,True,True,False,3
00_baseline_exploration/sweep2_hidden_20,2022,2023,0.7830323516208165,0.20280960202217102,0.4490952491760254,-0.053085025399923325,t-0,t-0,0,True,True,True,False,3
00_baseline_exploration/sweep2_hidden_20,2023,2024,0.9923523881437211,0.028001192957162857,-0.001163482666015625,-0.0010108761489391327,t-0,t-14,14,False,True,False,True,2
00_baseline_exploration/sweep2_hidden_20,2024,2025,0.9970129186829173,0.01740715652704239,-0.05592489242553711,0.0003608390688896179,t-14,t-0,14,False,False,True,True,2
00_baseline_exploration/sweep2_h16_enc_30,2021,2022,0.9946526906889289,0.019251162186264992,-0.2563822269439697,0.0009306594729423523,t-0,t-0,0,False,False,True,False,1
00_baseline_exploration/sweep2_h16_enc_30,2022,2023,0.9893994000634243,0.027005258947610855,0.32798337936401367,-0.0011213794350624084,t-0,t-0,0,False,True,True,False,2
00_baseline_exploration/sweep2_h16_enc_30,2024,2025,0.9984512530441397,0.010206191800534725,-0.07725358009338379,0.00021710991859436035,t-0,t-0,0,False,False,True,False,1
00_baseline_exploration/sweep2_h16_enc_15,2021,2022,0.9861668251840554,0.043921079486608505,-0.1511998176574707,0.0030653104186058044,t-0,t-0,0,False,True,True,False,2
00_baseline_exploration/sweep2_h16_enc_15,2022,2023,0.9810627953170273,0.051274772733449936,0.2928886413574219,-0.003295518457889557,t-0,t-0,0,False,True,True,False,2
00_baseline_exploration/sweep2_h16_enc_15,2024,2025,0.9991125368691459,0.010891213081777096,-0.05281400680541992,6.0014426708221436e-05,t-0,t-0,0,False,False,True,False,1
00_baseline_exploration/sweep2_h16_drop_0.15,2021,2022,0.9859033760409435,0.03887147083878517,-0.2290053367614746,0.0030850060284137726,t-0,t-0,0,False,True,True,False,2
00_baseline_exploration/sweep2_h16_drop_0.15,2022,2023,0.9759013329412464,0.0505295991897583,0.34380292892456055,-0.003452107310295105,t-0,t-0,0,False,True,True,False,2
00_baseline_exploration/sweep2_h16_drop_0.15,2024,2025,0.9994644888231552,0.007334445137530565,-0.07024359703063965,0.0001296699047088623,t-0,t-0,0,False,False,True,False,1
00_baseline_exploration/sweep_hidden_64,2020,2021,0.9573465376573999,0.06985675543546677,0.32506585121154785,-0.007541384547948837,t-0,t-0,0,True,True,True,False,3
00_baseline_exploration/sweep_hidden_64,2021,2022,0.9531905595202529,0.0732576847076416,-0.20912981033325195,0.007869571447372437,t-0,t-0,0,True,True,True,False,3
00_baseline_exploration/sweep_hidden_64,2022,2023,0.989978971652636,0.03498334065079689,0.30146169662475586,-0.004810318350791931,t-0,t-0,0,False,True,True,False,2
00_baseline_exploration/sweep_hidden_64,2023,2024,0.9982085250403391,0.013847107999026775,-0.08485817909240723,-0.00029706209897994995,t-0,t-0,0,False,False,True,False,1
00_baseline_exploration/sweep_hidden_64,2024,2025,0.9857394510083657,0.038856685161590576,-0.13335275650024414,-0.0021272264420986176,t-0,t-0,0,False,True,True,False,2
00_baseline_exploration/sweep_dropout_0.15,2020,2021,0.9938864210323627,0.027437593787908554,-0.1331033706665039,0.0013114996254444122,t-19,t-19,0,False,True,True,False,2
00_baseline_exploration/sweep_dropout_0.15,2021,2022,0.9897359350077289,0.039433885365724564,0.04028034210205078,0.0074915699660778046,t-19,t-19,0,False,True,False,False,1
00_baseline_exploration/sweep_dropout_0.15,2022,2023,0.9887655133938953,0.03952986001968384,0.16076111793518066,-0.0037169307470321655,t-19,t-19,0,False,True,True,False,2
00_baseline_exploration/sweep_dropout_0.15,2023,2024,0.9942934464947698,0.027677230536937714,-0.0571441650390625,-0.0030780434608459473,t-19,t-19,0,False,True,True,False,2
00_baseline_exploration/sweep_dropout_0.15,2024,2025,0.9983363906122827,0.014402791857719421,-0.07146239280700684,-1.389533281326294e-06,t-19,t-19,0,False,False,True,False,1
00_baseline_exploration/sweep2_hidden_12,2020,2021,0.9132479316720642,0.10867508500814438,-0.23793649673461914,0.018683839589357376,t-0,t-0,0,True,True,True,False,3
00_baseline_exploration/sweep2_hidden_12,2021,2022,0.9921156987334538,0.03645162656903267,0.07541990280151367,-0.008862443268299103,t-0,t-0,0,False,True,True,False,2
00_baseline_exploration/sweep2_hidden_12,2022,2023,0.9328348473549324,0.1273568719625473,-0.3567392826080322,0.042387887835502625,t-0,t-0,0,True,True,True,False,3
00_baseline_exploration/sweep2_hidden_12,2023,2024,0.9991075450321552,0.014087443239986897,-0.05532717704772949,0.002247229218482971,t-0,t-0,0,False,False,True,False,1
00_baseline_exploration/sweep2_hidden_12,2024,2025,0.9747654930358362,0.08673183619976044,0.30901622772216797,-0.033126138150691986,t-0,t-0,0,False,True,True,False,2
00_baseline_exploration/sweep2_hidden_16,2021,2022,0.9859033760409435,0.03887147083878517,-0.2290053367614746,0.0030850060284137726,t-0,t-0,0,False,True,True,False,2
00_baseline_exploration/sweep2_hidden_16,2022,2023,0.9759013329412464,0.0505295991897583,0.34380292892456055,-0.003452107310295105,t-0,t-0,0,False,True,True,False,2
00_baseline_exploration/sweep2_hidden_16,2024,2025,0.9994644888231552,0.007334445137530565,-0.07024359703063965,0.0001296699047088623,t-0,t-0,0,False,False,True,False,1
00_baseline_exploration/sweep2_h16_lr_0.0008,2021,2022,0.9921235052809302,0.028772303834557533,-0.24314165115356445,0.0019457601010799408,t-0,t-0,0,False,True,True,False,2
00_baseline_exploration/sweep2_h16_lr_0.0008,2022,2023,0.9844155794697093,0.04026971757411957,0.39671802520751953,-0.0022908970713615417,t-0,t-0,0,False,True,True,False,2
00_baseline_exploration/sweep2_h16_lr_0.0008,2024,2025,0.9992237920021633,0.008820860646665096,-0.08371925354003906,6.80685043334961e-05,t-0,t-0,0,False,False,True,False,1
00_baseline_exploration/sweep2_h16_drop_0.3,2021,2022,0.9917674578357648,0.029020000249147415,-0.23078370094299316,0.0012505091726779938,t-0,t-0,0,False,True,True,False,2
00_baseline_exploration/sweep2_h16_drop_0.3,2022,2023,0.990438166724604,0.03125667944550514,0.30520129203796387,-0.0012796856462955475,t-0,t-0,0,False,True,True,False,2
00_baseline_exploration/sweep2_h16_drop_0.3,2024,2025,0.9994968012410671,0.007101753726601601,-0.07610702514648438,2.9791146516799927e-05,t-0,t-0,0,False,False,True,False,1
00_baseline_exploration/sweep2_h16_lr_0.0002,2021,2022,0.9782038686156745,0.04877547547221184,-0.21119976043701172,0.004307091236114502,t-0,t-0,0,False,True,True,False,2
00_baseline_exploration/sweep2_h16_lr_0.0002,2022,2023,0.9678801654425393,0.05888552963733673,0.3395528793334961,-0.004646211862564087,t-0,t-0,0,False,True,True,False,2
00_baseline_exploration/sweep2_h16_lr_0.0002,2024,2025,0.9995351282518172,0.006830064579844475,-0.07617354393005371,8.473917841911316e-05,t-0,t-0,0,False,False,True,False,1
00_baseline_exploration/sweep2_hidden_18,2021,2022,0.954538675243807,0.07568338513374329,-0.10197639465332031,0.010855007916688919,t-0,t-0,0,True,True,True,False,3
00_baseline_exploration/sweep2_hidden_18,2022,2023,0.9268748956031857,0.09454944729804993,0.1991593837738037,-0.012315131723880768,t-0,t-0,0,True,True,True,False,3
00_baseline_exploration/sweep2_hidden_18,2023,2024,0.9992969714302967,0.008538675494492054,-0.05179953575134277,0.0005003847181797028,t-0,t-0,0,False,False,True,False,1
00_baseline_exploration/exp004_attn1,2020,2021,0.983563875303732,0.04116446152329445,-0.19678831100463867,-0.0008446983993053436,t-0,t-19,19,False,True,True,True,3
00_baseline_exploration/exp004_attn1,2021,2022,0.9648633393985715,0.062181256711483,0.03732013702392578,0.004905782639980316,t-19,t-0,19,False,True,False,True,2
00_baseline_exploration/exp004_attn1,2022,2023,0.9511647673757438,0.07306937873363495,0.4011108875274658,-0.0038979724049568176,t-0,t-19,19,True,True,True,True,4
00_baseline_exploration/exp004_attn1,2023,2024,0.9982999239301388,0.013388440012931824,-0.1637258529663086,-0.0008926317095756531,t-19,t-19,0,False,False,True,False,1
00_baseline_exploration/exp004_attn1,2024,2025,0.9951006208357447,0.022472405806183815,-0.09363794326782227,0.0005266554653644562,t-19,t-19,0,False,False,True,False,1
00_baseline_exploration/sweep2_h16_lr_0.0003,2021,2022,0.9849593453266178,0.04030053690075874,-0.19100189208984375,0.0033672787249088287,t-0,t-0,0,False,True,True,False,2
00_baseline_exploration/sweep2_h16_lr_0.0003,2022,2023,0.9760686455074734,0.05055597051978111,0.3130350112915039,-0.0037507638335227966,t-0,t-0,0,False,True,True,False,2
00_baseline_exploration/sweep2_h16_lr_0.0003,2024,2025,0.999493180486475,0.007134951651096344,-0.0747835636138916,0.00012247636914253235,t-0,t-0,0,False,False,True,False,1
00_baseline_exploration/exp002_small,2020,2021,0.9989412175323076,0.010368609800934792,-0.05233955383300781,-0.00032043829560279846,t-0,t-0,0,False,False,True,False,1
00_baseline_exploration/exp002_small,2021,2022,0.9921649893096511,0.028622856363654137,-0.22803735733032227,0.00180806964635849,t-0,t-0,0,False,True,True,False,2
00_baseline_exploration/exp002_small,2022,2023,0.9865481847475205,0.037371713668107986,0.37065601348876953,-0.0020812153816223145,t-0,t-0,0,False,True,True,False,2
00_baseline_exploration/exp002_small,2024,2025,0.9990411074604443,0.009808638133108616,-0.07647562026977539,4.127994179725647e-05,t-0,t-0,0,False,False,True,False,1
00_baseline_exploration/sweep2_h16_enc_20,2021,2022,0.9859033760409435,0.03887147083878517,-0.2290053367614746,0.0030850060284137726,t-0,t-0,0,False,True,True,False,2
00_baseline_exploration/sweep2_h16_enc_20,2022,2023,0.9759013329412464,0.0505295991897583,0.34380292892456055,-0.003452107310295105,t-0,t-0,0,False,True,True,False,2
00_baseline_exploration/sweep2_h16_enc_20,2024,2025,0.9994644888231552,0.007334445137530565,-0.07024359703063965,0.0001296699047088623,t-0,t-0,0,False,False,True,False,1
00_baseline_exploration/sweep_combo1,2022,2023,0.9982177336418016,0.00819817278534174,0.09656691551208496,8.44225287437439e-05,t-0,t-0,0,False,False,True,False,1
00_baseline_exploration/sweep_combo1,2023,2024,0.9915794888140135,0.018088694661855698,-0.05741095542907715,-0.0011976566165685654,t-0,t-0,0,False,False,True,False,1
00_baseline_exploration/sweep_combo1,2024,2025,0.9935044401401667,0.015154602006077766,-0.07864189147949219,8.137896656990051e-06,t-0,t-0,0,False,False,True,False,1
00_baseline_exploration/sweep_encoder_20,2020,2021,0.9938864210323627,0.027437593787908554,-0.1331033706665039,0.0013114996254444122,t-19,t-19,0,False,True,True,False,2
00_baseline_exploration/sweep_encoder_20,2021,2022,0.9897359350077289,0.039433885365724564,0.04028034210205078,0.0074915699660778046,t-19,t-19,0,False,True,False,False,1
00_baseline_exploration/sweep_encoder_20,2022,2023,0.9887655133938953,0.03952986001968384,0.16076111793518066,-0.0037169307470321655,t-19,t-19,0,False,True,True,False,2
00_baseline_exploration/sweep_encoder_20,2023,2024,0.9942934464947698,0.027677230536937714,-0.0571441650390625,-0.0030780434608459473,t-19,t-19,0,False,True,True,False,2
00_baseline_exploration/sweep_encoder_20,2024,2025,0.9983363906122827,0.014402791857719421,-0.07146239280700684,-1.389533281326294e-06,t-19,t-19,0,False,False,True,False,1
00_baseline_exploration/sweep2_h16_enc_60,2021,2022,0.9954963309497048,0.012373819015920162,-0.1275787353515625,0.00021383538842201233,t-0,t-0,0,False,False,True,False,1
00_baseline_exploration/sweep2_h16_enc_60,2022,2023,0.9952208056120304,0.012755255214869976,0.1509871482849121,-0.0003038272261619568,t-0,t-0,0,False,False,True,False,1
00_baseline_exploration/sweep2_h16_enc_60,2024,2025,0.9857552018275024,0.022380921989679337,-0.10918283462524414,0.0008628852665424347,t-0,t-0,0,False,False,True,False,1
00_baseline_exploration/sweep_encoder_10,2021,2022,0.99639189697177,0.027420425787568092,0.01721358299255371,0.0008654221892356873,t-9,t-9,0,False,True,False,False,1
00_baseline_exploration/sweep_encoder_10,2022,2023,0.9925068688605,0.0395442470908165,0.10403609275817871,-0.0030390769243240356,t-9,t-9,0,False,True,True,False,2
00_baseline_exploration/sweep_encoder_10,2023,2024,0.9994536811768403,0.010636119171977043,-0.05336570739746094,0.0008832290768623352,t-9,t-9,0,False,False,True,False,1
00_baseline_exploration/sweep2_combo1,2020,2021,0.9844483402759246,0.028887540102005005,-0.061446189880371094,0.0015163980424404144,t-0,t-0,0,False,True,True,False,2
00_baseline_exploration/sweep2_combo1,2021,2022,0.9964248986814878,0.014023574069142342,0.0519251823425293,-0.000897236168384552,t-0,t-4,4,False,False,True,False,1
00_baseline_exploration/sweep2_combo1,2022,2023,0.9701191129132518,0.04300384595990181,-0.09870243072509766,0.004376664757728577,t-4,t-0,4,False,True,True,False,2
00_baseline_exploration/sweep2_hidden_8,2020,2021,0.9996768316203654,0.005695248022675514,-0.12213563919067383,9.182095527648926e-05,t-0,t-0,0,False,False,True,False,1
00_baseline_exploration/sweep2_hidden_8,2021,2022,0.9995228430268083,0.006920818705111742,0.08585333824157715,-0.00011203065514564514,t-0,t-0,0,False,False,True,False,1
00_baseline_exploration/sweep2_hidden_8,2022,2023,0.9989705887561017,0.01016172394156456,-0.019250154495239258,0.00011606886982917786,t-0,t-15,15,False,False,False,True,1
00_baseline_exploration/sweep2_hidden_8,2023,2024,0.9930912306509283,0.02655961364507675,-0.0816946029663086,0.0010121352970600128,t-15,t-0,15,False,True,True,True,3
00_baseline_exploration/sweep_lr_0.0007,2020,2021,0.9905104679558366,0.03542417660355568,-0.15476131439208984,-0.005772508680820465,t-19,t-19,0,False,True,True,False,2
00_baseline_exploration/sweep_lr_0.0007,2021,2022,0.9936874899781281,0.028108136728405952,0.12312459945678711,0.0037778615951538086,t-19,t-19,0,False,True,True,False,2
00_baseline_exploration/sweep_lr_0.0007,2022,2023,0.9856378526458893,0.04194708913564682,0.18822121620178223,-0.005363430827856064,t-19,t-19,0,False,True,True,False,2
00_baseline_exploration/sweep_lr_0.0007,2023,2024,0.996625886202261,0.01951933279633522,-0.07019281387329102,0.0014845170080661774,t-19,t-19,0,False,False,True,False,1
00_baseline_exploration/sweep_lr_0.0007,2024,2025,0.9974735257290889,0.017389852553606033,-0.10416197776794434,0.0019089728593826294,t-19,t-19,0,False,False,True,False,1
00_baseline_exploration/sweep_dropout_0.2,2020,2021,0.9612510371730599,0.08368556201457977,0.24352741241455078,-0.02175655961036682,t-19,t-19,0,False,True,True,False,2
00_baseline_exploration/sweep_dropout_0.2,2021,2022,0.9216846968956754,0.1312216967344284,-0.31493043899536133,0.04064740985631943,t-19,t-19,0,True,True,True,False,3
00_baseline_exploration/sweep_dropout_0.2,2022,2023,0.893253884531775,0.1483851671218872,0.4632110595703125,-0.04341007024049759,t-19,t-19,0,True,True,True,False,3
00_baseline_exploration/sweep_dropout_0.2,2023,2024,0.993461014852866,0.029088178649544716,-0.060951948165893555,0.004633631557226181,t-19,t-19,0,False,True,True,False,2
00_baseline_exploration/sweep_dropout_0.2,2024,2025,0.9987045368561014,0.013324752449989319,-0.13196992874145508,0.002179417759180069,t-19,t-19,0,False,False,True,False,1
00_baseline_exploration/sweep_hidden_16,2021,2022,0.9859033760409435,0.03887147083878517,-0.2290053367614746,0.0030850060284137726,t-0,t-0,0,False,True,True,False,2
00_baseline_exploration/sweep_hidden_16,2022,2023,0.9759013329412464,0.0505295991897583,0.34380292892456055,-0.003452107310295105,t-0,t-0,0,False,True,True,False,2
00_baseline_exploration/sweep_hidden_16,2024,2025,0.9994644888231552,0.007334445137530565,-0.07024359703063965,0.0001296699047088623,t-0,t-0,0,False,False,True,False,1
00_baseline_exploration/sweep2_h16_lr_0.0004,2021,2022,0.9901077203898501,0.03239835053682327,-0.18036603927612305,0.0023862235248088837,t-0,t-0,0,False,True,True,False,2
00_baseline_exploration/sweep2_h16_lr_0.0004,2022,2023,0.9800470792038688,0.04573016241192818,0.3713085651397705,-0.0028045475482940674,t-0,t-0,0,False,True,True,False,2
00_baseline_exploration/sweep2_h16_lr_0.0004,2024,2025,0.9992938373066228,0.00841880589723587,-0.07866048812866211,0.00010137632489204407,t-0,t-0,0,False,False,True,False,1
00_baseline_exploration/sweep_lr_0.0003,2020,2021,0.9926382712233921,0.031148143112659454,-0.0462493896484375,0.0027249008417129517,t-19,t-19,0,False,True,False,False,1
00_baseline_exploration/sweep_lr_0.0003,2021,2022,0.9853246599847563,0.05397173389792442,-0.07824230194091797,0.015114806592464447,t-19,t-19,0,False,True,True,False,2
00_baseline_exploration/sweep_lr_0.0003,2022,2023,0.9824961182523052,0.05746685713529587,0.3260819911956787,-0.014885932207107544,t-19,t-19,0,False,True,True,False,2
00_baseline_exploration/sweep_lr_0.0003,2023,2024,0.9955682688298104,0.02488991990685463,-0.07115483283996582,-0.0037621892988681793,t-19,t-19,0,False,False,True,False,1
00_baseline_exploration/sweep_lr_0.0003,2024,2025,0.997879350348435,0.017069483175873756,-0.10523605346679688,0.0024699531495571136,t-19,t-19,0,False,False,True,False,1
00_baseline_exploration/sweep2_h16_lr_0.0006,2021,2022,0.984400678948041,0.0409499891102314,-0.22710061073303223,0.003303542733192444,t-0,t-0,0,False,True,True,False,2
00_baseline_exploration/sweep2_h16_lr_0.0006,2022,2023,0.9737603448733055,0.052797600626945496,0.37671446800231934,-0.0036752931773662567,t-0,t-0,0,False,True,True,False,2
00_baseline_exploration/sweep2_h16_lr_0.0006,2024,2025,0.9994525699395412,0.007407601457089186,-0.07589292526245117,6.461143493652344e-05,t-0,t-0,0,False,False,True,False,1
00_baseline_exploration/sweep2_h16_drop_0.05,2020,2021,0.9830264703344757,0.04410663992166519,0.030220746994018555,-0.005037330090999603,t-0,t-0,0,False,True,False,False,1
00_baseline_exploration/sweep2_h16_drop_0.05,2021,2022,0.9589171361486714,0.07127419859170914,-0.24880051612854004,0.010175302624702454,t-0,t-0,0,True,True,True,False,3
00_baseline_exploration/sweep2_h16_drop_0.05,2022,2023,0.9430532884662377,0.0830087885260582,0.4080688953399658,-0.010904990136623383,t-0,t-0,0,True,True,True,False,3
00_baseline_exploration/sweep2_h16_drop_0.05,2024,2025,0.9982349741033787,0.013365852646529675,-0.09153580665588379,0.00041637197136878967,t-0,t-0,0,False,False,True,False,1
00_baseline_exploration/exp006_monthly,2021,2022,0.9992912165824624,0.010876044631004333,-0.00019168853759765625,-4.743039608001709e-05,t-0,t-10,10,False,False,False,True,1
00_baseline_exploration/sweep2_h16_drop_0.1,2020,2021,0.991934364469048,0.029674628749489784,-0.009909629821777344,-0.002722509205341339,t-0,t-0,0,False,True,False,False,1
00_baseline_exploration/sweep2_h16_drop_0.1,2021,2022,0.9760844487628721,0.05241677165031433,-0.21274948120117188,0.005993146449327469,t-0,t-0,0,False,True,True,False,2
00_baseline_exploration/sweep2_h16_drop_0.1,2022,2023,0.9592984291261876,0.0676255077123642,0.37972569465637207,-0.006770621985197067,t-0,t-0,0,True,True,True,False,3
00_baseline_exploration/sweep2_h16_drop_0.1,2024,2025,0.9988247283954959,0.010883011855185032,-0.08429670333862305,0.00026120617985725403,t-0,t-0,0,False,False,True,False,1
00_baseline_exploration/sweep_baseline,2020,2021,0.9711051153079571,0.06380250304937363,-0.07037782669067383,-0.012029815465211868,t-19,t-19,0,False,True,True,False,2
00_baseline_exploration/sweep_baseline,2021,2022,0.983513572245363,0.04603205993771553,0.06352353096008301,0.0070502869784832,t-19,t-19,0,False,True,True,False,2
00_baseline_exploration/sweep_baseline,2022,2023,0.9771936099063735,0.05348101630806923,0.5988152027130127,-0.00733504444360733,t-19,t-19,0,False,True,True,False,2
00_baseline_exploration/sweep_baseline,2023,2024,0.9851935114938923,0.04396570473909378,-0.18376660346984863,0.007258206605911255,t-19,t-19,0,False,True,True,False,2
00_baseline_exploration/sweep_baseline,2024,2025,0.9921035210568881,0.03307550027966499,-0.21188974380493164,0.004761137068271637,t-19,t-19,0,False,True,True,False,2
00_baseline_exploration/sweep2_hidden_10,2021,2022,0.9916510322758835,0.030665183439850807,-0.0010533332824707031,0.0032129473984241486,t-0,t-0,0,False,True,False,False,1
00_baseline_exploration/sweep2_hidden_10,2022,2023,0.9830163728408725,0.04327767342329025,0.18811488151550293,-0.0038355961441993713,t-0,t-9,9,False,True,True,True,3
00_baseline_exploration/sweep2_hidden_10,2023,2024,0.997327262411173,0.01657332107424736,-0.04001569747924805,-0.0007782243192195892,t-9,t-0,9,False,False,False,True,1
00_baseline_exploration/sweep2_hidden_10,2024,2025,0.9987632756218061,0.011194447986781597,-0.06369256973266602,0.0002337321639060974,t-0,t-0,0,False,False,True,False,1
00_baseline_exploration/sweep_hidden_32,2020,2021,0.9938864210323627,0.027437593787908554,-0.1331033706665039,0.0013114996254444122,t-19,t-19,0,False,True,True,False,2
00_baseline_exploration/sweep_hidden_32,2021,2022,0.9897359350077289,0.039433885365724564,0.04028034210205078,0.0074915699660778046,t-19,t-19,0,False,True,False,False,1
00_baseline_exploration/sweep_hidden_32,2022,2023,0.9887655133938953,0.03952986001968384,0.16076111793518066,-0.0037169307470321655,t-19,t-19,0,False,True,True,False,2
00_baseline_exploration/sweep_hidden_32,2023,2024,0.9942934464947698,0.027677230536937714,-0.0571441650390625,-0.0030780434608459473,t-19,t-19,0,False,True,True,False,2
00_baseline_exploration/sweep_hidden_32,2024,2025,0.9983363906122827,0.014402791857719421,-0.07146239280700684,-1.389533281326294e-06,t-19,t-19,0,False,False,True,False,1
00_baseline_exploration/sweep2_combo3,2021,2022,0.9985249095582528,0.010164890438318253,-0.07053947448730469,0.0005633383989334106,t-0,t-0,0,False,False,True,False,1
00_baseline_exploration/sweep2_combo3,2022,2023,0.9951106424374448,0.018411733210086823,0.1483016014099121,-0.0008869245648384094,t-0,t-0,0,False,False,True,False,1
00_baseline_exploration/sweep_combo3,2020,2021,0.9469933827209279,0.04292812943458557,0.19864869117736816,-0.0006124544888734818,t-28,t-59,31,True,True,True,True,4
00_baseline_exploration/sweep_combo3,2022,2023,0.9941648660429846,0.014128543436527252,0.2722280025482178,2.736225724220276e-05,t-59,t-59,0,False,False,True,False,1
00_baseline_exploration/sweep_combo3,2023,2024,0.9958719424623418,0.011877432465553284,-0.18395090103149414,-0.00019627995789051056,t-59,t-59,0,False,False,True,False,1
00_baseline_exploration/sweep_combo3,2024,2025,0.9977635878164777,0.00878545269370079,-0.13855910301208496,0.0002532247453927994,t-59,t-59,0,False,False,True,False,1
00_baseline_exploration/sweep_hidden_48,2020,2021,0.9961927358509202,0.043846312910318375,0.1593930721282959,-0.02203071117401123,t-0,t-0,0,False,True,True,False,2
00_baseline_exploration/sweep_hidden_48,2021,2022,0.9651965320366545,0.17390187084674835,-0.6398895978927612,0.11321386694908142,t-0,t-0,0,False,True,True,False,2
00_baseline_exploration/sweep_hidden_48,2022,2023,0.9852546028641614,0.12423970550298691,0.5559998750686646,-0.08660972118377686,t-0,t-0,0,False,True,True,False,2
00_baseline_exploration/sweep_hidden_48,2023,2024,0.9976318350168194,0.03380709886550903,0.05995583534240723,-0.016417652368545532,t-0,t-0,0,False,True,True,False,2
00_baseline_exploration/sweep_hidden_48,2024,2025,0.9977286268831246,0.035256002098321915,0.08077263832092285,-0.01834230124950409,t-0,t-0,0,False,True,True,False,2
00_baseline_exploration/sweep_lr_0.002,2020,2021,0.9832675541701156,0.046432092785835266,0.02200794219970703,-0.0074216946959495544,t-19,t-19,0,False,True,False,False,1
00_baseline_exploration/sweep_lr_0.002,2021,2022,0.9787292774673008,0.05297250300645828,0.0017719268798828125,0.008903011679649353,t-19,t-19,0,False,True,False,False,1
00_baseline_exploration/sweep_lr_0.002,2022,2023,0.979143112065819,0.0520489476621151,0.5671255588531494,-0.007972825318574905,t-19,t-19,0,False,True,True,False,2
00_baseline_exploration/sweep_lr_0.002,2023,2024,0.9960344106675204,0.021589595824480057,-0.20355653762817383,0.0023182742297649384,t-19,t-19,0,False,False,True,False,1
00_baseline_exploration/sweep_lr_0.002,2024,2025,0.9955730305913739,0.022601498290896416,-0.15832042694091797,0.0008617304265499115,t-19,t-19,0,False,False,True,False,1
00_baseline_exploration/sweep_lr_0.0005,2020,2021,0.9938864210323627,0.027437593787908554,-0.1331033706665039,0.0013114996254444122,t-19,t-19,0,False,True,True,False,2
00_baseline_exploration/sweep_lr_0.0005,2021,2022,0.9897359350077289,0.039433885365724564,0.04028034210205078,0.0074915699660778046,t-19,t-19,0,False,True,False,False,1
00_baseline_exploration/sweep_lr_0.0005,2022,2023,0.9887655133938953,0.03952986001968384,0.16076111793518066,-0.0037169307470321655,t-19,t-19,0,False,True,True,False,2
00_baseline_exploration/sweep_lr_0.0005,2023,2024,0.9942934464947698,0.027677230536937714,-0.0571441650390625,-0.0030780434608459473,t-19,t-19,0,False,True,True,False,2
00_baseline_exploration/sweep_lr_0.0005,2024,2025,0.9983363906122827,0.014402791857719421,-0.07146239280700684,-1.389533281326294e-06,t-19,t-19,0,False,False,True,False,1
00_baseline_exploration/sweep2_hidden_14,2020,2021,0.996045424438765,0.019980182871222496,-0.18707966804504395,-2.0977109670639038e-05,t-19,t-0,19,False,False,True,True,2
00_baseline_exploration/sweep2_hidden_14,2022,2023,0.9883474632710182,0.0346529595553875,0.10185360908508301,-0.0015654154121875763,t-0,t-13,13,False,True,True,True,3
00_baseline_exploration/sweep2_hidden_14,2023,2024,0.9983199369713516,0.013005056418478489,-0.010698318481445312,0.00014175474643707275,t-13,t-0,13,False,False,False,True,1
00_baseline_exploration/sweep2_hidden_14,2024,2025,0.9995284051099989,0.006893481127917767,-0.06349897384643555,-3.423541784286499e-06,t-0,t-0,0,False,False,True,False,1
00_baseline_exploration/sweep_dropout_0.3,2020,2021,0.9884683990650983,0.03483463078737259,0.03355097770690918,-0.0022592246532440186,t-19,t-19,0,False,True,False,False,1
00_baseline_exploration/sweep_dropout_0.3,2022,2023,0.99370044411526,0.025361763313412666,0.019753217697143555,-0.0007073432207107544,t-19,t-19,0,False,True,False,False,1
00_baseline_exploration/sweep_combo2,2020,2021,0.9982081727581077,0.00947609730064869,0.06524372100830078,-5.6974589824676514e-05,t-32,t-39,7,False,False,True,True,2
00_baseline_exploration/sweep_combo2,2021,2022,0.9950409755858757,0.015808863565325737,-0.03364086151123047,0.00023971498012542725,t-39,t-32,7,False,False,False,True,1
00_baseline_exploration/sweep_combo2,2022,2023,0.9898955052238304,0.022557035088539124,0.01837158203125,-0.00020798668265342712,t-32,t-39,7,False,False,False,True,1
00_baseline_exploration/sweep_combo2,2023,2024,0.995019739225138,0.01581254042685032,-0.10408186912536621,8.552521467208862e-05,t-39,t-39,0,False,False,True,False,1
00_baseline_exploration/sweep2_h16_enc_50,2021,2022,0.9976370518897069,0.009822838939726353,-0.25725221633911133,0.00013950839638710022,t-0,t-0,0,False,False,True,False,1
00_baseline_exploration/sweep2_h16_enc_50,2022,2023,0.9956035821344279,0.013404925353825092,0.3141500949859619,-0.00035717524588108063,t-0,t-0,0,False,False,True,False,1
00_baseline_exploration/sweep2_h16_enc_50,2024,2025,0.9930943705698901,0.016905447468161583,-0.09384346008300781,0.0005763210356235504,t-0,t-0,0,False,False,True,False,1
00_baseline_exploration/exp001_baseline,2020,2021,0.9711051153079571,0.06380250304937363,-0.07037782669067383,-0.012029815465211868,t-19,t-19,0,False,True,True,False,2
00_baseline_exploration/exp001_baseline,2021,2022,0.983513572245363,0.04603205993771553,0.06352353096008301,0.0070502869784832,t-19,t-19,0,False,True,True,False,2
00_baseline_exploration/exp001_baseline,2022,2023,0.9771936099063735,0.05348101630806923,0.5988152027130127,-0.00733504444360733,t-19,t-19,0,False,True,True,False,2
00_baseline_exploration/exp001_baseline,2023,2024,0.9851935114938923,0.04396570473909378,-0.18376660346984863,0.007258206605911255,t-19,t-19,0,False,True,True,False,2
00_baseline_exploration/exp001_baseline,2024,2025,0.9921035210568881,0.03307550027966499,-0.21188974380493164,0.004761137068271637,t-19,t-19,0,False,True,True,False,2
00_baseline_exploration/sweep2_combo2,2020,2021,0.9993554475894205,0.006559428758919239,0.021414756774902344,-1.86040997505188e-05,t-26,t-0,26,False,False,False,True,1
00_baseline_exploration/sweep2_combo2,2021,2022,0.9956264929850664,0.017149068415164948,-0.1039576530456543,0.00033167004585266113,t-0,t-0,0,False,False,True,False,1
00_baseline_exploration/sweep2_combo2,2022,2023,0.9948505520900643,0.01860439032316208,0.12627077102661133,-0.0003554932773113251,t-0,t-0,0,False,False,True,False,1
00_baseline_exploration/sweep2_combo2,2023,2024,0.9997395822553597,0.004166450351476669,-0.0032930374145507812,1.341104507446289e-05,t-0,t-29,29,False,False,False,True,1
00_baseline_exploration/sweep2_combo2,2024,2025,0.999643665863937,0.004875467624515295,-0.06154799461364746,-4.153698682785034e-06,t-29,t-0,29,False,False,True,True,2
00_baseline_exploration/exp003_large,2020,2021,0.9112798834345093,0.1142403781414032,0.3396265506744385,0.020961128175258636,t-19,t-19,0,True,True,True,False,3
00_baseline_exploration/exp003_large,2021,2022,0.9888483286906735,0.04086163267493248,-0.15111184120178223,-0.0013473331928253174,t-19,t-19,0,False,True,True,False,2
00_baseline_exploration/exp003_large,2022,2023,0.9658383546622898,0.09433319419622421,0.12951183319091797,0.03191359341144562,t-19,t-19,0,False,True,True,False,2
00_baseline_exploration/exp003_large,2023,2024,0.9973842776900628,0.03641018271446228,-0.22205662727355957,0.018259339034557343,t-19,t-19,0,False,True,True,False,2
00_baseline_exploration/exp003_large,2024,2025,0.9929913881483361,0.04190629720687866,-0.3111255168914795,-0.005051657557487488,t-19,t-19,0,False,True,True,False,2
00_baseline_exploration/sweep_encoder_40,2020,2021,0.9944626427572334,0.01672385446727276,0.0857400894165039,-0.00029673241078853607,t-38,t-38,0,False,False,True,False,1
00_baseline_exploration/sweep_encoder_40,2021,2022,0.9924000846788454,0.019619880244135857,-0.05821561813354492,0.0003941655158996582,t-38,t-38,0,False,False,True,False,1
00_baseline_exploration/sweep_encoder_40,2022,2023,0.9930868706288696,0.01871620863676071,0.07235193252563477,-0.00039873644709587097,t-38,t-39,1,False,False,True,False,1
00_baseline_exploration/sweep_encoder_40,2023,2024,0.9978156646341705,0.010458622127771378,-0.0026557445526123047,2.6205554604530334e-05,t-39,t-7,32,False,False,False,True,1
00_baseline_exploration/sweep_encoder_40,2024,2025,0.9995281858649488,0.0048612793907523155,-0.032122135162353516,-1.5847384929656982e-05,t-7,t-16,9,False,False,False,True,1
00_baseline_exploration/exp005_attn4,2020,2021,0.9949223127278725,0.022979596629738808,-0.2738063335418701,-0.0005206391215324402,t-18,t-19,1,False,False,True,False,1
00_baseline_exploration/exp005_attn4,2021,2022,0.9881224576183869,0.03646055981516838,0.17778229713439941,0.0036147236824035645,t-19,t-19,0,False,True,True,False,2
00_baseline_exploration/exp005_attn4,2022,2023,0.9719169196289722,0.05541597679257393,0.39597129821777344,-0.00467517226934433,t-19,t-19,0,False,True,True,False,2
00_baseline_exploration/exp005_attn4,2023,2024,0.9992344362381628,0.008806630969047546,-0.17101669311523438,-0.00027346983551979065,t-19,t-19,0,False,False,True,False,1
00_baseline_exploration/exp005_attn4,2024,2025,0.9903573104683812,0.031524889171123505,-0.1302967071533203,0.0014516115188598633,t-19,t-19,0,False,True,True,False,2
00_baseline_exploration/sweep2_h16_drop_0.25,2021,2022,0.9949914194879407,0.022677792236208916,-0.15877032279968262,0.001107390969991684,t-0,t-0,0,False,False,True,False,1
00_baseline_exploration/sweep2_h16_drop_0.25,2022,2023,0.9904512461071107,0.031230144202709198,0.34458184242248535,-0.0012667067348957062,t-0,t-0,0,False,True,True,False,2
00_baseline_exploration/sweep2_h16_drop_0.25,2024,2025,0.9990316524870522,0.009850522503256798,-0.08272433280944824,3.026425838470459e-05,t-0,t-0,0,False,False,True,False,1
00_baseline_exploration/sweep_encoder_60,2020,2021,0.9666942212622456,0.033744219690561295,0.14947843551635742,-0.00048454664647579193,t-31,t-59,28,False,True,True,True,3
00_baseline_exploration/sweep_encoder_60,2022,2023,0.9936813441172011,0.014726541005074978,0.1729273796081543,-0.0002710781991481781,t-58,t-59,1,False,False,True,False,1
00_baseline_exploration/sweep_encoder_60,2024,2025,0.9957201648149937,0.011971810832619667,-0.22151613235473633,9.216368198394775e-06,t-59,t-59,0,False,False,True,False,1
00_baseline_exploration/sweep_hidden_24,2020,2021,0.9925328407527554,0.0289101991802454,0.16309881210327148,-0.0028393641114234924,t-0,t-0,0,False,True,True,False,2
00_baseline_exploration/sweep_hidden_24,2021,2022,0.9717535013299887,0.059327658265829086,-0.20227384567260742,0.008775554597377777,t-0,t-0,0,False,True,True,False,2
00_baseline_exploration/sweep_hidden_24,2022,2023,0.9381034768696739,0.08569200336933136,0.37975311279296875,-0.01044386625289917,t-0,t-0,0,True,True,True,False,3
00_baseline_exploration/sweep_hidden_24,2023,2024,0.9995431146896967,0.006790387909859419,-0.053092002868652344,-0.000189315527677536,t-0,t-0,0,False,False,True,False,1
00_baseline_exploration/sweep_hidden_24,2024,2025,0.9981455311285159,0.013704871758818626,-0.0682227611541748,0.0004291422665119171,t-0,t-0,0,False,False,True,False,1
00_baseline_exploration/sweep_dropout_0.1,2020,2021,0.9811511643711015,0.048301491886377335,-0.26070404052734375,0.006593596190214157,t-19,t-19,0,False,True,True,False,2
00_baseline_exploration/sweep_dropout_0.1,2021,2022,0.9945315951642443,0.025668766349554062,0.1875772476196289,-0.0013745054602622986,t-19,t-19,0,False,True,True,False,2
00_baseline_exploration/sweep_dropout_0.1,2022,2023,0.9776347680636269,0.05539241060614586,0.03132772445678711,0.008101675659418106,t-19,t-19,0,False,True,False,False,1
00_baseline_exploration/sweep_dropout_0.1,2023,2024,0.9836203814037614,0.04808642715215683,-0.06718802452087402,-0.00800420343875885,t-19,t-19,0,False,True,True,False,2
04_custom_losses/h16d015_varcw0.1t0.075,2021,2022,0.994446269906041,0.024200335144996643,-0.20167279243469238,0.0017217323184013367,t-0,t-0,0,False,False,True,False,1
04_custom_losses/h16d015_varcw0.1t0.075,2022,2023,0.9872335583890536,0.03646974638104439,0.2852139472961426,-0.002140861004590988,t-0,t-0,0,False,True,True,False,2
04_custom_losses/h16d015_varcw0.1t0.075,2024,2025,0.9996441785119438,0.005991727113723755,-0.06904125213623047,1.632794737815857e-05,t-0,t-0,0,False,False,True,False,1
04_custom_losses/h16d015_dirw1.0,2021,2022,0.9930554688451498,0.02712244912981987,-0.20713090896606445,0.002001602202653885,t-0,t-0,0,False,True,True,False,2
04_custom_losses/h16d015_dirw1.0,2022,2023,0.9850616298058008,0.039532747119665146,0.29926443099975586,-0.002429600805044174,t-0,t-0,0,False,True,True,False,2
04_custom_losses/h16d015_dirw1.0,2024,2025,0.9996221674003632,0.006171863526105881,-0.07073068618774414,-2.5257468223571777e-06,t-0,t-0,0,False,False,True,False,1
04_custom_losses/h16d010_dirw1.0_colw0.1t0.035,2020,2021,0.9957984842715839,0.02131001092493534,0.05321192741394043,-0.0018609091639518738,t-0,t-0,0,False,False,True,False,1
04_custom_losses/h16d010_dirw1.0_colw0.1t0.035,2021,2022,0.9814118659794533,0.04593389108777046,-0.20801472663879395,0.005021020770072937,t-0,t-0,0,False,True,True,False,2
04_custom_losses/h16d010_dirw1.0_colw0.1t0.035,2022,2023,0.966114333051229,0.0613466277718544,0.37001824378967285,-0.005853418260812759,t-0,t-0,0,False,True,True,False,2
04_custom_losses/h16d010_dirw1.0_colw0.1t0.035,2024,2025,0.999208406037914,0.008939429186284542,-0.0854644775390625,0.00019802898168563843,t-0,t-0,0,False,False,True,False,1
04_custom_losses/h16d015_dirw2.0_extremew3.0p95,2021,2022,0.9955549740744487,0.021535571664571762,-0.10583996772766113,0.0013305358588695526,t-0,t-0,0,False,False,True,False,1
04_custom_losses/h16d015_dirw2.0_extremew3.0p95,2022,2023,0.9881823292699882,0.034932103008031845,0.1728816032409668,-0.0017916485667228699,t-0,t-0,0,False,True,True,False,2
04_custom_losses/h16d015_dirw10.0_colw0.1t0.035,2022,2023,0.9967405842675366,0.01812809705734253,0.1021566390991211,-0.0004636310040950775,t-0,t-0,0,False,False,True,False,1
04_custom_losses/h16d015_varcw1.0t0.010,2021,2022,0.9930554688451498,0.02712244912981987,-0.20713090896606445,0.002001602202653885,t-0,t-0,0,False,True,True,False,2
04_custom_losses/h16d015_varcw1.0t0.010,2022,2023,0.9850616298058008,0.039532747119665146,0.29926443099975586,-0.002429600805044174,t-0,t-0,0,False,True,True,False,2
04_custom_losses/h16d015_varcw1.0t0.010,2024,2025,0.9996221674003632,0.006171863526105881,-0.07073068618774414,-2.5257468223571777e-06,t-0,t-0,0,False,False,True,False,1
04_custom_losses/h16d015_dirw2.0,2020,2021,0.9989434692344477,0.010380109772086143,0.06973385810852051,-0.0004483126103878021,t-0,t-0,0,False,False,True,False,1
04_custom_losses/h16d015_dirw2.0,2021,2022,0.9987658325803598,0.011224069632589817,-0.08308696746826172,0.0004968345165252686,t-0,t-0,0,False,False,True,False,1
04_custom_losses/h16d015_dirw2.0,2022,2023,0.9944893398062638,0.023632558062672615,0.19738507270812988,-0.0007708035409450531,t-0,t-0,0,False,False,True,False,1
04_custom_losses/h16d015_dirw2.0,2024,2025,0.9996162860743792,0.0062044900842010975,-0.06329488754272461,-2.1941959857940674e-06,t-0,t-0,0,False,False,True,False,1
04_custom_losses/h16d010_baseline,2020,2021,0.9975936309064422,0.016034075990319252,0.08118343353271484,-0.0012893714010715485,t-0,t-0,0,False,False,True,False,1
04_custom_losses/h16d010_baseline,2021,2022,0.9867810579208666,0.038355398923158646,-0.23262715339660645,0.0038503073155879974,t-0,t-0,0,False,True,True,False,2
04_custom_losses/h16d010_baseline,2022,2023,0.9759507485214907,0.05128725618124008,0.3576080799102783,-0.004568122327327728,t-0,t-0,0,False,True,True,False,2
04_custom_losses/h16d010_baseline,2024,2025,0.9991718304719879,0.009151649661362171,-0.08579206466674805,0.00024249032139778137,t-0,t-0,0,False,False,True,False,1
04_custom_losses/h16d025_dirw1.0_colw0.1t0.035,2021,2022,0.9971534265845807,0.01700940541923046,-0.13967418670654297,0.0006536692380905151,t-0,t-0,0,False,False,True,False,1
04_custom_losses/h16d025_dirw1.0_colw0.1t0.035,2022,2023,0.9949182854357204,0.02269386127591133,0.2634434700012207,-0.0007455013692378998,t-0,t-0,0,False,False,True,False,1
04_custom_losses/h16d025_dirw1.0_colw0.1t0.035,2024,2025,0.9991598277271065,0.009176574647426605,-0.08617448806762695,-3.7178397178649902e-06,t-0,t-0,0,False,False,True,False,1
04_custom_losses/h16d015_dirw0.5,2021,2022,0.9930554688451498,0.02712244912981987,-0.20713090896606445,0.002001602202653885,t-0,t-0,0,False,True,True,False,2
04_custom_losses/h16d015_dirw0.5,2022,2023,0.9850616298058008,0.039532747119665146,0.29926443099975586,-0.002429600805044174,t-0,t-0,0,False,True,True,False,2
04_custom_losses/h16d015_dirw0.5,2024,2025,0.9996221674003632,0.006171863526105881,-0.07073068618774414,-2.5257468223571777e-06,t-0,t-0,0,False,False,True,False,1
04_custom_losses/h16d015_dirw2.0_colw1.0t0.010,2020,2021,0.9989434692344477,0.010380109772086143,0.06973385810852051,-0.0004483126103878021,t-0,t-0,0,False,False,True,False,1
04_custom_losses/h16d015_dirw2.0_colw1.0t0.010,2021,2022,0.9987658325803598,0.011224069632589817,-0.08308696746826172,0.0004968345165252686,t-0,t-0,0,False,False,True,False,1
04_custom_losses/h16d015_dirw2.0_colw1.0t0.010,2022,2023,0.9944893398062638,0.023632558062672615,0.19738507270812988,-0.0007708035409450531,t-0,t-0,0,False,False,True,False,1
04_custom_losses/h16d015_dirw2.0_colw1.0t0.010,2024,2025,0.9996162860743792,0.0062044900842010975,-0.06329488754272461,-2.1941959857940674e-06,t-0,t-0,0,False,False,True,False,1
04_custom_losses/h16d015_varcw0.1t1.000,2020,2021,0.9997595751060221,0.0049308473244309425,0.0601038932800293,-0.00015620887279510498,t-0,t-0,0,False,False,True,False,1
04_custom_losses/h16d015_varcw0.1t1.000,2021,2022,0.9965172464585856,0.018876276910305023,-0.062042951583862305,0.000832684338092804,t-0,t-0,0,False,False,True,False,1
04_custom_losses/h16d015_varcw0.1t1.000,2022,2023,0.9929655950289012,0.026767652481794357,0.1408402919769287,-0.000990159809589386,t-0,t-0,0,False,True,True,False,2
04_custom_losses/h16d015_varcw0.1t1.000,2024,2025,0.9999333638659166,0.002584212925285101,-0.0680084228515625,2.9496848583221436e-05,t-0,t-0,0,False,False,True,False,1
04_custom_losses/h16d015_dirw2.0_extremew3.0p90,2021,2022,0.9996693200283718,0.005841519683599472,-0.09356212615966797,0.00030175596475601196,t-0,t-0,0,False,False,True,False,1
04_custom_losses/h16d015_dirw2.0_extremew3.0p90,2022,2023,0.9952228971414385,0.022085025906562805,0.17260980606079102,-0.000925946980714798,t-0,t-0,0,False,False,True,False,1
04_custom_losses/h16d015_dirw2.0_extremew3.0p90,2024,2025,0.9991405411518716,0.009363066405057907,-0.06020760536193848,0.0004006214439868927,t-0,t-0,0,False,False,True,False,1
04_custom_losses/h16d015_dirw3.0_colw1.0t0.005,2020,2021,0.9989434692344477,0.010380109772086143,0.06973385810852051,-0.0004483126103878021,t-0,t-0,0,False,False,True,False,1
04_custom_losses/h16d015_dirw3.0_colw1.0t0.005,2021,2022,0.9987658325803598,0.011224069632589817,-0.08308696746826172,0.0004968345165252686,t-0,t-0,0,False,False,True,False,1
04_custom_losses/h16d015_dirw3.0_colw1.0t0.005,2022,2023,0.9944893398062638,0.023632558062672615,0.19738507270812988,-0.0007708035409450531,t-0,t-0,0,False,False,True,False,1
04_custom_losses/h16d015_dirw3.0_colw1.0t0.005,2024,2025,0.9996162860743792,0.0062044900842010975,-0.06329488754272461,-2.1941959857940674e-06,t-0,t-0,0,False,False,True,False,1
04_custom_losses/h16d010_dirw1.0,2020,2021,0.9985726941748354,0.01224375981837511,0.08421754837036133,-0.0008067488670349121,t-0,t-0,0,False,False,True,False,1
04_custom_losses/h16d010_dirw1.0,2021,2022,0.9892458682123725,0.034362222999334335,-0.24724388122558594,0.0032287612557411194,t-0,t-0,0,False,True,True,False,2
04_custom_losses/h16d010_dirw1.0,2022,2023,0.9791375714745867,0.04746052622795105,0.3830256462097168,-0.0038832761347293854,t-0,t-0,0,False,True,True,False,2
04_custom_losses/h16d010_dirw1.0,2024,2025,0.9991612919993149,0.00920044630765915,-0.0913991928100586,0.0001964755356311798,t-0,t-0,0,False,False,True,False,1
04_custom_losses/h16d015_varcw0.1t0.035,2020,2021,0.9981004656577156,0.014039968140423298,0.050084829330444336,-0.000830281525850296,t-0,t-0,0,False,False,True,False,1
04_custom_losses/h16d015_varcw0.1t0.035,2021,2022,0.9933281076190477,0.026581330224871635,-0.2108922004699707,0.0019599273800849915,t-0,t-0,0,False,True,True,False,2
04_custom_losses/h16d015_varcw0.1t0.035,2022,2023,0.9852761603902679,0.0392376184463501,0.30748820304870605,-0.0023973658680915833,t-0,t-0,0,False,True,True,False,2
04_custom_losses/h16d015_varcw0.1t0.035,2024,2025,0.999586520283544,0.006456548348069191,-0.07169961929321289,-1.2986361980438232e-05,t-0,t-0,0,False,False,True,False,1
04_custom_losses/h16d015_dirw2.0_extremew5.0p90,2021,2022,0.9992785772949734,0.008646158501505852,-0.051492929458618164,0.00046196579933166504,t-0,t-0,0,False,False,True,False,1
04_custom_losses/h16d015_dirw2.0_extremew5.0p90,2022,2023,0.9936721578945822,0.025473060086369514,0.14831209182739258,-0.0011919587850570679,t-0,t-0,0,False,True,True,False,2
04_custom_losses/h16d015_dirw2.0_extremew5.0p90,2024,2025,0.9989206151481886,0.010474007576704025,-0.06307148933410645,0.000406511127948761,t-0,t-0,0,False,False,True,False,1
04_custom_losses/h16d015_dirw100.0,2020,2021,0.9997664868839169,0.00483333645388484,0.001458883285522461,2.4281442165374756e-05,t-16,t-0,16,False,False,False,True,1
04_custom_losses/h16d015_varcw1.0t0.005,2021,2022,0.9930554688451498,0.02712244912981987,-0.20713090896606445,0.002001602202653885,t-0,t-0,0,False,True,True,False,2
04_custom_losses/h16d015_varcw1.0t0.005,2022,2023,0.9850616298058008,0.039532747119665146,0.29926443099975586,-0.002429600805044174,t-0,t-0,0,False,True,True,False,2
04_custom_losses/h16d015_varcw1.0t0.005,2024,2025,0.9996221674003632,0.006171863526105881,-0.07073068618774414,-2.5257468223571777e-06,t-0,t-0,0,False,False,True,False,1
04_custom_losses/h16d025_dirw2.0_colw0.1t0.035,2021,2022,0.9974673603165386,0.016032308340072632,-0.11203861236572266,0.0005858279764652252,t-0,t-0,0,False,False,True,False,1
04_custom_losses/h16d025_dirw2.0_colw0.1t0.035,2022,2023,0.99503344826202,0.02241765335202217,0.22371745109558105,-0.0006843209266662598,t-0,t-0,0,False,False,True,False,1
04_custom_losses/h16d025_dirw2.0_colw0.1t0.035,2024,2025,0.999273503511771,0.008531244471669197,-0.08789730072021484,4.779547452926636e-06,t-0,t-0,0,False,False,True,False,1
04_custom_losses/h16d010_dirw2.0_extremew5.0p90,2021,2022,0.9995059445084546,0.00717361131682992,-0.09753680229187012,0.00028103962540626526,t-0,t-0,0,False,False,True,False,1
04_custom_losses/h16d010_dirw2.0_extremew5.0p90,2022,2023,0.992125858166786,0.028566930443048477,0.26609015464782715,-0.0015850439667701721,t-0,t-0,0,False,True,True,False,2
04_custom_losses/h16d010_dirw2.0_extremew5.0p90,2024,2025,0.9983242704905451,0.013101938180625439,-0.08601880073547363,0.0006007105112075806,t-0,t-0,0,False,False,True,False,1
04_custom_losses/h16d015_dirw2.0_extremew2.0p95,2021,2022,0.9939326521723341,0.025294939056038857,-0.18257641792297363,0.0017861314117908478,t-0,t-0,0,False,True,True,False,2
04_custom_losses/h16d015_dirw2.0_extremew2.0p95,2022,2023,0.9845210204411503,0.0401289165019989,0.27211523056030273,-0.00227239727973938,t-0,t-0,0,False,True,True,False,2
04_custom_losses/h16d015_dirw2.0_extremew2.0p95,2024,2025,0.9994820144813884,0.007241938263177872,-0.05960798263549805,0.00021742284297943115,t-0,t-0,0,False,False,True,False,1
04_custom_losses/h16d015_dirw2.0_extremew2.0p90,2021,2022,0.9985220687659971,0.012329265475273132,-0.13731002807617188,0.0006347112357616425,t-0,t-0,0,False,False,True,False,1
04_custom_losses/h16d015_dirw2.0_extremew2.0p90,2022,2023,0.9942480412544968,0.024220963940024376,0.2018904685974121,-0.0009872503578662872,t-0,t-0,0,False,False,True,False,1
04_custom_losses/h16d015_dirw2.0_extremew2.0p90,2024,2025,0.9994476201737026,0.007483227644115686,-0.05631709098815918,0.000261455774307251,t-0,t-0,0,False,False,True,False,1
04_custom_losses/h16d015_varcw0.1t0.020,2021,2022,0.9930554688451498,0.02712244912981987,-0.20713090896606445,0.002001602202653885,t-0,t-0,0,False,True,True,False,2
04_custom_losses/h16d015_varcw0.1t0.020,2022,2023,0.9850616298058008,0.039532747119665146,0.29926443099975586,-0.002429600805044174,t-0,t-0,0,False,True,True,False,2
04_custom_losses/h16d015_varcw0.1t0.020,2024,2025,0.9996221674003632,0.006171863526105881,-0.07073068618774414,-2.5257468223571777e-06,t-0,t-0,0,False,False,True,False,1
04_custom_losses/h16d015_dirw2.0_colw0.5t0.005,2020,2021,0.9989434692344477,0.010380109772086143,0.06973385810852051,-0.0004483126103878021,t-0,t-0,0,False,False,True,False,1
04_custom_losses/h16d015_dirw2.0_colw0.5t0.005,2021,2022,0.9987658325803598,0.011224069632589817,-0.08308696746826172,0.0004968345165252686,t-0,t-0,0,False,False,True,False,1
04_custom_losses/h16d015_dirw2.0_colw0.5t0.005,2022,2023,0.9944893398062638,0.023632558062672615,0.19738507270812988,-0.0007708035409450531,t-0,t-0,0,False,False,True,False,1
04_custom_losses/h16d015_dirw2.0_colw0.5t0.005,2024,2025,0.9996162860743792,0.0062044900842010975,-0.06329488754272461,-2.1941959857940674e-06,t-0,t-0,0,False,False,True,False,1
04_custom_losses/h16d015_dirw10.0,2022,2023,0.9967405842675366,0.01812809705734253,0.1021566390991211,-0.0004636310040950775,t-0,t-0,0,False,False,True,False,1
04_custom_losses/h16d015_dirw1.0_extremew5.0p90,2020,2021,0.9994302536099673,0.007620980031788349,-0.051676034927368164,0.00013572350144386292,t-0,t-0,0,False,False,True,False,1
04_custom_losses/h16d015_dirw1.0_extremew5.0p90,2021,2022,0.9986996903262649,0.011671863496303558,-0.06083512306213379,0.0007500872015953064,t-0,t-0,0,False,False,True,False,1
04_custom_losses/h16d015_dirw1.0_extremew5.0p90,2022,2023,0.9932379231760449,0.026454508304595947,0.13523340225219727,-0.0014639459550380707,t-0,t-0,0,False,True,True,False,2
04_custom_losses/h16d015_dirw1.0_extremew5.0p90,2024,2025,0.9977263084469954,0.015230243094265461,-0.05724501609802246,0.0006531216204166412,t-0,t-0,0,False,False,True,False,1
04_custom_losses/h16d015_dirw0.2,2021,2022,0.9930554688451498,0.02712244912981987,-0.20713090896606445,0.002001602202653885,t-0,t-0,0,False,True,True,False,2
04_custom_losses/h16d015_dirw0.2,2022,2023,0.9850616298058008,0.039532747119665146,0.29926443099975586,-0.002429600805044174,t-0,t-0,0,False,True,True,False,2
04_custom_losses/h16d015_dirw0.2,2024,2025,0.9996221674003632,0.006171863526105881,-0.07073068618774414,-2.5257468223571777e-06,t-0,t-0,0,False,False,True,False,1
04_custom_losses/h16d015_dirw0.2_colw0.1t0.035,2020,2021,0.9981004656577156,0.014039968140423298,0.050084829330444336,-0.000830281525850296,t-0,t-0,0,False,False,True,False,1
04_custom_losses/h16d015_dirw0.2_colw0.1t0.035,2021,2022,0.9933281076190477,0.026581330224871635,-0.2108922004699707,0.0019599273800849915,t-0,t-0,0,False,True,True,False,2
04_custom_losses/h16d015_dirw0.2_colw0.1t0.035,2022,2023,0.9852761603902679,0.0392376184463501,0.30748820304870605,-0.0023973658680915833,t-0,t-0,0,False,True,True,False,2
04_custom_losses/h16d015_dirw0.2_colw0.1t0.035,2024,2025,0.999586520283544,0.006456548348069191,-0.07169961929321289,-1.2986361980438232e-05,t-0,t-0,0,False,False,True,False,1
04_custom_losses/h16d015_varcw0.1t0.005,2021,2022,0.9930554688451498,0.02712244912981987,-0.20713090896606445,0.002001602202653885,t-0,t-0,0,False,True,True,False,2
04_custom_losses/h16d015_varcw0.1t0.005,2022,2023,0.9850616298058008,0.039532747119665146,0.29926443099975586,-0.002429600805044174,t-0,t-0,0,False,True,True,False,2
04_custom_losses/h16d015_varcw0.1t0.005,2024,2025,0.9996221674003632,0.006171863526105881,-0.07073068618774414,-2.5257468223571777e-06,t-0,t-0,0,False,False,True,False,1
04_custom_losses/h16d015_baseline,2021,2022,0.9930554688451498,0.02712244912981987,-0.20713090896606445,0.002001602202653885,t-0,t-0,0,False,True,True,False,2
04_custom_losses/h16d015_baseline,2022,2023,0.9850616298058008,0.039532747119665146,0.29926443099975586,-0.002429600805044174,t-0,t-0,0,False,True,True,False,2
04_custom_losses/h16d015_baseline,2024,2025,0.9996221674003632,0.006171863526105881,-0.07073068618774414,-2.5257468223571777e-06,t-0,t-0,0,False,False,True,False,1
04_custom_losses/h16d015_dirw5.0_colw0.1t0.035,2020,2021,0.9989434692344477,0.010380109772086143,0.06973385810852051,-0.0004483126103878021,t-0,t-0,0,False,False,True,False,1
04_custom_losses/h16d015_dirw5.0_colw0.1t0.035,2021,2022,0.9987658325803598,0.011224069632589817,-0.08308696746826172,0.0004968345165252686,t-0,t-0,0,False,False,True,False,1
04_custom_losses/h16d015_dirw5.0_colw0.1t0.035,2022,2023,0.9944893398062638,0.023632558062672615,0.19738507270812988,-0.0007708035409450531,t-0,t-0,0,False,False,True,False,1
04_custom_losses/h16d015_dirw5.0_colw0.1t0.035,2024,2025,0.9996162860743792,0.0062044900842010975,-0.06329488754272461,-2.1941959857940674e-06,t-0,t-0,0,False,False,True,False,1
04_custom_losses/h16d015_dirw2.0_extremew5.0p75,2020,2021,0.9985698404133888,0.012017849832773209,-0.05269765853881836,-0.00029943138360977173,t-0,t-0,0,False,False,True,False,1
04_custom_losses/h16d015_dirw2.0_extremew5.0p75,2021,2022,0.9946816189468343,0.023337775841355324,-0.08469510078430176,0.0010365433990955353,t-0,t-0,0,False,False,True,False,1
04_custom_losses/h16d015_dirw2.0_extremew5.0p75,2022,2023,0.9882996471472792,0.03452175110578537,0.18557500839233398,-0.0012185797095298767,t-0,t-0,0,False,True,True,False,2
04_custom_losses/h16d015_dirw2.0_extremew5.0p75,2024,2025,0.999681100785123,0.005654291715472937,-0.07066893577575684,5.595386028289795e-06,t-0,t-0,0,False,False,True,False,1
04_custom_losses/h16d015_varcw0.5t0.010,2021,2022,0.9930554688451498,0.02712244912981987,-0.20713090896606445,0.002001602202653885,t-0,t-0,0,False,True,True,False,2
04_custom_losses/h16d015_varcw0.5t0.010,2022,2023,0.9850616298058008,0.039532747119665146,0.29926443099975586,-0.002429600805044174,t-0,t-0,0,False,True,True,False,2
04_custom_losses/h16d015_varcw0.5t0.010,2024,2025,0.9996221674003632,0.006171863526105881,-0.07073068618774414,-2.5257468223571777e-06,t-0,t-0,0,False,False,True,False,1
04_custom_losses/h16d015_dirw0.1_colw0.1t0.035,2020,2021,0.9981004656577156,0.014039968140423298,0.050084829330444336,-0.000830281525850296,t-0,t-0,0,False,False,True,False,1
04_custom_losses/h16d015_dirw0.1_colw0.1t0.035,2021,2022,0.9933281076190477,0.026581330224871635,-0.2108922004699707,0.0019599273800849915,t-0,t-0,0,False,True,True,False,2
04_custom_losses/h16d015_dirw0.1_colw0.1t0.035,2022,2023,0.9852761603902679,0.0392376184463501,0.30748820304870605,-0.0023973658680915833,t-0,t-0,0,False,True,True,False,2
04_custom_losses/h16d015_dirw0.1_colw0.1t0.035,2024,2025,0.999586520283544,0.006456548348069191,-0.07169961929321289,-1.2986361980438232e-05,t-0,t-0,0,False,False,True,False,1
04_custom_losses/h16d015_alpha1.0,2021,2022,0.9968905400927389,0.017973685637116432,-0.12457418441772461,0.0010647252202033997,t-0,t-0,0,False,False,True,False,1
04_custom_losses/h16d015_alpha1.0,2022,2023,0.9909031282288046,0.030592218041419983,0.18196916580200195,-0.001491982489824295,t-0,t-0,0,False,True,True,False,2
04_custom_losses/h16d015_alpha1.0,2024,2025,0.9987529440734669,0.011255206540226936,-0.05453157424926758,0.0004304759204387665,t-0,t-0,0,False,False,True,False,1
04_custom_losses/h16d010_extremew5.0p90,2021,2022,0.9989984713595481,0.010344058275222778,-0.15844035148620605,0.000768609344959259,t-0,t-0,0,False,False,True,False,1
04_custom_losses/h16d010_extremew5.0p90,2022,2023,0.9896622067807807,0.03289740905165672,0.2838001251220703,-0.002058211714029312,t-0,t-0,0,False,True,True,False,2
04_custom_losses/h16d010_extremew5.0p90,2024,2025,0.9970187246785533,0.017517074942588806,-0.08266663551330566,0.000896356999874115,t-0,t-0,0,False,False,True,False,1
04_custom_losses/h16d015_alpha0.1,2021,2022,0.9941886000147566,0.02469240501523018,-0.18218064308166504,0.0016545988619327545,t-0,t-0,0,False,False,True,False,1
04_custom_losses/h16d015_alpha0.1,2022,2023,0.987701687583798,0.03574136644601822,0.2632894515991211,-0.0020195357501506805,t-0,t-0,0,False,True,True,False,2
04_custom_losses/h16d015_alpha0.1,2024,2025,0.9995827948282828,0.006491086445748806,-0.06890106201171875,0.00016259029507637024,t-0,t-0,0,False,False,True,False,1
04_custom_losses/h16d015_dirw2.0_extremew5.0p95,2021,2022,0.9914954889493922,0.02999970316886902,-0.04936504364013672,0.002106286585330963,t-0,t-0,0,False,True,False,False,1
04_custom_losses/h16d015_dirw2.0_extremew5.0p95,2022,2023,0.9768776077780783,0.04909105598926544,0.12399005889892578,-0.002687975764274597,t-0,t-0,0,False,True,True,False,2
04_custom_losses/h16d015_dirw2.0_extremew5.0p95,2024,2025,0.9981271770835292,0.013754920102655888,-0.05540657043457031,0.00041241198778152466,t-0,t-0,0,False,False,True,False,1
04_custom_losses/h16d010_dirw2.0_colw0.1t0.035,2020,2021,0.9978516260234986,0.0151143167167902,0.07363510131835938,-0.0011707581579685211,t-0,t-0,0,False,False,True,False,1
04_custom_losses/h16d010_dirw2.0_colw0.1t0.035,2021,2022,0.9866263107887274,0.0385008379817009,-0.22518491744995117,0.0037796907126903534,t-0,t-0,0,False,True,True,False,2
04_custom_losses/h16d010_dirw2.0_colw0.1t0.035,2022,2023,0.9762300278350009,0.05091465637087822,0.33531641960144043,-0.004452764987945557,t-0,t-0,0,False,True,True,False,2
04_custom_losses/h16d010_dirw2.0_colw0.1t0.035,2024,2025,0.9993095251730815,0.008353164419531822,-0.08125948905944824,0.00021021440625190735,t-0,t-0,0,False,False,True,False,1
04_custom_losses/h16d015_dirw2.0_extremew10.0p90,2020,2021,0.9981446115875111,0.013733317144215107,-0.061730146408081055,-0.000246196985244751,t-0,t-0,0,False,False,True,False,1
04_custom_losses/h16d015_dirw2.0_extremew10.0p90,2021,2022,0.9904085447354112,0.03204150125384331,-0.14140748977661133,0.0025512725114822388,t-0,t-0,0,False,True,True,False,2
04_custom_losses/h16d015_dirw2.0_extremew10.0p90,2022,2023,0.9773590019588265,0.04881158843636513,0.21798157691955566,-0.0030021145939826965,t-0,t-0,0,False,True,True,False,2
04_custom_losses/h16d015_dirw2.0_extremew10.0p90,2024,2025,0.9964123110065036,0.019091401249170303,-0.06528687477111816,0.0006566382944583893,t-0,t-0,0,False,False,True,False,1
04_custom_losses/h16d015_dirw3.0_colw0.1t0.035,2020,2021,0.9989434692344477,0.010380109772086143,0.06973385810852051,-0.0004483126103878021,t-0,t-0,0,False,False,True,False,1
04_custom_losses/h16d015_dirw3.0_colw0.1t0.035,2021,2022,0.9987658325803598,0.011224069632589817,-0.08308696746826172,0.0004968345165252686,t-0,t-0,0,False,False,True,False,1
04_custom_losses/h16d015_dirw3.0_colw0.1t0.035,2022,2023,0.9944893398062638,0.023632558062672615,0.19738507270812988,-0.0007708035409450531,t-0,t-0,0,False,False,True,False,1
04_custom_losses/h16d015_dirw3.0_colw0.1t0.035,2024,2025,0.9996162860743792,0.0062044900842010975,-0.06329488754272461,-2.1941959857940674e-06,t-0,t-0,0,False,False,True,False,1
04_custom_losses/h16d015_dirw3.0_colw0.5t0.005,2020,2021,0.9989434692344477,0.010380109772086143,0.06973385810852051,-0.0004483126103878021,t-0,t-0,0,False,False,True,False,1
04_custom_losses/h16d015_dirw3.0_colw0.5t0.005,2021,2022,0.9987658325803598,0.011224069632589817,-0.08308696746826172,0.0004968345165252686,t-0,t-0,0,False,False,True,False,1
04_custom_losses/h16d015_dirw3.0_colw0.5t0.005,2022,2023,0.9944893398062638,0.023632558062672615,0.19738507270812988,-0.0007708035409450531,t-0,t-0,0,False,False,True,False,1
04_custom_losses/h16d015_dirw3.0_colw0.5t0.005,2024,2025,0.9996162860743792,0.0062044900842010975,-0.06329488754272461,-2.1941959857940674e-06,t-0,t-0,0,False,False,True,False,1
04_custom_losses/h16d025_dirw1.0,2020,2021,0.9990839153652009,0.009607725776731968,0.05185127258300781,-0.0002534016966819763,t-0,t-0,0,False,False,True,False,1
04_custom_losses/h16d025_dirw1.0,2021,2022,0.9979772822737036,0.01429810095578432,-0.09045028686523438,0.00043806806206703186,t-0,t-0,0,False,False,True,False,1
04_custom_losses/h16d025_dirw1.0,2022,2023,0.9961207739608298,0.019779924303293228,0.1512296199798584,-0.0005067400634288788,t-0,t-0,0,False,False,True,False,1
04_custom_losses/h16d025_dirw1.0,2024,2025,0.999807501583361,0.004390122834593058,-0.07208776473999023,2.50302255153656e-05,t-0,t-0,0,False,False,True,False,1
04_custom_losses/h16d015_alpha0.5,2021,2022,0.9965354723541148,0.01895337551832199,-0.12357544898986816,0.001099810004234314,t-0,t-0,0,False,False,True,False,1
04_custom_losses/h16d015_alpha0.5,2022,2023,0.99021587793935,0.03169746324419975,0.19402575492858887,-0.0014776699244976044,t-0,t-0,0,False,True,True,False,2
04_custom_losses/h16d015_alpha0.5,2024,2025,0.9992386772530265,0.008783162571489811,-0.05946207046508789,0.00030444562435150146,t-0,t-0,0,False,False,True,False,1
04_custom_losses/h16d025_baseline,2021,2022,0.9964620224185343,0.01899946667253971,-0.1692037582397461,0.0008140057325363159,t-0,t-0,0,False,False,True,False,1
04_custom_losses/h16d025_baseline,2022,2023,0.9941590074227548,0.02437339909374714,0.30388641357421875,-0.0009034313261508942,t-0,t-0,0,False,False,True,False,1
04_custom_losses/h16d025_baseline,2024,2025,0.9990380985281537,0.009821862913668156,-0.08063697814941406,1.862645149230957e-06,t-0,t-0,0,False,False,True,False,1
04_custom_losses/h16d025_dirw2.0_extremew5.0p90,2021,2022,0.9997871557187118,0.004645072389394045,-0.05869770050048828,8.925795555114746e-05,t-0,t-0,0,False,False,True,False,1
04_custom_losses/h16d025_dirw2.0_extremew5.0p90,2022,2023,0.9974760851453042,0.015990791842341423,0.13997340202331543,-0.0005332492291927338,t-0,t-0,0,False,False,True,False,1
04_custom_losses/h16d015_dirw2.0_colw0.1t0.035,2020,2021,0.9989434692344477,0.010380109772086143,0.06973385810852051,-0.0004483126103878021,t-0,t-0,0,False,False,True,False,1
04_custom_losses/h16d015_dirw2.0_colw0.1t0.035,2021,2022,0.9987658325803598,0.011224069632589817,-0.08308696746826172,0.0004968345165252686,t-0,t-0,0,False,False,True,False,1
04_custom_losses/h16d015_dirw2.0_colw0.1t0.035,2022,2023,0.9944893398062638,0.023632558062672615,0.19738507270812988,-0.0007708035409450531,t-0,t-0,0,False,False,True,False,1
04_custom_losses/h16d015_dirw2.0_colw0.1t0.035,2024,2025,0.9996162860743792,0.0062044900842010975,-0.06329488754272461,-2.1941959857940674e-06,t-0,t-0,0,False,False,True,False,1
04_custom_losses/h16d015_varcw0.1t0.050,2021,2022,0.9927307468472364,0.02775772288441658,-0.20984983444213867,0.0020571835339069366,t-0,t-0,0,False,True,True,False,2
04_custom_losses/h16d015_varcw0.1t0.050,2022,2023,0.9845001575245542,0.040279317647218704,0.302748441696167,-0.002485126256942749,t-0,t-0,0,False,True,True,False,2
04_custom_losses/h16d015_varcw0.1t0.050,2024,2025,0.9996176541419268,0.006208183243870735,-0.07035946846008301,7.275491952896118e-06,t-0,t-0,0,False,False,True,False,1
04_custom_losses/h16d015_dirw2.0_colw0.5t0.010,2020,2021,0.9989434692344477,0.010380109772086143,0.06973385810852051,-0.0004483126103878021,t-0,t-0,0,False,False,True,False,1
04_custom_losses/h16d015_dirw2.0_colw0.5t0.010,2021,2022,0.9987658325803598,0.011224069632589817,-0.08308696746826172,0.0004968345165252686,t-0,t-0,0,False,False,True,False,1
04_custom_losses/h16d015_dirw2.0_colw0.5t0.010,2022,2023,0.9944893398062638,0.023632558062672615,0.19738507270812988,-0.0007708035409450531,t-0,t-0,0,False,False,True,False,1
04_custom_losses/h16d015_dirw2.0_colw0.5t0.010,2024,2025,0.9996162860743792,0.0062044900842010975,-0.06329488754272461,-2.1941959857940674e-06,t-0,t-0,0,False,False,True,False,1
04_custom_losses/h16d025_dirw1.0_extremew5.0p90,2020,2021,0.9989461901815838,0.010350778698921204,-0.05205392837524414,0.00039843469858169556,t-0,t-0,0,False,False,True,False,1
04_custom_losses/h16d025_dirw1.0_extremew5.0p90,2021,2022,0.999538980545637,0.006851032376289368,-0.0923318862915039,0.00017372146248817444,t-0,t-0,0,False,False,True,False,1
04_custom_losses/h16d025_dirw1.0_extremew5.0p90,2022,2023,0.996644435684713,0.01846981793642044,0.17649173736572266,-0.0006769895553588867,t-0,t-0,0,False,False,True,False,1
04_custom_losses/h16d025_dirw1.0_extremew5.0p90,2024,2025,0.9994763052418494,0.007292075548321009,-0.05345797538757324,0.0002707354724407196,t-0,t-0,0,False,False,True,False,1
04_custom_losses/h16d015_dirw3.0,2020,2021,0.9989434692344477,0.010380109772086143,0.06973385810852051,-0.0004483126103878021,t-0,t-0,0,False,False,True,False,1
04_custom_losses/h16d015_dirw3.0,2021,2022,0.9987658325803598,0.011224069632589817,-0.08308696746826172,0.0004968345165252686,t-0,t-0,0,False,False,True,False,1
04_custom_losses/h16d015_dirw3.0,2022,2023,0.9944893398062638,0.023632558062672615,0.19738507270812988,-0.0007708035409450531,t-0,t-0,0,False,False,True,False,1
04_custom_losses/h16d015_dirw3.0,2024,2025,0.9996162860743792,0.0062044900842010975,-0.06329488754272461,-2.1941959857940674e-06,t-0,t-0,0,False,False,True,False,1
04_custom_losses/h16d010_dirw1.0_extremew5.0p90,2021,2022,0.9995059445084546,0.00717361131682992,-0.09753680229187012,0.00028103962540626526,t-0,t-0,0,False,False,True,False,1
04_custom_losses/h16d010_dirw1.0_extremew5.0p90,2022,2023,0.992125858166786,0.028566930443048477,0.26609015464782715,-0.0015850439667701721,t-0,t-0,0,False,True,True,False,2
04_custom_losses/h16d010_dirw1.0_extremew5.0p90,2024,2025,0.9983242704905451,0.013101938180625439,-0.08601880073547363,0.0006007105112075806,t-0,t-0,0,False,False,True,False,1
04_custom_losses/h16d015_varcw0.5t0.005,2021,2022,0.9930554688451498,0.02712244912981987,-0.20713090896606445,0.002001602202653885,t-0,t-0,0,False,True,True,False,2
04_custom_losses/h16d015_varcw0.5t0.005,2022,2023,0.9850616298058008,0.039532747119665146,0.29926443099975586,-0.002429600805044174,t-0,t-0,0,False,True,True,False,2
04_custom_losses/h16d015_varcw0.5t0.005,2024,2025,0.9996221674003632,0.006171863526105881,-0.07073068618774414,-2.5257468223571777e-06,t-0,t-0,0,False,False,True,False,1
04_custom_losses/h16d025_extremew5.0p90,2020,2021,0.9986178931265831,0.011861808598041534,-0.06447124481201172,0.00047750771045684814,t-0,t-0,0,False,False,True,False,1
04_custom_losses/h16d025_extremew5.0p90,2021,2022,0.9993008047704363,0.008439972065389156,-0.09768342971801758,0.00018389523029327393,t-0,t-0,0,False,False,True,False,1
04_custom_losses/h16d025_extremew5.0p90,2022,2023,0.9959894577562108,0.020203057676553726,0.18729281425476074,-0.000752083957195282,t-0,t-0,0,False,False,True,False,1
04_custom_losses/h16d025_extremew5.0p90,2024,2025,0.9994702053911305,0.0073453807272017,-0.05355978012084961,0.0002979375422000885,t-0,t-0,0,False,False,True,False,1
04_custom_losses/h16d015_dirw1.0_colw0.1t0.035,2020,2021,0.9981004656577156,0.014039968140423298,0.050084829330444336,-0.000830281525850296,t-0,t-0,0,False,False,True,False,1
04_custom_losses/h16d015_dirw1.0_colw0.1t0.035,2021,2022,0.9933281076190477,0.026581330224871635,-0.2108922004699707,0.0019599273800849915,t-0,t-0,0,False,True,True,False,2
04_custom_losses/h16d015_dirw1.0_colw0.1t0.035,2022,2023,0.9852761603902679,0.0392376184463501,0.30748820304870605,-0.0023973658680915833,t-0,t-0,0,False,True,True,False,2
04_custom_losses/h16d015_dirw1.0_colw0.1t0.035,2024,2025,0.999586520283544,0.006456548348069191,-0.07169961929321289,-1.2986361980438232e-05,t-0,t-0,0,False,False,True,False,1
04_custom_losses/h16d015_dirw3.0_colw0.5t0.010,2020,2021,0.9989434692344477,0.010380109772086143,0.06973385810852051,-0.0004483126103878021,t-0,t-0,0,False,False,True,False,1
04_custom_losses/h16d015_dirw3.0_colw0.5t0.010,2021,2022,0.9987658325803598,0.011224069632589817,-0.08308696746826172,0.0004968345165252686,t-0,t-0,0,False,False,True,False,1
04_custom_losses/h16d015_dirw3.0_colw0.5t0.010,2022,2023,0.9944893398062638,0.023632558062672615,0.19738507270812988,-0.0007708035409450531,t-0,t-0,0,False,False,True,False,1
04_custom_losses/h16d015_dirw3.0_colw0.5t0.010,2024,2025,0.9996162860743792,0.0062044900842010975,-0.06329488754272461,-2.1941959857940674e-06,t-0,t-0,0,False,False,True,False,1
04_custom_losses/h16d015_dirw0.1,2021,2022,0.9930554688451498,0.02712244912981987,-0.20713090896606445,0.002001602202653885,t-0,t-0,0,False,True,True,False,2
04_custom_losses/h16d015_dirw0.1,2022,2023,0.9850616298058008,0.039532747119665146,0.29926443099975586,-0.002429600805044174,t-0,t-0,0,False,True,True,False,2
04_custom_losses/h16d015_dirw0.1,2024,2025,0.9996221674003632,0.006171863526105881,-0.07073068618774414,-2.5257468223571777e-06,t-0,t-0,0,False,False,True,False,1
04_custom_losses/h16d010_dirw2.0,2020,2021,0.9950936910774687,0.023080570623278618,0.07667160034179688,-0.0020719021558761597,t-0,t-0,0,False,False,True,False,1
04_custom_losses/h16d010_dirw2.0,2021,2022,0.9801604309984535,0.04757515341043472,-0.23161530494689941,0.005300048738718033,t-0,t-0,0,False,True,True,False,2
04_custom_losses/h16d010_dirw2.0,2022,2023,0.9658232422724754,0.06180291622877121,0.37781691551208496,-0.006101448088884354,t-0,t-0,0,False,True,True,False,2
04_custom_losses/h16d010_dirw2.0,2024,2025,0.9992315273454138,0.00880991481244564,-0.0832815170288086,0.00021067261695861816,t-0,t-0,0,False,False,True,False,1
04_custom_losses/h16d015_dirw3.0_colw1.0t0.010,2020,2021,0.9989434692344477,0.010380109772086143,0.06973385810852051,-0.0004483126103878021,t-0,t-0,0,False,False,True,False,1
04_custom_losses/h16d015_dirw3.0_colw1.0t0.010,2021,2022,0.9987658325803598,0.011224069632589817,-0.08308696746826172,0.0004968345165252686,t-0,t-0,0,False,False,True,False,1
04_custom_losses/h16d015_dirw3.0_colw1.0t0.010,2022,2023,0.9944893398062638,0.023632558062672615,0.19738507270812988,-0.0007708035409450531,t-0,t-0,0,False,False,True,False,1
04_custom_losses/h16d015_dirw3.0_colw1.0t0.010,2024,2025,0.9996162860743792,0.0062044900842010975,-0.06329488754272461,-2.1941959857940674e-06,t-0,t-0,0,False,False,True,False,1
04_custom_losses/h16d025_dirw2.0,2021,2022,0.9974414286392586,0.016116764396429062,-0.11204934120178223,0.0005946904420852661,t-0,t-0,0,False,False,True,False,1
04_custom_losses/h16d025_dirw2.0,2022,2023,0.9949033834279231,0.022711386904120445,0.225449800491333,-0.0006967075169086456,t-0,t-0,0,False,False,True,False,1
04_custom_losses/h16d025_dirw2.0,2024,2025,0.9992553667977209,0.008637350052595139,-0.08791589736938477,4.682689905166626e-06,t-0,t-0,0,False,False,True,False,1
04_custom_losses/h16d015_dirw5.0,2020,2021,0.9989434692344477,0.010380109772086143,0.06973385810852051,-0.0004483126103878021,t-0,t-0,0,False,False,True,False,1
04_custom_losses/h16d015_dirw5.0,2021,2022,0.9987658325803598,0.011224069632589817,-0.08308696746826172,0.0004968345165252686,t-0,t-0,0,False,False,True,False,1
04_custom_losses/h16d015_dirw5.0,2022,2023,0.9944893398062638,0.023632558062672615,0.19738507270812988,-0.0007708035409450531,t-0,t-0,0,False,False,True,False,1
04_custom_losses/h16d015_dirw5.0,2024,2025,0.9996162860743792,0.0062044900842010975,-0.06329488754272461,-2.1941959857940674e-06,t-0,t-0,0,False,False,True,False,1
04_custom_losses/h16d015_dirw2.0_colw1.0t0.005,2020,2021,0.9989434692344477,0.010380109772086143,0.06973385810852051,-0.0004483126103878021,t-0,t-0,0,False,False,True,False,1
04_custom_losses/h16d015_dirw2.0_colw1.0t0.005,2021,2022,0.9987658325803598,0.011224069632589817,-0.08308696746826172,0.0004968345165252686,t-0,t-0,0,False,False,True,False,1
04_custom_losses/h16d015_dirw2.0_colw1.0t0.005,2022,2023,0.9944893398062638,0.023632558062672615,0.19738507270812988,-0.0007708035409450531,t-0,t-0,0,False,False,True,False,1
04_custom_losses/h16d015_dirw2.0_colw1.0t0.005,2024,2025,0.9996162860743792,0.0062044900842010975,-0.06329488754272461,-2.1941959857940674e-06,t-0,t-0,0,False,False,True,False,1
