experiment_name_attention,period_type,n_periods,avg_entropy,std_entropy,min_entropy,max_entropy,avg_concentration,entropy_trend,top_timestep,phase_prefix,exp_name_only,experiment_name_collapse,phase,dir_acc,sharpe_ratio,test_rmse,test_mae,has_any_collapse,has_strong_collapse,has_degradation,has_unidirectional,healthy_pct,degraded_pct,unidirectional_pct,weak_collapse_pct,strong_collapse_pct,problematic_pct,pred_std,composite_score,collapsed,collapse_type
02b_vintage_sweep/baseline_h16_drop0.10,yearly,6,2.8185449043909707,0.11923120693946201,2.5987205505371094,2.9563286304473877,0.0516057051718235,0.032165275301252,19,02b_vintage_sweep,baseline_h16_drop0.10,baseline_h16_drop0.10,02b_vintage_sweep,0.5327613104524181,0.7229074851021601,1.0821499824523926,0.7721704840660095,False,False,True,True,61.15444617784711,12.948517940717627,25.897035881435254,0.0,0.0,38.84555382215289,0.0554251871989932,0.5429674649838774,False,
02b_vintage_sweep/baseline_h20_drop0.30,yearly,6,2.6604120333989463,0.17774455136374748,2.404229164123535,2.871335029602051,0.08254298567771912,0.08494663919721333,19,02b_vintage_sweep,baseline_h20_drop0.30,baseline_h20_drop0.30,02b_vintage_sweep,0.5374414976599063,0.8380294796085687,1.084668755531311,0.7723454236984253,True,True,False,True,2.3400936037441498,0.0,85.95943837753511,5.538221528861154,6.162246489859594,97.65990639625586,0.0249886854027257,0.4985173780937046,True,
02b_vintage_sweep/baseline_h16_drop0.20,yearly,6,2.841848095258077,0.10146753160872926,2.648083448410034,2.958965539932251,0.05053347907960415,0.02441819735935761,19,02b_vintage_sweep,baseline_h16_drop0.20,baseline_h16_drop0.20,02b_vintage_sweep,0.5397815912636506,0.8907643827439599,1.082805633544922,0.7712386846542358,False,False,True,True,17.160686427457097,0.3900156006240249,82.44929797191888,0.0,0.0,82.8393135725429,0.0410652096231621,0.544406178550747,True,
02b_vintage_sweep/baseline_h10_drop0.30,yearly,6,2.9916796684265137,0.0003204253752180081,2.99118709564209,2.9920554161071777,0.050260831912358604,-5.7125091552540755e-05,19,02b_vintage_sweep,baseline_h10_drop0.30,baseline_h10_drop0.30,02b_vintage_sweep,0.5374414976599063,0.8380294796085687,1.0826647281646729,0.7721052765846252,True,True,False,True,2.3400936037441498,0.0,70.04680187207488,14.97659906396256,12.636505460218409,97.65990639625583,0.0241957591681908,0.5182101165493691,True,
02b_vintage_sweep/baseline_h10_drop0.25,yearly,6,2.99015740553538,0.00024647962919939633,2.9897470474243164,2.9903969764709473,0.05048283996681372,3.1723294939345375e-05,19,02b_vintage_sweep,baseline_h10_drop0.25,baseline_h10_drop0.25,02b_vintage_sweep,0.5374414976599063,0.8380294796085687,1.0824828147888184,0.772119402885437,True,True,False,True,2.3400936037441498,0.0,81.66926677067082,11.388455538221528,4.602184087363495,97.65990639625583,0.0292104405556509,0.5178650163601758,True,
02b_vintage_sweep/baseline_h12_drop0.20,yearly,6,2.8396137158075967,0.058098602603230104,2.770430564880371,2.95772385597229,0.05737781710922718,-0.018999964850289347,19,02b_vintage_sweep,baseline_h12_drop0.20,baseline_h12_drop0.20,02b_vintage_sweep,0.5374414976599063,0.8380294796085687,1.0837846994400024,0.7727149724960327,True,False,False,True,2.3400936037441498,0.0,96.48985959438376,1.1700468018720749,0.0,97.65990639625583,0.0357457692945219,0.5136357034032546,True,
02b_vintage_sweep/baseline_h10_drop0.15,yearly,6,2.7934298117955527,0.09928882291965854,2.620946168899536,2.932277202606201,0.05147357409199079,0.02447152137756357,19,02b_vintage_sweep,baseline_h10_drop0.15,baseline_h10_drop0.15,02b_vintage_sweep,0.5374414976599063,0.8380294796085687,1.0825012922286987,0.7718974351882935,True,True,False,True,2.3400936037441498,0.0,72.15288611544462,9.906396255850234,15.600624024960998,97.65990639625583,0.0287534367561434,0.5244219199548471,True,
02b_vintage_sweep/baseline_h14_drop0.30,yearly,6,2.9885907570521035,0.0014035888479737844,2.9866108894348145,2.990755558013916,0.05003591316441695,0.00014011519295829613,3,02b_vintage_sweep,baseline_h14_drop0.30,baseline_h14_drop0.30,02b_vintage_sweep,0.5374414976599063,0.8380294796085687,1.0820789337158203,0.7720149755477905,False,False,False,True,2.3400936037441498,0.0,97.65990639625583,0.0,0.0,97.65990639625583,0.0448799081238982,0.5464349064910446,True,
02b_vintage_sweep/baseline_h14_drop0.10,yearly,6,2.7716455459594727,0.07978200326766074,2.6735713481903076,2.8868825435638428,0.05421079260607561,0.008930560520716972,0,02b_vintage_sweep,baseline_h14_drop0.10,baseline_h14_drop0.10,02b_vintage_sweep,0.5101404056162246,0.6297641672709747,1.0837204456329346,0.7741918563842773,False,False,True,True,40.40561622464899,16.69266770670827,42.90171606864275,0.0,0.0,59.59438377535102,0.053873301958625,0.4770572903160487,False,
02b_vintage_sweep/baseline_h18_drop0.20,yearly,6,2.860894799232483,0.05667841127236893,2.768423318862915,2.9487760066986084,0.053382255136966705,-0.0021880081721715795,19,02b_vintage_sweep,baseline_h18_drop0.20,baseline_h18_drop0.20,02b_vintage_sweep,0.5374414976599063,0.8380294796085687,1.0828698873519895,0.772146999835968,True,True,False,True,2.3400936037441498,0.0,69.57878315132605,9.126365054602184,18.954758190327613,97.65990639625583,0.0245267277944016,0.510625254944335,True,
02b_vintage_sweep/baseline_h14_drop0.25,yearly,6,2.93703826268514,0.03493312690014694,2.878150224685669,2.970719337463379,0.050458760311206184,0.002857889447893208,19,02b_vintage_sweep,baseline_h14_drop0.25,baseline_h14_drop0.25,02b_vintage_sweep,0.5374414976599063,0.8380294796085687,1.0837801694869995,0.7746374607086182,False,False,False,True,2.3400936037441498,0.0,97.65990639625583,0.0,0.0,97.65990639625583,0.0637433054392225,0.50676551736733,True,
02b_vintage_sweep/baseline_h10_drop0.10,yearly,6,2.780064423878988,0.13216887614705713,2.5194506645202637,2.9083099365234375,0.05310768447816372,0.0362218720572336,19,02b_vintage_sweep,baseline_h10_drop0.10,baseline_h10_drop0.10,02b_vintage_sweep,0.5382215288611545,0.84640081630915,1.082761526107788,0.7718783020973206,True,True,False,True,2.3400936037441498,0.0,72.46489859594384,15.522620904836192,9.67238689547582,97.65990639625583,0.0288326282867526,0.5233540742565145,True,
02b_vintage_sweep/baseline_h16_drop0.30,yearly,6,2.8246991634368896,0.08937423648999888,2.6629202365875244,2.9436392784118652,0.050316156819462776,0.016815171922956087,19,02b_vintage_sweep,baseline_h16_drop0.30,baseline_h16_drop0.30,02b_vintage_sweep,0.5374414976599063,0.8380294796085687,1.083248257637024,0.7722952365875244,False,False,False,True,2.3400936037441498,0.0,97.65990639625583,0.0,0.0,97.65990639625583,0.0429842922466577,0.5116311852830471,True,
02b_vintage_sweep/baseline_h18_drop0.30,yearly,6,2.8688740730285645,0.06362954021068656,2.7590439319610596,2.95261549949646,0.05222382086018721,-0.005852222442627011,19,02b_vintage_sweep,baseline_h18_drop0.30,baseline_h18_drop0.30,02b_vintage_sweep,0.5374414976599063,0.8380294796085687,1.0828832387924194,0.7720409035682678,True,True,False,True,2.3400936037441498,0.0,75.27301092043682,6.084243369734789,16.302652106084242,97.65990639625583,0.0292824694621583,0.5056151834033525,True,
02b_vintage_sweep/baseline_h18_drop0.10,yearly,6,2.8263362646102905,0.10882762058197502,2.592482566833496,2.91176176071167,0.05911522793273131,0.008726821626935582,19,02b_vintage_sweep,baseline_h18_drop0.10,baseline_h18_drop0.10,02b_vintage_sweep,0.5374414976599063,0.8380294796085687,1.0826698541641235,0.7722826600074768,True,True,False,True,2.3400936037441498,0.0,77.61310452418097,11.466458658346331,8.580343213728549,97.65990639625583,0.0283906344688693,0.5197471585267687,True,
02b_vintage_sweep/baseline_h14_drop0.20,yearly,6,2.8905426263809204,0.05694594393785226,2.792407512664795,2.9529459476470947,0.05093004492421945,0.003264502116611871,19,02b_vintage_sweep,baseline_h14_drop0.20,baseline_h14_drop0.20,02b_vintage_sweep,0.5366614664586583,0.8372966520439408,1.0842397212982178,0.7738963961601257,True,False,False,True,2.3400936037441498,0.0,97.42589703588143,0.234009360374415,0.0,97.65990639625583,0.0510459388853807,0.5066707915063238,False,
02b_vintage_sweep/baseline_h20_drop0.15,yearly,6,2.613322695096334,0.24087136290574748,2.153581380844116,2.8348114490509033,0.08132906506458919,0.08208374977111821,19,02b_vintage_sweep,baseline_h20_drop0.15,baseline_h20_drop0.15,02b_vintage_sweep,0.5374414976599063,0.8380294796085687,1.0846494436264038,0.7729595303535461,True,True,False,True,2.3400936037441498,0.0,86.66146645865834,3.6661466458658345,7.332293291731669,97.65990639625583,0.0459762861200088,0.5168297157925961,True,
02b_vintage_sweep/baseline_h18_drop0.15,yearly,6,2.867450396219889,0.06645885137136089,2.733947992324829,2.936332941055298,0.055569746841986976,-0.0015474864414760394,19,02b_vintage_sweep,baseline_h18_drop0.15,baseline_h18_drop0.15,02b_vintage_sweep,0.5374414976599063,0.8380294796085687,1.0830228328704834,0.7722946405410767,True,True,False,True,2.3400936037441498,0.0,72.30889235569423,10.686427457098285,14.664586583463338,97.65990639625583,0.0279470629157117,0.5068364954204264,True,
02b_vintage_sweep/baseline_h12_drop0.10,yearly,6,2.7284366687138877,0.16755996272572737,2.493840217590332,2.918381929397583,0.07282437197864056,-0.05368221146719794,19,02b_vintage_sweep,baseline_h12_drop0.10,baseline_h12_drop0.10,02b_vintage_sweep,0.5358814352574103,0.8258022824440694,1.0833075046539309,0.7724334597587585,True,False,True,True,4.5241809672386895,2.418096723868955,92.04368174726989,1.014040561622465,0.0,95.47581903276132,0.0414301964591787,0.5373511704603218,True,
02b_vintage_sweep/baseline_h20_drop0.10,yearly,6,2.4292606512705484,0.32711404640629893,1.8346118927001953,2.7408900260925293,0.10489038936793804,0.12267387935093467,19,02b_vintage_sweep,baseline_h20_drop0.10,baseline_h20_drop0.10,02b_vintage_sweep,0.5374414976599063,0.8380294796085687,1.0846105813980105,0.7727853655815125,True,True,False,True,2.3400936037441498,0.0,92.04368174726989,3.5101404056162244,2.1060842433697347,97.65990639625583,0.037238724700855,0.5101418699275573,True,
02b_vintage_sweep/baseline_h14_drop0.15,yearly,6,2.8797436952590942,0.05966694159960841,2.7911558151245117,2.9562108516693115,0.05051154953738054,-0.0033623354775565197,19,02b_vintage_sweep,baseline_h14_drop0.15,baseline_h14_drop0.15,02b_vintage_sweep,0.5374414976599063,0.8380294796085687,1.0833745002746582,0.7729485630989075,False,False,False,True,2.3400936037441498,0.0,97.65990639625583,0.0,0.0,97.65990639625583,0.0504869761020384,0.5052456080234363,True,
02b_vintage_sweep/baseline_h12_drop0.15,yearly,6,2.85511044661204,0.06555324610348093,2.7405402660369873,2.9543509483337402,0.05920555628836155,-0.017687640871320465,19,02b_vintage_sweep,baseline_h12_drop0.15,baseline_h12_drop0.15,02b_vintage_sweep,0.5374414976599063,0.8380294796085687,1.0836448669433594,0.7726311683654785,True,True,False,True,2.3400936037441498,0.0,96.41185647425895,0.31201248049922,0.93603744149766,97.65990639625583,0.0389624505852373,0.5256872873152223,True,
02b_vintage_sweep/baseline_h10_drop0.20,yearly,6,2.914351542790731,0.026036600438747608,2.8791871070861816,2.9561715126037598,0.05169882314900557,-0.00392408370971698,19,02b_vintage_sweep,baseline_h10_drop0.20,baseline_h10_drop0.20,02b_vintage_sweep,0.5374414976599063,0.8380294796085687,1.082518458366394,0.7720995545387268,True,True,False,True,2.3400936037441498,0.0,84.86739469578784,5.61622464898596,7.17628705148206,97.65990639625586,0.0298014837525948,0.5201412090974077,True,
02b_vintage_sweep/baseline_h16_drop0.25,yearly,6,2.838536779085795,0.09884415407317908,2.656442642211914,2.960329055786133,0.05033006022373835,0.02504081044878269,19,02b_vintage_sweep,baseline_h16_drop0.25,baseline_h16_drop0.25,02b_vintage_sweep,0.5374414976599063,0.958706226628333,1.0825060606002808,0.7723751068115234,True,False,True,True,49.84399375975039,6.474258970358815,43.29173166926677,0.3900156006240249,0.0,50.15600624024961,0.0371952188908219,0.5373644008091292,True,
02b_vintage_sweep/baseline_h12_drop0.30,yearly,6,2.9180825551350913,0.02046174144831343,2.8989601135253906,2.961056709289551,0.05146022575596968,-0.006031867436000259,19,02b_vintage_sweep,baseline_h12_drop0.30,baseline_h12_drop0.30,02b_vintage_sweep,0.5374414976599063,0.8380294796085687,1.082868218421936,0.771864116191864,True,True,False,True,2.3400936037441498,0.0,93.99375975039,2.65210608424337,1.014040561622465,97.65990639625583,0.0264123234830817,0.5088483560978507,True,
02b_vintage_sweep/baseline_h18_drop0.25,yearly,6,2.8632379372914634,0.06392218791041838,2.7503628730773926,2.950758695602417,0.05259107860426108,-0.0036644935607910508,19,02b_vintage_sweep,baseline_h18_drop0.25,baseline_h18_drop0.25,02b_vintage_sweep,0.5374414976599063,0.8380294796085687,1.082848310470581,0.7720234990119934,True,True,False,True,2.3400936037441498,0.0,72.23088923556942,7.410296411856475,18.018720748829956,97.65990639625583,0.0285119150325233,0.5074238999977765,True,
02b_vintage_sweep/baseline_h20_drop0.20,yearly,6,2.815832177797953,0.14953078771051756,2.5045578479766846,2.9377856254577637,0.0627907495945692,0.0381008080073765,19,02b_vintage_sweep,baseline_h20_drop0.20,baseline_h20_drop0.20,02b_vintage_sweep,0.5374414976599063,0.8380294796085687,1.0841147899627686,0.7725160121917725,True,False,False,True,2.3400936037441498,0.0,97.19188767550702,0.46801872074883,0.0,97.65990639625583,0.04313322931532,0.5151678503425097,True,
02b_vintage_sweep/baseline_h12_drop0.25,yearly,6,2.8929400046666465,0.034027404530096284,2.867825984954834,2.965702772140503,0.05353386824329694,-0.011743211746215879,19,02b_vintage_sweep,baseline_h12_drop0.25,baseline_h12_drop0.25,02b_vintage_sweep,0.5374414976599063,0.8380294796085687,1.0833581686019895,0.7722258567810059,True,True,False,True,2.3400936037441498,0.0,94.22776911076444,2.80811232449298,0.62402496099844,97.65990639625583,0.0286143485260364,0.5113876571353541,True,
02b_vintage_sweep/baseline_h20_drop0.25,yearly,6,2.358626127243042,0.20464800578278916,2.0968806743621826,2.639962911605835,0.12522930527726808,0.10060303551810124,19,02b_vintage_sweep,baseline_h20_drop0.25,baseline_h20_drop0.25,02b_vintage_sweep,0.5374414976599063,0.8380294796085687,1.085410237312317,0.7735236883163452,True,True,False,True,2.3400936037441498,0.0,74.72698907956318,2.65210608424337,20.2808112324493,97.65990639625583,0.0410071971577478,0.4945793199063862,True,
02b_vintage_sweep/baseline_h16_drop0.15,yearly,6,2.863043506940206,0.09566870168733979,2.6752891540527344,2.9745535850524902,0.050922827795147896,0.018506874356950927,19,02b_vintage_sweep,baseline_h16_drop0.15,baseline_h16_drop0.15,02b_vintage_sweep,0.5226209048361935,0.758673810922825,1.0818235874176023,0.7724085450172424,False,False,True,True,62.01248049921997,15.132605304212168,22.85491419656786,0.0,0.0,37.98751950078003,0.0641241997416946,0.5363208928433499,False,
