Date,SP500_Returns,VIX,Treasury_10Y,Yield_Spread,Inflation_YoY,VIX_relative,VIX_spike,Treasury_10Y_change,CPI
2000-12-01,-1.977987186788677,27.838,5.52,-0.1,3.388822829964333,1.0740797901072614,0,-0.1100000000000003,173.9
2000-12-08,4.155929760680066,25.118,5.35,-0.15,3.388822829964333,0.9362082782012336,0,-0.1699999999999999,173.9
2000-12-15,-4.214936207794251,24.686,5.2,-0.18,3.444180522565321,0.9291629027401384,0,-0.1499999999999994,174.2
2000-12-22,-0.4725125272894148,28.764,5.02,-0.08,3.444180522565321,1.1001510776233003,0,-0.1800000000000006,174.2
2000-12-29,1.0972915242380532,27.5725,5.12,0.01,3.444180522565321,1.0365017010318966,0,0.1000000000000005,174.2
2001-01-05,-1.6610153319229215,28.0575,4.93,0.37,3.444180522565321,1.0573720681549457,0,-0.1900000000000004,174.2
2001-01-12,1.555826519969794,26.996,5.25,0.35,3.444180522565321,0.98995232856619,0,0.3200000000000003,174.2
2001-01-19,1.819422042848995,24.205,5.19,0.44,3.376777251184837,0.8691983122362869,0,-0.0599999999999996,174.5
2001-01-26,0.9243606706911268,22.412,5.29,0.51,3.376777251184837,0.8391571734796079,0,0.0999999999999996,174.5
2001-02-02,-0.4044415414761637,22.162,5.17,0.52,3.376777251184837,0.8719146655126118,0,-0.1200000000000001,174.5
2001-02-09,-2.572118067911866,21.866000000000003,5.03,0.36,3.376777251184837,0.913223701383451,0,-0.1399999999999996,174.5
2001-02-16,-1.006265810526774,21.44,5.11,0.36,3.376777251184837,0.9461084450328204,0,0.08,174.5
2001-02-23,-4.277276950374098,26.1025,5.1,0.57,3.903015966883494,1.188097405553027,0,-0.0100000000000006,175.7
2001-03-02,-0.9374995407151698,27.156,4.95,0.47,3.903015966883494,1.1862335577505856,0,-0.1499999999999994,175.7
2001-03-09,-0.0615801368155199,25.408,4.95,0.48,3.903015966883494,1.0524778774808548,0,0.0,175.7
2001-03-16,-6.72033951899299,29.19,4.78,0.52,3.903015966883494,1.1663578289122083,0,-0.1699999999999999,175.7
2001-03-23,-0.9300125133393178,31.192,4.8,0.56,3.6470588235294032,1.1567962987858869,0,0.0199999999999995,176.2
2001-03-30,1.7985138828038094,28.494,4.93,0.75,3.6470588235294032,1.009119402192198,0,0.1299999999999999,176.2
2001-04-06,-2.749209582782375,32.326,4.89,0.82,3.6470588235294032,1.1314269714045713,0,-0.04,176.2
2001-04-13,4.880226834437851,28.9825,5.17,0.81,3.6470588235294032,0.9565023679477236,0,0.2800000000000002,176.2
2001-04-20,5.025769367870714,25.122,5.29,1.03,2.978971962616828,0.8305170896197761,0,0.1200000000000001,176.3
2001-04-27,0.8101553136501405,26.806,5.34,1.06,2.978971962616828,0.932995140287754,0,0.0499999999999998,176.3
2001-05-04,1.0821544228116764,24.72,5.21,1.07,2.978971962616828,0.8732166748354109,0,-0.1299999999999999,176.3
2001-05-11,-1.6532272481996846,24.238,5.51,1.15,2.978971962616828,0.9178409644941564,0,0.2999999999999998,176.3
2001-05-18,3.716065680248448,22.512,5.41,1.04,3.2710280373831946,0.8925718137303492,0,-0.0999999999999996,176.8
2001-05-25,-1.0890388800325337,21.072,5.52,1.21,3.2710280373831946,0.8576661646790671,0,0.1099999999999994,176.8
2001-06-01,-1.3475315172458258,22.2825,5.39,1.17,3.2710280373831946,0.9631302543709882,0,-0.1299999999999999,176.8
2001-06-08,0.3402886435503793,20.188,5.38,1.21,3.2710280373831946,0.8962038521938416,0,-0.0099999999999997,176.8
2001-06-15,-4.000124679712103,21.756,5.27,1.26,3.6193812025685945,1.0112661162402896,0,-0.1100000000000003,177.5
2001-06-22,0.9050026653499632,21.324,5.14,1.21,3.6193812025685945,0.9999706911610404,0,-0.1299999999999999,177.5
2001-06-29,-0.0791586667034605,20.364,5.42,1.17,3.6193812025685945,0.9521393796646426,0,0.2800000000000002,177.5
2001-07-06,-2.7597673049009064,19.85,5.41,1.25,3.6193812025685945,0.9493973598622536,0,-0.0099999999999997,177.5
2001-07-13,2.1073659791293498,22.594,5.27,1.15,3.6193812025685945,1.0850241313900162,0,-0.1400000000000005,177.5
2001-07-20,-0.3973149111277996,22.794,5.15,1.17,3.2501450957632017,1.0837255740978462,0,-0.1199999999999992,177.9
2001-07-27,-0.4154130898372354,23.598,5.13,1.26,3.2501450957632017,1.102684516716899,0,-0.0200000000000004,177.9
2001-08-03,0.7074048926729359,20.97,5.2,1.29,3.2501450957632017,0.9442118060245844,0,0.0700000000000002,177.9
2001-08-10,-1.9920074025264525,21.504,4.99,1.26,3.2501450957632017,0.9562008092845392,0,-0.2099999999999999,177.9
2001-08-17,-2.368594362689413,21.438,4.84,1.17,2.7214823393167498,0.964958476807778,0,-0.1500000000000003,177.4
2001-08-24,1.9759618223110345,22.33,4.93,1.17,2.7214823393167498,1.0206833504742316,0,0.0899999999999998,177.4
2001-08-31,-4.333597371037468,23.184,4.85,1.21,2.7214823393167498,1.0752997379467082,0,-0.08,177.4
2001-09-07,-4.2167230024228175,27.95,4.8,1.27,2.7214823393167498,1.2639052184136743,0,-0.0499999999999998,177.4
2001-09-14,0.6225947782446006,31.84,4.84,1.31,2.7214823393167498,1.3420159743735645,0,0.04,177.4
2001-09-21,-11.600494877815724,41.518,4.7,1.79,2.7793862188766782,1.5770720960267417,1,-0.1399999999999996,177.5
2001-09-28,7.78007398664291,34.95,4.6,1.74,2.838933951332568,1.1229637245766797,0,-0.1000000000000005,177.5
2001-10-05,2.924286240322349,32.04,4.52,1.81,2.7793862188766782,0.9405686271631758,0,-0.08,177.5
2001-10-12,1.8919542495537955,33.3,4.68,1.87,2.7793862188766782,0.9490694559238464,0,0.1600000000000001,177.5
2001-10-19,-1.6644568807723137,34.466,4.63,1.86,3.1847133757961776,0.9721877468125918,0,-0.0499999999999998,178.2
2001-10-26,2.899914805045478,30.616000000000003,4.53,1.9,2.6497695852534475,0.9087832823770372,0,-0.0999999999999996,178.2
2001-11-02,-1.5761250043513253,32.336,4.37,1.89,2.6497695852534475,0.9917345233166184,0,-0.1600000000000001,178.2
2001-11-09,3.0454478393037165,28.898000000000003,4.34,1.89,2.6497695852534475,0.8842852552823636,0,-0.0300000000000002,178.2
2001-11-16,1.6370437522745585,25.915,4.91,1.82,2.304147465437789,0.8206402989328351,0,0.5700000000000003,177.6
2001-11-23,1.0266492034956445,24.005000000000003,5.04,1.84,2.304147465437789,0.815352609009468,0,0.1299999999999999,177.6
2001-11-30,-0.9466779362631071,24.542,4.78,1.94,2.127659574468077,0.8831710959569607,0,-0.2599999999999998,177.6
2001-12-07,1.655194017295636,24.014,5.2,2.01,2.127659574468077,0.9293343653250772,0,0.4199999999999999,177.6
2001-12-14,-3.0406446453721148,25.266,5.24,2.04,2.127659574468077,1.026280515049352,0,0.04,177.6
2001-12-21,1.9410776956058085,23.26,5.12,1.95,2.127659574468077,0.951066678933219,0,-0.1200000000000001,177.6
2001-12-28,1.40886938277347,21.975,5.15,1.99,1.9517795637198576,0.9054201602768792,0,0.0300000000000002,177.6
2002-01-04,0.989646176731207,22.075,5.18,1.99,1.9517795637198576,0.9342432418134688,0,0.0299999999999993,177.6
2002-01-11,-2.2950792705869194,22.172,4.92,2.16,1.9517795637198576,0.9580020739716558,0,-0.2599999999999998,177.6
2002-01-18,-1.5729765987497757,22.9,4.94,2.03,1.7795637198622316,1.0236695648286809,0,0.0200000000000004,177.3
2002-01-25,0.5055138849870744,21.9125,5.1,1.93,1.6045845272206316,0.9834833150063956,0,0.1599999999999992,177.3
2002-02-01,-0.9776999363409256,22.184,5.02,1.94,1.6045845272206316,0.9963675969436164,0,-0.08,177.3
2002-02-08,-2.315093708712068,24.956,4.9,1.95,1.6045845272206316,1.119498477601395,0,-0.1199999999999992,177.3
2002-02-15,0.7261392075083917,21.678,4.86,1.89,1.6045845272206316,0.9430086185802454,0,-0.04,177.3
2002-02-22,-1.2987091953373664,23.4375,4.84,1.87,1.776504297994275,1.0332798783209614,0,-0.0200000000000004,177.6
2002-03-01,3.848277250962684,21.312,4.98,1.8,1.081388730791133,0.9240424690126876,0,0.1400000000000005,177.6
2002-03-08,2.8742360224437213,20.01,5.33,1.73,1.081388730791133,0.8758692761822431,0,0.3499999999999996,177.6
2002-03-15,0.1588902863359109,19.302,5.35,1.72,1.081388730791133,0.8932234273318871,0,0.0199999999999995,177.6
2002-03-22,-1.4972287247088212,18.294,5.4,1.63,1.309049516220839,0.870505522742278,0,0.0500000000000007,178.0
2002-03-29,-0.1140364393766302,17.9275,5.42,1.7,1.309049516220839,0.908664689931321,0,0.0199999999999995,178.0
2002-04-05,-2.1492285852987347,19.4,5.22,1.73,1.0215664018161208,1.0273587216268276,0,-0.2000000000000001,178.0
2002-04-12,-1.0438815126529222,19.398000000000003,5.18,1.77,1.0215664018161208,1.035616328655229,0,-0.04,178.0
2002-04-19,1.2745190462032596,18.79,5.21,1.85,1.3620885357548351,1.001872846393271,0,0.0300000000000002,178.6
2002-04-26,-4.341574673012206,20.782,5.08,1.86,1.3045944412932498,1.100807119068271,0,-0.1299999999999999,178.6
2002-05-03,-0.2684975399823042,21.256,5.08,1.91,1.3045944412932498,1.0849049381140743,0,0.0,178.6
2002-05-10,-1.717863535943831,21.772,5.15,1.96,1.3045944412932498,1.0855333682347368,0,0.0700000000000002,178.6
2002-05-17,4.891039352370918,19.092,5.27,1.86,1.8150879183210344,0.9245520581113802,0,0.1199999999999992,179.5
2002-05-24,-2.05767449864509,19.2,5.16,1.88,1.527149321266963,0.9263950206267644,0,-0.1099999999999994,179.5
2002-05-31,-1.538994710121011,20.3225,5.08,1.86,1.527149321266963,0.9996310870634532,0,-0.08,179.5
2002-06-07,-3.711788969380159,23.508000000000003,5.1,1.94,1.527149321266963,1.1697486518258664,0,0.0199999999999995,179.5
2002-06-14,-1.9717194814723449,24.66,4.83,1.91,1.527149321266963,1.201132454564827,0,-0.2699999999999996,179.5
2002-06-21,-1.7999150705636624,25.93,4.79,1.91,1.527149321266963,1.1827963120292393,0,-0.04,179.5
2002-06-28,0.0687458464637025,26.986,4.86,1.96,1.1267605633802802,1.1432263120826516,0,0.0700000000000002,179.5
2002-07-05,-0.0798102707056047,28.15,4.9,2.0,1.1267605633802802,1.1139250524316409,0,0.04,179.5
2002-07-12,-6.839025372821528,31.872000000000003,4.63,2.07,1.1267605633802802,1.2058339481300722,0,-0.2700000000000004,179.5
2002-07-19,-7.992274007498912,36.084,4.61,2.13,1.2394366197183038,1.2780109440578018,0,-0.0199999999999995,179.7
2002-07-26,0.6004160254165392,40.286,4.43,2.23,1.0118043844856484,1.3091346310077017,0,-0.1800000000000006,179.7
2002-08-02,1.3367059495248412,34.704,4.33,2.34,1.0118043844856484,1.017772303360901,0,-0.0999999999999996,179.7
2002-08-09,5.137464699130812,39.5,4.27,2.17,1.0118043844856484,1.1053124956277196,0,-0.0600000000000005,179.7
2002-08-16,2.215399339484403,32.694,4.32,2.04,1.1242270938729648,0.8685164769482115,0,0.0500000000000007,179.9
2002-08-23,1.3017179243591803,28.7,4.25,2.06,1.1242270938729648,0.7799760843569953,0,-0.0700000000000002,179.9
2002-08-30,-2.6348211650302766,31.926,4.14,2.0,1.4092446448703555,0.9417838021209752,0,-0.1100000000000003,179.9
2002-09-06,-2.4179401396145828,38.15,4.05,1.97,1.4092446448703555,1.1489233549164282,0,-0.0899999999999998,179.9
2002-09-13,-0.4597710567094015,35.932,3.92,1.85,1.4092446448703555,1.093238001064882,0,-0.1299999999999999,179.9
2002-09-20,-4.992075053329714,38.38,3.79,1.85,1.6901408450704205,1.1396502063723015,0,-0.1299999999999999,180.5
2002-09-27,-2.131562854896485,37.82,3.69,1.87,1.6901408450704205,1.0477324985455854,0,-0.1,180.5
2002-10-04,-3.237968283288939,37.482,3.69,1.91,1.6901408450704205,0.997644428474468,0,0.0,180.5
2002-10-11,4.339352655922757,39.80800000000001,3.83,1.98,1.6901408450704205,1.0642854278342937,0,0.1400000000000001,180.5
2002-10-18,5.874396266576287,34.4125,4.14,2.05,1.8591549295774668,0.8968010945338458,0,0.3099999999999996,180.8
2002-10-25,1.499339606507899,32.886,4.12,2.14,1.4590347923681302,0.879760571151499,0,-0.0199999999999995,180.8
2002-11-01,0.3687403184503113,31.002,4.01,2.25,1.4590347923681302,0.8576615705951717,0,-0.1100000000000003,180.8
2002-11-08,-0.6903782173000805,30.722,3.85,1.98,1.4590347923681302,0.8897931698628252,0,-0.1599999999999997,180.8
2002-11-15,1.6865264792194967,29.285,4.05,2.14,1.4590347923681302,0.9079036602143036,0,0.1999999999999997,180.8
2002-11-22,2.277345252841778,25.472,4.18,2.08,2.083333333333348,0.8223737842527947,0,0.1299999999999999,181.3
2002-11-29,0.6189898276487416,26.1975,4.22,2.14,2.083333333333348,0.8996316995904912,0,0.04,181.3
2002-12-06,-2.571799633949423,28.738,4.09,2.2,2.083333333333348,1.029330253007571,0,-0.1299999999999999,181.3
2002-12-13,-2.493888656050302,28.554,4.07,2.2,2.083333333333348,1.0412380062447295,0,-0.0199999999999995,181.3
2002-12-20,0.7060337989355903,27.622000000000003,3.97,2.21,2.195945945945943,1.0140095354781278,0,-0.1,181.5
2002-12-27,-2.2729285890860096,27.4025,3.83,2.23,2.195945945945943,0.9864865472970844,0,-0.1400000000000001,181.5
2003-01-03,3.791409814458424,27.0775,4.05,2.26,2.195945945945943,0.964328482458054,0,0.2199999999999997,181.5
2003-01-10,2.088948800641988,24.828,4.16,2.37,2.195945945945943,0.8974840948525158,0,0.1100000000000003,181.5
2003-01-17,-2.780380760880863,25.138,4.05,2.35,2.2522522522522515,0.9403535022912188,0,-0.1100000000000003,181.6
2003-01-24,-4.477810948452376,28.91,3.94,2.28,2.425267907501394,1.1071749995212838,0,-0.1099999999999998,181.6
2003-01-31,-0.6617148880287638,32.074,4.0,2.28,2.425267907501394,1.210870806533055,0,0.06,181.6
2003-02-07,-3.039617785973814,32.836,3.96,2.33,2.425267907501394,1.1838125281658405,0,-0.04,181.6
2003-02-14,0.626741577183032,33.664,3.95,2.33,2.425267907501394,1.131962541401167,0,-0.0099999999999997,181.6
2003-02-21,1.5906248761773378,30.9575,3.9,2.27,2.7636773829667005,0.9713375796178344,0,-0.0500000000000002,182.2
2003-02-28,-0.8276593887474704,31.164,3.71,2.18,2.5900900900900803,0.9623605069037262,0,-0.1899999999999999,182.2
2003-03-07,-1.4575295024410462,31.018,3.63,2.24,2.5900900900900803,0.96462877512702,0,-0.08,182.2
2003-03-14,0.5284181019685974,32.634,3.72,2.16,2.5900900900900803,1.0294353073850486,0,0.0900000000000003,182.2
2003-03-21,7.502965069025747,30.566000000000003,4.11,2.31,3.209459459459474,0.9720966658318329,0,0.3900000000000001,183.3
2003-03-28,-3.60463711577248,28.616000000000003,3.92,2.36,2.977528089887649,0.9129221100317432,0,-0.1900000000000004,183.3
2003-04-04,1.7776462751520006,28.574,3.96,2.41,2.977528089887649,0.9304915577120342,0,0.04,183.3
2003-04-11,-1.200431027597737,26.546,4.0,2.35,2.977528089887649,0.8820001661267546,0,0.04,183.3
2003-04-18,2.911439554563544,22.4975,3.98,2.27,2.9675251959686566,0.7873003097058668,0,-0.02,183.9
2003-04-25,0.5852839554070011,20.916,3.91,2.34,2.9675251959686566,0.7875481839532728,0,-0.0699999999999998,183.9
2003-05-02,3.4790466968755984,21.006,3.94,2.38,2.9675251959686566,0.8527455129473732,0,0.0299999999999998,183.9
2003-05-09,0.3580289860550589,20.772,3.69,2.24,2.9675251959686566,0.9134012345339716,0,-0.25,183.9
2003-05-16,1.1666914819594698,19.414,3.46,2.08,2.631578947368429,0.9115463397169908,0,-0.2299999999999999,183.3
2003-05-23,-1.1733577499815628,20.392000000000003,3.34,1.96,2.116991643454047,0.9934232961465388,0,-0.1200000000000001,183.3
2003-05-30,3.254329858528604,19.98,3.37,2.04,2.116991643454047,0.979603843890959,0,0.0300000000000002,183.3
2003-06-06,2.5083263874192907,20.878,3.37,2.1,2.116991643454047,1.0366692321060602,0,0.0,183.3
2003-06-13,0.0860508197876086,20.814,3.13,2.03,2.116991643454047,1.0321332936626004,0,-0.2400000000000002,183.3
2003-06-20,0.71615876784068,19.786,3.4,2.18,2.116991643454047,0.9644180152076428,0,0.27,183.3
2003-06-27,-1.9554310769959728,20.14,3.58,2.2,2.116991643454047,0.9889759139679344,0,0.1800000000000001,183.3
2003-07-04,0.9710968622244298,19.35,3.67,2.35,2.116991643454047,0.9483202234801148,0,0.0899999999999998,183.3
2003-07-11,1.2620475081006166,19.226,3.66,2.37,2.116991643454047,0.9602197527781244,0,-0.0099999999999997,183.3
2003-07-18,-0.4828989173344067,19.646,4.0,2.49,2.284122562674096,1.0010445593742834,0,0.3399999999999998,183.6
2003-07-25,0.5396030797769846,18.788,4.22,2.7,2.17028380634392,0.9590362675786732,0,0.2199999999999997,183.6
2003-08-01,-1.8554460285192145,19.224,4.44,2.59,2.17028380634392,0.99851967276977,0,0.2200000000000006,183.6
2003-08-08,-0.2611842569839373,21.06,4.27,2.55,2.17028380634392,1.095676603714687,0,-0.1700000000000008,183.6
2003-08-15,1.33797969449021,18.64,4.55,2.7,2.33722871452422,0.947178536040042,0,0.2800000000000002,183.9
2003-08-22,0.2412523534241595,18.05,4.48,2.51,2.2234574763757564,0.9290714432777436,0,-0.0699999999999994,183.9
2003-08-29,1.5054490407211407,19.052,4.45,2.5,2.2234574763757564,0.9900485878348532,0,-0.0300000000000002,183.9
2003-09-05,1.327368255591388,18.835,4.35,2.63,2.2234574763757564,0.9809640373948596,0,-0.1000000000000005,183.9
2003-09-12,-0.2702209465573202,19.01,4.27,2.61,2.2234574763757564,1.0196173082853963,0,-0.08,183.9
2003-09-19,1.7346871641922057,18.114,4.17,2.47,2.55697609783212,0.9667631793133816,0,-0.0999999999999996,184.5
2003-09-26,-3.806819587319199,20.966,4.04,2.44,2.216066481994461,1.1180226900054655,0,-0.1299999999999999,184.5
2003-10-03,3.3104279287967,21.152,4.21,2.56,2.216066481994461,1.099876503087423,0,0.1699999999999999,184.5
2003-10-10,0.797211555318178,19.074,4.29,2.64,2.216066481994461,0.9628227455137428,0,0.08,184.5
2003-10-17,0.1213694414771371,17.4675,4.41,2.51,2.4930747922437657,0.881017829672408,0,0.1200000000000001,185.0
2003-10-24,-1.001608036730561,17.330000000000002,4.24,2.48,2.3230088495575174,0.881266725570338,0,-0.1699999999999999,185.0
2003-10-31,2.118739834741024,16.746000000000002,4.33,2.48,2.3230088495575174,0.8928402433904044,0,0.0899999999999998,185.0
2003-11-07,0.2379343580001247,16.726,4.48,2.44,2.3230088495575174,0.9474138846603176,0,0.1500000000000003,185.0
2003-11-14,-0.2715494020790188,16.945,4.22,2.38,2.3230088495575174,0.9928298874314296,0,-0.2600000000000007,185.0
2003-11-21,-1.4347547616836651,18.994,4.15,2.31,2.0408163265306145,1.1214666332088503,0,-0.0699999999999994,185.0
2003-11-28,2.2138862169075457,16.675,4.34,2.28,2.0408163265306145,0.960942790047687,0,0.1899999999999995,185.0
2003-12-05,0.3118549405025428,16.612000000000002,4.23,2.35,2.0408163265306145,0.9582924718777042,0,-0.1099999999999994,185.0
2003-12-12,1.1907691614166271,17.036,4.26,2.42,2.0408163265306145,0.9843700343801464,0,0.0299999999999993,185.0
2003-12-19,1.3517808975771484,16.264,4.15,2.33,1.7079889807162465,0.9385287880317958,0,-0.1099999999999994,184.6
2003-12-26,0.6641173774876163,16.884999999999998,4.17,2.35,1.7079889807162465,1.0143121029630406,0,0.0199999999999995,184.6
2004-01-02,1.1488347965604273,17.825,4.38,2.44,1.7079889807162465,1.0674132071799631,0,0.2099999999999999,184.6
2004-01-09,1.2070587758521656,16.416,4.11,2.43,1.7079889807162465,0.9655050727834144,0,-0.2699999999999996,184.6
2004-01-16,1.6018015561445995,16.434,4.04,2.34,1.9283746556473915,0.9754562991541772,0,-0.0700000000000002,185.0
2004-01-23,0.1509078406213504,14.775,4.09,2.38,1.8722466960352515,0.8747779751332149,0,0.0499999999999998,185.0
2004-01-30,-0.9127978187210783,16.09,4.16,2.32,1.8722466960352515,0.9833460656990068,0,0.0700000000000002,185.0
2004-02-06,1.0281757916957843,17.206,4.12,2.35,1.8722466960352515,1.0801851997174918,0,-0.04,185.0
2004-02-13,0.2669019568466213,15.722,4.05,2.35,1.8722466960352515,0.9749321758003254,0,-0.0700000000000002,185.0
2004-02-20,-0.1483730422365159,15.7075,4.1,2.35,2.312775330396488,0.9849042998448104,0,0.0499999999999998,185.8
2004-02-27,0.0725416319509175,15.3,3.99,2.33,1.975850713501659,0.9455315138546632,0,-0.1099999999999994,185.8
2004-03-05,1.0411064820283975,14.546,3.85,2.28,1.975850713501659,0.9100421518561675,0,-0.1400000000000001,185.8
2004-03-12,-3.136943063293152,18.006,3.78,2.24,1.975850713501659,1.175412685331005,0,-0.0700000000000002,185.8
2004-03-19,-0.9628954469036,19.452,3.8,2.24,2.250274423710219,1.2241757723078377,0,0.02,186.3
2004-03-26,-0.1549830288633646,19.454,3.85,2.26,1.6366612111292866,1.1561868536788305,0,0.0500000000000002,186.3
2004-04-02,3.0458637813217893,16.362000000000002,4.15,2.29,1.6366612111292866,0.9158946514036218,0,0.3000000000000002,186.3
2004-04-09,-0.218084635526361,15.5775,4.21,2.33,1.6366612111292866,0.850369844692524,0,0.0599999999999996,186.3
2004-04-16,-0.413401077795672,15.768,4.37,2.34,2.127659574468077,0.8902753174160674,0,0.1600000000000001,187.2
2004-04-23,0.5279338549553536,15.262,4.48,2.19,1.7944535073409318,0.9089731468177452,0,0.1100000000000003,187.2
2004-04-30,-2.919509685304522,15.984,4.53,2.22,1.7944535073409318,1.015348700561383,0,0.0499999999999998,187.2
2004-05-07,-0.7766727424379338,16.824,4.79,2.15,1.7944535073409318,1.0751619628863345,0,0.2599999999999998,187.2
2004-05-14,-0.2730499802789832,18.762,4.79,2.2,2.0119630233822683,1.1756007393715342,0,0.0,187.6
2004-05-21,-0.1952991396811043,19.076,4.76,2.16,2.345881069285305,1.141728513287048,0,-0.0300000000000002,187.6
2004-05-28,2.479973084611564,16.157999999999998,4.66,2.12,2.345881069285305,0.9148713302947084,0,-0.0999999999999996,187.6
2004-06-04,0.1623965986577547,16.5475,4.78,2.08,2.345881069285305,0.9346229878565376,0,0.1200000000000001,187.6
2004-06-11,1.2445408198775043,15.2075,4.81,2.0,2.345881069285305,0.8623048190123824,0,0.0299999999999993,187.6
2004-06-18,-0.1275837645739019,15.21,4.72,1.91,3.000545553737033,0.9082088104017078,0,-0.0899999999999998,188.8
2004-06-25,-0.0519784506141318,14.71,4.66,1.92,3.000545553737033,0.9321483452941084,0,-0.0599999999999996,188.8
2004-07-02,-0.7977617305289564,15.232,4.48,1.94,3.000545553737033,0.9878881232265908,0,-0.1799999999999997,188.8
2004-07-09,-1.1169512728610664,16.009999999999998,4.49,1.94,3.000545553737033,1.0609763169012334,0,0.0099999999999997,188.8
2004-07-16,-1.026234787969471,14.446000000000002,4.38,1.84,3.327877795962908,0.9447696282005168,0,-0.1100000000000003,189.4
2004-07-23,-1.3791720711587518,15.6,4.45,1.76,3.159041394335516,1.0331467929401636,0,0.0700000000000002,189.4
2004-07-30,1.428836331147476,16.2,4.5,1.82,3.159041394335516,1.0573032241221774,0,0.0499999999999998,189.4
2004-08-06,-3.4264605347861354,17.054,4.24,1.84,3.159041394335516,1.095733744538679,0,-0.2599999999999998,189.4
2004-08-13,0.0780170632495913,18.292,4.22,1.75,3.159041394335516,1.1558925750394946,0,-0.0200000000000004,189.4
2004-08-20,3.150819423302642,16.756,4.24,1.78,2.9363784665579207,0.998183063771483,0,0.0200000000000004,189.3
2004-08-27,0.8576541316247743,15.162,4.23,1.75,2.9363784665579207,0.8879388597698457,0,-0.0099999999999997,189.3
2004-09-03,0.5289893432972814,14.766,4.3,1.69,2.9363784665579207,0.8780922930542341,0,0.0699999999999994,189.3
2004-09-10,0.9240087836518862,13.975,4.19,1.69,2.9363784665579207,0.8603176557498153,0,-0.1099999999999994,189.3
2004-09-17,0.4119514468804874,13.958000000000002,4.14,1.61,2.990755845568249,0.9204240096275904,0,-0.0500000000000007,189.4
2004-09-24,-1.6339606290133537,14.382,4.04,1.42,2.655826558265595,0.9942448281225696,0,-0.0999999999999996,189.4
2004-10-01,1.9268374242813024,13.55,4.21,1.58,2.655826558265595,0.9495278639126856,0,0.1699999999999999,189.4
2004-10-08,-0.8272192091526742,14.038,4.15,1.54,2.655826558265595,1.0051373847668486,0,-0.0599999999999996,189.4
2004-10-15,-1.2422748760928748,15.485,4.07,1.54,2.655826558265595,1.1074953511657846,0,-0.08,189.4
2004-10-22,-1.1243423106384487,14.902,4.0,1.45,2.540540540540537,1.0374728048037594,0,-0.0700000000000002,189.7
2004-10-29,3.1449031015222007,16.07,4.05,1.49,2.540540540540537,1.108753773178094,0,0.0499999999999998,189.7
2004-11-05,3.1826308907676903,14.86,4.21,1.41,2.540540540540537,0.9825605421935696,0,0.1600000000000001,189.7
2004-11-12,1.5435141807539132,13.455,4.2,1.34,2.540540540540537,0.8777337443123442,0,-0.0099999999999997,189.7
2004-11-19,-1.167913189133052,13.256,4.2,1.25,3.189189189189201,0.8943613271037497,0,0.0,190.9
2004-11-26,1.0518361290961842,12.7875,4.24,1.21,3.189189189189201,0.8873891847816658,0,0.04,190.9
2004-12-03,0.7204176514917116,13.09,4.27,1.33,3.189189189189201,0.9632348206812182,0,0.0299999999999993,190.9
2004-12-10,-0.26612858184486,13.138,4.16,1.21,3.189189189189201,0.9993059319052644,0,-0.1099999999999994,190.9
2004-12-17,0.5218814117739834,12.368,4.21,1.18,3.35135135135134,0.946443090402992,0,0.0499999999999998,191.2
2004-12-24,1.3339519646860865,11.515,4.23,1.21,3.5752979414951147,0.8963967032218515,0,0.0200000000000004,191.2
2004-12-31,0.1479212196439538,12.322,4.24,1.16,3.5752979414951147,0.9835764602582264,0,0.0099999999999997,191.2
2005-01-07,-2.1230858147456733,13.844,4.29,1.09,3.5752979414951147,1.1222665828992968,0,0.0499999999999998,191.2
2005-01-14,-0.1407803098566362,12.85,4.23,0.99,3.5752979414951147,1.0269935463246018,0,-0.0599999999999996,191.2
2005-01-21,-1.4056346992473268,13.46,4.16,1.0,3.297297297297286,1.0654845540361364,0,-0.0700000000000002,191.1
2005-01-28,0.2988337956250753,13.726,4.16,0.91,3.297297297297286,1.046268770485555,0,0.0,191.1
2005-02-04,2.703698635890084,11.902,4.09,0.8,3.297297297297286,0.8835931700074238,0,-0.0700000000000002,191.1
2005-02-11,0.188691842761135,11.654,4.1,0.76,3.297297297297286,0.8975316723786052,0,0.0099999999999997,191.1
2005-02-18,-0.3078140593638645,11.368,4.27,0.82,3.35135135135134,0.8961412636474715,0,0.1699999999999999,191.2
2005-02-25,0.8139240152690741,12.1475,4.27,0.73,2.960172228202373,0.9987667009249744,0,0.0,191.3
2005-03-04,0.8874249852094174,12.297999999999998,4.32,0.75,2.960172228202373,1.045048490062989,0,0.0500000000000007,191.3
2005-03-11,-1.8034267625567035,12.53,4.56,0.83,2.960172228202373,1.055880339179439,0,0.2399999999999993,191.3
2005-03-18,-0.8691030616754802,13.092000000000002,4.51,0.79,2.960172228202373,1.083248006453815,0,-0.0499999999999998,191.3
2005-03-25,-1.532381800919036,13.84,4.6,0.72,3.059581320450877,1.1057072951515454,0,0.0899999999999998,192.0
2005-04-01,0.1280497126332269,13.998,4.46,0.71,3.059581320450877,1.0817619783616692,0,-0.1399999999999996,192.0
2005-04-08,0.7059225621817822,13.178,4.5,0.73,3.059581320450877,0.9860082304526748,0,0.04,192.0
2005-04-15,-3.2661664112339395,13.772,4.27,0.73,3.059581320450877,1.0181119242995489,0,-0.2300000000000004,192.0
2005-04-22,0.8314225237258999,15.646,4.26,0.64,3.205128205128216,1.1422939329780244,0,-0.0099999999999997,193.2
2005-04-29,0.4105458189074262,15.313999999999998,4.21,0.55,3.205128205128216,1.0823762236279464,0,-0.0499999999999998,193.2
2005-05-06,1.253403665644348,14.306,4.28,0.55,3.205128205128216,0.9881540321188048,0,0.0700000000000002,193.2
2005-05-13,-1.4769221085405015,15.11,4.12,0.51,3.205128205128216,1.0237474169179173,0,-0.1600000000000001,193.2
2005-05-20,3.052725529930367,14.068,4.13,0.44,3.518123667377404,0.932025970584338,0,0.0099999999999997,194.2
2005-05-27,0.7988026172117468,12.522,4.08,0.44,3.518123667377404,0.8518657097180177,0,-0.0499999999999998,194.2
2005-06-03,-0.2302348803094323,12.41,3.98,0.41,3.518123667377404,0.8863336071135236,0,-0.1,194.2
2005-06-10,0.1747433810624254,12.282,4.05,0.34,3.518123667377404,0.9079282942154868,0,0.0699999999999998,194.2
2005-06-17,1.573309280149804,11.506,4.09,0.37,2.8072033898304927,0.8974688974688976,0,0.04,194.1
2005-06-24,-2.086347576207681,11.582,3.92,0.33,2.8072033898304927,0.9509031198686372,0,-0.1699999999999999,194.1
2005-07-01,0.2408583001044739,11.862,4.06,0.3,2.8072033898304927,0.9930514859773965,0,0.1399999999999996,194.1
2005-07-08,1.4584277820451463,11.9725,4.11,0.33,2.8072033898304927,1.013931233062331,0,0.0500000000000007,194.1
2005-07-15,1.3252404393145234,10.842,4.18,0.32,2.8072033898304927,0.9242474292716713,0,0.0699999999999994,194.1
2005-07-22,0.4690867124473419,10.588,4.23,0.31,2.48152059134108,0.9155506555551952,0,0.0500000000000007,194.1
2005-07-29,0.0405291467991286,10.908,4.28,0.26,2.48152059134108,0.9639342089275258,0,0.0499999999999998,194.1
2005-08-05,-0.6287583195249469,12.132,4.4,0.29,2.48152059134108,1.095180600534862,0,0.1200000000000001,194.1
2005-08-12,0.3237039970705124,12.63,4.24,0.19,2.48152059134108,1.1360467731054644,0,-0.1600000000000001,194.1
2005-08-19,-0.8680218129037076,13.184,4.21,0.18,3.063919704173257,1.140040641618747,0,-0.0300000000000002,195.1
2005-08-26,-1.1978245500539275,13.675999999999998,4.2,0.14,3.063919704173257,1.119744544970729,0,-0.0099999999999997,195.1
2005-09-02,1.072113866654978,13.297999999999998,4.03,0.28,3.063919704173257,1.030413389640076,0,-0.1699999999999999,195.1
2005-09-09,1.926073509574033,12.59,4.14,0.26,3.063919704173257,0.9540046980374328,0,0.1099999999999994,195.1
2005-09-16,-0.287555687181884,12.132,4.26,0.29,3.59218172213418,0.9199969667096384,0,0.1200000000000001,196.1
2005-09-23,-1.827272943318281,12.972,4.25,0.23,3.5374868004223847,1.0037140204271124,0,-0.0099999999999997,196.1
2005-09-30,1.11249324002356,12.518,4.34,0.16,3.5374868004223847,0.9819579541888924,0,0.0899999999999998,196.1
2005-10-07,-2.67820351481739,13.952000000000002,4.35,0.17,3.5374868004223847,1.1114474627579067,0,0.0099999999999997,196.1
2005-10-14,-0.7801720824925362,15.7975,4.48,0.21,4.804646251319955,1.2252297669368284,0,0.1300000000000007,198.5
2005-10-21,-0.5882485470476984,15.148,4.39,0.17,4.638903531892469,1.0968962427248616,0,-0.0900000000000007,198.5
2005-10-28,1.5954754537342186,14.826,4.58,0.18,4.638903531892469,1.0328918149280246,0,0.1900000000000004,198.5
2005-11-04,1.8132341893836168,13.964,4.66,0.19,4.638903531892469,0.9352432459584584,0,0.08,198.5
2005-11-11,0.8867790711855283,12.72,4.55,0.11,4.638903531892469,0.8517548191611354,0,-0.1100000000000003,198.5
2005-11-18,1.406224340600537,11.808,4.5,0.1,4.190675746464123,0.8336333792227046,0,-0.0499999999999998,198.9
2005-11-25,1.6006136617983335,10.815,4.43,0.1,4.190675746464123,0.8113582655013315,0,-0.0700000000000002,198.9
2005-12-02,-0.2499541845308539,11.608,4.52,0.09,4.190675746464123,0.9416918490275216,0,0.0899999999999998,198.9
2005-12-09,-0.4513517829582314,11.84,4.54,0.11,4.190675746464123,1.0087112095589017,0,0.0200000000000004,198.9
2005-12-16,0.6312641402207886,10.894,4.45,0.08,3.6144578313253017,0.9458444574678214,0,-0.0899999999999998,197.8
2005-12-23,0.1057418763548145,10.788,4.38,0.01,3.451882845188292,0.9555993533671414,0,-0.0700000000000002,197.8
2005-12-30,-1.6056307102287448,11.65,4.39,-0.02,3.451882845188292,1.0325725681364946,0,0.0099999999999997,197.8
2006-01-06,2.9768652273539864,11.205,4.38,0.02,3.451882845188292,0.9922075622066766,0,-0.0099999999999997,197.8
2006-01-13,0.168037205782956,11.072,4.36,0.02,3.451882845188292,0.9944091429597862,0,-0.0199999999999995,197.8
2006-01-20,-2.0285641936875654,12.675,4.37,0.0,3.399581589958167,1.1338477021133848,0,0.0099999999999997,197.7
2006-01-27,1.7622003060539404,12.9,4.52,0.01,3.4536891679748827,1.10724861593923,0,0.1499999999999994,197.7
2006-02-03,-1.5338190458675571,12.778,4.54,-0.05,3.4536891679748827,1.0681267240658696,0,0.0200000000000004,197.7
2006-02-10,0.2341685615765421,13.09,4.59,-0.1,3.4536891679748827,1.059382903388973,0,0.0499999999999998,197.7
2006-02-17,1.5982762418078833,12.28,4.54,-0.12,3.4536891679748827,0.954843224539782,0,-0.0499999999999998,197.7
2006-02-24,0.1701363765247654,11.905,4.58,-0.16,4.079497907949792,0.9328475160633128,0,0.04,199.0
2006-03-03,-0.170623698110317,11.83,4.68,-0.08,4.0250914793517945,0.945397878249056,0,0.0999999999999996,199.0
2006-03-10,-0.4513518649807868,12.45,4.76,0.02,4.0250914793517945,1.014153344873231,0,0.08,199.0
2006-03-17,2.0157290481551016,11.512,4.68,0.03,4.077365394668053,0.950128959042608,0,-0.08,199.1
2006-03-24,-0.3289385219449214,11.396,4.67,-0.05,4.077365394668053,0.9556995198859468,0,-0.0099999999999997,199.1
2006-03-31,-0.620127891130462,11.39,4.86,0.04,3.697916666666656,0.965499703314402,0,0.1900000000000004,199.1
2006-04-07,0.0486539100595484,11.51,4.97,0.08,3.697916666666656,0.9848549670574142,0,0.1099999999999994,199.1
2006-04-14,-0.4924743251881525,12.5825,5.05,0.09,3.697916666666656,1.098716381418093,0,0.08,199.1
2006-04-21,1.7190047678744549,11.706,5.01,0.11,4.062500000000013,0.9988374201392962,0,-0.04,199.8
2006-04-28,-0.0510984633596334,11.738,5.07,0.2,3.4161490683229934,0.9949881856808332,0,0.0600000000000005,199.8
2006-05-05,1.1559521584141308,12.0,5.12,0.18,3.4161490683229934,1.0097504023224255,0,0.0499999999999998,199.8
2006-05-12,-2.603790978531073,12.49,5.19,0.18,3.4161490683229934,1.0402590236640188,0,0.0700000000000002,199.8
2006-05-19,-1.8749389052848064,15.47,5.05,0.09,4.037267080745344,1.2909417115200068,0,-0.1400000000000005,201.0
2006-05-26,1.036282059557725,16.619999999999997,5.06,0.1,3.501544799176104,1.2859298232039922,0,0.0099999999999997,201.0
2006-06-02,0.6296038236033752,15.985,5.0,0.08,3.501544799176104,1.1300813008130082,0,-0.0599999999999996,201.0
2006-06-09,-2.7883376047488584,17.652,4.98,-0.03,3.501544799176104,1.165821844299513,0,-0.0199999999999995,201.0
2006-06-16,-0.0606891109152463,19.876,5.13,-0.03,3.964984552008244,1.2096094451290946,0,0.1499999999999994,201.9
2006-06-23,-0.5625100949845363,16.362000000000002,5.23,-0.04,4.0185471406491535,0.9331983517031928,0,0.1000000000000005,201.9
2006-06-30,2.0650824565588533,14.783999999999995,5.15,-0.01,4.0185471406491535,0.8463112701252233,0,-0.08,201.9
2006-07-07,-0.3715927322127776,13.705,5.14,-0.03,4.0185471406491535,0.7982642630398694,0,-0.0100000000000006,201.9
2006-07-14,-2.313748913359281,15.498,5.07,-0.01,4.0185471406491535,0.9577456084786872,0,-0.0699999999999994,201.9
2006-07-21,0.3308597356558529,17.107999999999997,5.05,-0.03,4.224626481195259,1.133937596314769,0,-0.0200000000000004,202.3
2006-07-28,3.0847631248046348,14.744,5.0,0.02,4.224626481195259,0.9653163106637204,0,-0.0499999999999998,202.3
2006-08-04,0.0633480499398375,14.628,4.91,0.0,4.224626481195259,0.9583490295635084,0,-0.0899999999999998,202.3
2006-08-11,-0.9864303449915734,14.884,4.97,0.01,4.224626481195259,0.9605989221981994,0,0.0599999999999996,202.3
2006-08-18,2.8072105458019525,12.794,4.84,-0.03,4.151717068170169,0.8339743171892317,0,-0.1299999999999999,203.2
2006-08-25,-0.5536422281716469,12.304,4.79,-0.07,4.151717068170169,0.8626818580192813,0,-0.0499999999999998,203.2
2006-09-01,1.2292616239389045,12.19,4.73,-0.04,4.151717068170169,0.892876762497711,0,-0.0599999999999996,203.2
2006-09-08,-0.922187148096132,13.3525,4.78,-0.02,4.151717068170169,1.0237292034041248,0,0.0499999999999998,203.2
2006-09-15,1.596710308001703,11.88,4.8,-0.07,4.407995899538686,0.9383793603933612,0,0.0199999999999995,203.7
2006-09-22,-0.3697925796355528,11.998,4.6,-0.07,3.87557368689444,0.965119202035132,0,-0.2000000000000001,203.7
2006-09-29,1.6025453550835067,11.786,4.64,-0.07,3.87557368689444,0.9539361196264708,0,0.04,203.7
2006-10-06,1.0285578834066555,12.042,4.7,-0.04,3.87557368689444,0.9826895025144594,0,0.0600000000000005,203.7
2006-10-13,1.187770337869365,11.245,4.81,-0.06,3.87557368689444,0.9428583406699366,0,0.1099999999999994,203.7
2006-10-20,0.2182144725036972,11.138,4.79,-0.08,2.115869017632233,0.946485096981156,0,-0.0199999999999995,202.7
2006-10-27,0.638608095154547,10.776,4.68,-0.08,2.115869017632233,0.9327649260998464,0,-0.1100000000000003,202.7
2006-11-03,-0.9467464326733066,11.278,4.72,-0.1,2.115869017632233,0.998031017012898,0,0.04,202.7
2006-11-10,1.21673935291553,10.96,4.59,-0.14,2.115869017632233,0.9865652496793216,0,-0.1299999999999999,202.7
2006-11-17,1.4700504307997295,10.376,4.61,-0.15,1.4077425842131674,0.940025366914296,0,0.0200000000000004,201.7
2006-11-24,-0.0178418504647281,10.185,4.55,-0.18,1.4077425842131674,0.9389260198202352,0,-0.0600000000000005,201.7
2006-12-01,-0.3026510854886921,11.464,4.43,-0.09,1.4077425842131674,1.071426902497722,0,-0.1200000000000001,201.7
2006-12-08,0.940066674544182,11.714,4.56,-0.12,1.4077425842131674,1.0900546702338023,0,0.1299999999999999,201.7
2006-12-15,1.2235431267521912,10.312,4.6,-0.13,1.4077425842131674,0.9430485379181052,0,0.04,201.7
2006-12-22,-1.144283573271487,10.61,4.63,-0.08,1.9716885743174872,0.9717229536348024,0,0.0300000000000002,201.7
2006-12-29,0.5344664585263281,11.1125,4.71,-0.11,1.9716885743174872,1.007936507936508,0,0.08,201.7
2007-01-05,-0.6056608330319513,11.896666666666668,4.65,-0.11,1.9716885743174872,1.087732531782042,0,-0.0599999999999996,201.7
2007-01-12,1.4910882460723365,11.28,4.77,-0.11,1.9716885743174872,1.0270612738868,0,0.1199999999999992,201.7
2007-01-19,-0.0160743446974254,10.645,4.78,-0.15,2.5278058645096024,0.9483472224800014,0,0.0100000000000006,202.8
2007-01-26,-0.5816110652962281,10.67,4.88,-0.11,2.579666160849792,0.949834016431446,0,0.0999999999999996,202.8
2007-02-02,1.8429425211744064,10.644,4.83,-0.11,2.579666160849792,0.9569432477992134,0,-0.0499999999999998,202.8
2007-02-09,-0.713202656067391,10.612,4.79,-0.13,2.579666160849792,0.9817063299336248,0,-0.04,202.8
2007-02-16,1.2155250654721117,10.484,4.69,-0.14,2.579666160849792,0.9850837424537832,0,-0.0999999999999996,202.8
2007-02-23,-0.2988648569950625,10.3,4.68,-0.14,2.758219524532124,0.97146899316199,0,-0.0100000000000006,203.153
2007-03-02,-4.411545011047979,15.862,4.52,-0.04,2.086934673366825,1.5092293054234065,1,-0.1600000000000001,203.153
2007-03-09,1.1296323722816526,15.842,4.59,-0.07,2.086934673366825,1.3408946633374244,0,0.0700000000000002,203.153
2007-03-16,-1.1327033044104762,16.522,4.55,-0.03,2.465326633165832,1.2591068434689834,0,-0.04,203.906
2007-03-23,3.544470666598376,13.185999999999998,4.62,0.02,2.4138623807132165,0.9012063014728496,0,0.0700000000000002,203.906
2007-03-30,-1.0618963836719453,14.28,4.65,0.07,2.4138623807132165,0.9301113788836056,0,0.0300000000000002,203.906
2007-04-06,1.6117016912399196,13.615,4.68,0.05,2.4138623807132165,0.9102456961390608,0,0.0299999999999993,203.906
2007-04-13,0.6296036570363261,12.844,4.76,0.0,2.4138623807132165,0.8918979914240578,0,0.08,203.906
2007-04-20,2.16815228890348,12.23,4.68,0.04,3.036664992466087,0.907185906351414,0,-0.08,205.146
2007-04-27,0.65483011843539,12.922,4.71,0.04,2.6756756756756594,0.9758160433461084,0,0.0300000000000002,205.146
2007-05-04,0.77305944456032,13.362,4.65,-0.03,2.6756756756756594,1.0355931874987891,0,-0.0599999999999996,205.146
2007-05-11,0.0152748017093085,13.158,4.67,-0.04,2.6756756756756594,1.0248062619260874,0,0.0199999999999995,205.146
2007-05-18,1.1222913761702369,13.547999999999998,4.81,-0.01,3.1026026026026,1.048769159312587,0,0.1399999999999996,205.999
2007-05-25,-0.4610093272861548,13.404,4.86,0.01,2.4870646766169235,1.0118135497263636,0,0.0500000000000007,205.999
2007-06-01,1.3597399020364165,13.0475,4.95,-0.02,2.4870646766169235,0.9760248354278876,0,0.0899999999999998,205.999
2007-06-08,-1.866118340525757,14.738,5.12,0.11,2.4870646766169235,1.109006254996943,0,0.1699999999999999,205.999
2007-06-15,1.674105706068563,14.738,5.16,0.11,3.177611940298508,1.076994747659283,0,0.04,207.387
2007-06-22,-1.9798928123122888,14.18,5.14,0.22,2.717682020802381,1.014170130973135,0,-0.0200000000000004,207.387
2007-06-29,0.0525714088877693,16.568,5.03,0.16,2.717682020802381,1.1687461973246802,0,-0.1099999999999994,207.387
2007-07-06,1.8019733435492349,15.13,5.19,0.2,2.717682020802381,1.004914984059511,0,0.1600000000000001,207.387
2007-07-13,1.441419424370216,16.012,5.11,0.17,2.717682020802381,1.0566187145308168,0,-0.08,207.387
2007-07-20,-1.1851867577496011,15.88,4.96,0.17,2.914314016840014,1.0263370496041364,0,-0.1500000000000003,207.784
2007-07-27,-4.8986393070868495,19.674,4.8,0.24,2.7108255066732534,1.2375530743827643,0,-0.1600000000000001,207.784
2007-08-03,-1.7745565951271636,22.888,4.71,0.25,2.7108255066732534,1.372676022550078,0,-0.0899999999999998,207.784
2007-08-10,1.4360846868401556,24.146,4.81,0.34,2.7108255066732534,1.2972305047411825,0,0.0999999999999996,207.784
2007-08-17,-0.5297097744003554,29.148000000000003,4.68,0.5,2.831438457736035,1.4117305177507629,0,-0.1299999999999999,208.028
2007-08-24,2.3119946239554823,23.562,4.63,0.33,2.3759842519685,0.9832248372558838,0,-0.0499999999999998,208.028
2007-08-31,-0.3636686495312013,24.254,4.54,0.39,2.3759842519685,0.972649983958935,0,-0.0899999999999998,208.028
2007-09-07,-1.386708291214378,24.395,4.38,0.48,2.3759842519685,0.9650875284343784,0,-0.1600000000000001,208.028
2007-09-14,2.112067018031194,25.458,4.47,0.42,2.3759842519685,1.004666581162008,0,0.0899999999999998,208.028
2007-09-21,2.79602492841502,21.262,4.64,0.58,1.982326951399127,0.8707778312463524,0,0.1699999999999999,207.738
2007-09-28,0.065541536949043,18.12,4.59,0.62,1.982326951399127,0.7599953863414737,0,-0.0499999999999998,207.738
2007-10-05,2.0199748367651926,18.096,4.65,0.57,1.982326951399127,0.8111615397545806,0,0.0600000000000005,207.738
2007-10-12,0.2702946924542537,17.35,4.7,0.47,1.982326951399127,0.8367898138323526,0,0.0499999999999998,207.738
2007-10-19,-3.916637343635032,19.854,4.41,0.61,2.2542955326460445,1.0613139466509862,0,-0.29,208.292
2007-10-26,2.3090318267205534,20.716,4.41,0.64,2.758756783423788,1.1286298011441025,0,0.0,208.292
2007-11-02,-1.669402610190307,21.138,4.31,0.65,2.758756783423788,1.112292149021259,0,-0.1000000000000005,208.292
2007-11-09,-3.706161847935807,25.37,4.23,0.81,2.758756783423788,1.2836145614612056,0,-0.0799999999999991,208.292
2007-11-16,0.3467042190128167,25.8975,4.15,0.82,3.0601874691662534,1.189623096534142,0,-0.08,208.903
2007-11-23,-1.2366863994454191,25.835,4.01,0.94,3.5711452652454234,1.109732983253062,0,-0.1400000000000005,208.903
2007-11-30,2.806973335680918,25.228,3.97,0.93,3.5711452652454234,1.0271934690886142,0,-0.0399999999999995,208.903
2007-12-07,1.5879673291274043,22.348000000000003,4.12,1.0,3.5711452652454234,0.8735616458436146,0,0.1499999999999999,208.903
2007-12-14,-2.4397592927246303,22.526,4.24,0.93,4.39514129895886,0.907314076841358,0,0.1200000000000001,210.565
2007-12-21,1.1246984103541855,21.578,4.18,0.99,4.39514129895886,0.899673744227983,0,-0.0600000000000005,210.565
2007-12-28,-0.402164481375078,19.565,4.11,0.99,4.39514129895886,0.8536212914485166,0,-0.0699999999999994,210.565
2008-01-04,-4.522180453921343,23.025,3.88,1.14,4.39514129895886,1.070718578885569,0,-0.2300000000000004,210.565
2008-01-11,-0.7516123428138122,24.094,3.82,1.23,4.39514129895886,1.111680162410317,0,-0.06,210.565
2008-01-18,-5.412490690202343,25.252,3.66,1.3,4.690133862171542,1.1444109582832929,0,-0.1599999999999997,211.16
2008-01-25,0.4090012892461914,29.2225,3.61,1.38,4.122287968441807,1.2714279498781762,0,-0.0500000000000002,211.16
2008-02-01,4.870702858631137,26.588,3.62,1.53,4.122287968441807,1.0468386264869307,0,0.0100000000000002,211.16
2008-02-08,-4.595749155322137,27.774,3.64,1.71,4.122287968441807,1.0564824808737454,0,0.02,211.16
2008-02-15,1.4046489212105495,25.874,3.76,1.85,4.378698224852062,0.9509309836314104,0,0.1199999999999996,211.68
2008-02-22,0.2311124630372862,24.7925,3.79,1.81,4.790927021696234,0.9060054723936468,0,0.0300000000000002,212.516
2008-02-29,-1.661356483368892,23.538,3.53,1.88,4.608841611987025,0.8964423942072867,0,-0.2600000000000002,212.516
2008-03-07,-2.800178083231064,26.288,3.56,2.03,4.608841611987025,1.0311193045592943,0,0.0300000000000002,212.516
2008-03-14,-0.404368470622829,28.282,3.44,1.97,4.635914803128682,1.1257357514242357,0,-0.1200000000000001,212.571
2008-03-21,3.2116070183937584,28.6225,3.34,1.75,4.249507125832497,1.1126282185217755,0,-0.1,212.571
2008-03-28,-1.0748350112098182,25.824,3.47,1.8,4.249507125832497,0.967820819728194,0,0.1300000000000003,212.571
2008-04-04,4.195499987841411,23.476,3.5,1.67,4.249507125832497,0.8613741956492823,0,0.0299999999999998,212.571
2008-04-11,-2.741540257592945,22.606,3.49,1.73,4.249507125832497,0.851414017296819,0,-0.0099999999999997,212.571
2008-04-18,4.314128725783295,21.526,3.77,1.58,3.97521764986888,0.8565133270664539,0,0.2799999999999998,213.301
2008-04-25,0.5401602499406799,20.256,3.91,1.47,3.97521764986888,0.8671975340354481,0,0.1400000000000001,213.301
2008-05-02,1.1489196894098883,19.546,3.89,1.42,3.97521764986888,0.8898297368660657,0,-0.02,213.301
2008-05-09,-1.8120089592476465,19.130000000000003,3.77,1.52,3.97521764986888,0.9116686920675772,0,-0.1200000000000001,213.301
2008-05-16,2.6702066951029613,17.240000000000002,3.85,1.38,3.759241549716253,0.8570931417634047,0,0.08,213.743
2008-05-23,-3.4672131561713004,18.156,3.85,1.39,3.759241549716253,0.9534212046421257,0,0.0,213.743
2008-05-30,1.776976315469847,18.67,4.06,1.4,3.759241549716253,1.0082082298304351,0,0.2099999999999995,213.743
2008-06-06,-2.834941304035344,20.612,3.94,1.54,3.759241549716253,1.1264003497458877,0,-0.1199999999999996,213.743
2008-06-13,-0.0477720248995838,22.994,4.27,1.22,4.433516667556647,1.231634484051528,0,0.3299999999999996,215.132
2008-06-20,-3.095518089972093,21.754,4.16,1.28,3.734563882982056,1.081857966978317,0,-0.1099999999999994,215.132
2008-06-27,-3.0009216890352186,22.714,3.99,1.34,3.734563882982056,1.0812328930143995,0,-0.1699999999999999,215.132
2008-07-04,-1.2109060224364976,24.5775,3.99,1.45,3.734563882982056,1.1162204509843996,0,0.0,215.132
2008-07-11,-1.8536727949268084,25.448,3.96,1.37,3.734563882982056,1.1059599411122398,0,-0.0300000000000002,215.132
2008-07-18,1.7095792336778493,26.236,4.11,1.45,4.82961805706239,1.11059490864451,0,0.1500000000000003,217.403
2008-07-25,-0.2316245058940236,22.378,4.13,1.43,4.62932660840103,0.9043854287172078,0,0.0199999999999995,217.403
2008-08-01,0.2027452620790626,22.596,3.97,1.46,4.62932660840103,0.9163063478626716,0,-0.1599999999999997,217.403
2008-08-08,2.857224494065558,21.334,3.94,1.43,4.62932660840103,0.8828653603426514,0,-0.0300000000000002,217.403
2008-08-15,0.1450263022021891,20.552,3.84,1.44,5.485022908404891,0.8883125864453664,0,-0.1,219.181
2008-08-22,-0.4621784182462729,20.262,3.87,1.45,5.361297517641872,0.9330877273773888,0,0.0300000000000002,219.181
2008-08-29,-0.725119600003854,20.26,3.83,1.47,5.361297517641872,0.9562918908713302,0,-0.04,219.181
2008-09-05,-3.158633556200652,22.6275,3.66,1.43,5.361297517641872,1.0983156975050967,0,-0.1699999999999999,219.181
2008-09-12,0.7558413065377634,24.536,3.74,1.51,5.361297517641872,1.1725476843306275,0,0.08,219.181
2008-09-19,0.2700331560808955,32.678,3.78,1.62,5.216605456957724,1.4906911633052211,0,0.0399999999999995,218.88
2008-09-26,-3.3312568113083363,34.464,3.85,1.74,5.3634866995927455,1.3771621803869072,0,0.0700000000000002,218.88
2008-10-03,-9.3993947947844,43.264,3.63,2.03,5.3634866995927455,1.5139778925773475,1,-0.2200000000000002,218.88
2008-10-10,-18.19546530930076,59.426,3.89,2.27,5.3634866995927455,1.7615271746379926,1,0.2600000000000002,218.88
2008-10-17,4.596207650673811,65.58,3.98,2.34,5.331234535809526,1.5445852371755615,1,0.0899999999999998,218.813
2008-10-24,-6.781135409015371,64.532,3.76,2.19,5.051082134695517,1.273234879201318,0,-0.2200000000000002,218.813
2008-10-31,10.490776192133657,67.954,4.01,2.45,5.051082134695517,1.167584470923789,0,0.25,218.813
2008-11-07,-3.897807459677416,55.15,3.83,2.5,5.051082134695517,0.856725645845308,0,-0.1799999999999997,218.813
2008-11-14,-6.197704896108003,63.145,3.72,2.5,5.051082134695517,0.9974883103753316,0,-0.1099999999999998,218.813
2008-11-21,-8.38896020494293,72.91600000000001,3.2,2.11,3.737141161208801,1.1630227170319922,0,-0.52,216.71
2008-11-28,12.02579370952568,59.09,2.93,1.93,3.737141161208801,0.9120058649894854,0,-0.27,216.71
2008-12-05,-2.250511373062214,63.15599999999999,2.67,1.74,3.737141161208801,1.0092808258856334,0,-0.2600000000000002,216.71
2008-12-12,0.4177717664036739,56.638,2.6,1.82,3.737141161208801,0.8770648879047025,0,-0.0699999999999998,216.71
2008-12-19,0.926423402067056,50.248000000000005,2.13,1.39,1.1849072732885269,0.7982208101667991,0,-0.4700000000000002,213.06
2008-12-26,-1.6984296309087488,44.2925,2.16,1.27,1.1849072732885269,0.7732224220100203,0,0.0300000000000002,213.06
2009-01-02,6.75985344009824,41.18,2.46,1.58,1.1849072732885269,0.7685183673183739,0,0.2999999999999998,213.06
2009-01-09,-4.448380848899602,41.282,2.43,1.68,1.1849072732885269,0.8584388004689161,0,-0.0299999999999998,213.06
2009-01-16,-4.518445731665766,47.072,2.36,1.63,0.4392942796761057,1.0637589864549937,0,-0.0700000000000002,211.49
2009-01-23,-2.1373433179455503,49.4075,2.65,1.82,0.1562795984088039,1.1369382689060643,0,0.29,211.49
2009-01-30,-0.7296120241787052,43.014,2.87,1.93,0.1562795984088039,0.9615209439956636,0,0.2200000000000002,211.49
2009-02-06,5.172660731650325,43.906,3.05,2.06,0.1562795984088039,0.9715033287143446,0,0.1799999999999997,211.49
2009-02-13,-4.807730820196998,43.804,2.89,1.92,0.1562795984088039,0.955378831458101,0,-0.1599999999999997,211.49
2009-02-20,-6.86832243456773,48.375,2.78,1.82,0.2333711262282767,1.0742152260987112,0,-0.1100000000000003,212.174
2009-02-27,-4.539959936587801,46.758,3.02,2.02,-0.1609290594590473,1.0442939379896037,0,0.2400000000000002,212.174
2009-03-06,-7.034515512862938,50.128,2.83,1.92,-0.1609290594590473,1.096634817849193,0,-0.1899999999999999,212.174
2009-03-13,10.70707108597706,44.24,2.89,1.91,-0.1609290594590473,0.935974400338508,0,0.06,212.174
2009-03-20,1.5848245889676926,42.834,2.65,1.76,0.205107940405802,0.904142986052844,0,-0.2400000000000002,213.007
2009-03-27,6.167541802539267,41.962,2.78,1.88,0.205107940405802,0.9124157425527288,0,0.1299999999999999,213.007
2009-04-03,3.25514100045623,42.74,2.91,1.95,0.205107940405802,0.954209551025876,0,0.1300000000000003,213.007
2009-04-10,1.6688424401891666,39.175,2.96,2.0,0.205107940405802,0.9122345380029804,0,0.0499999999999998,213.007
2009-04-17,1.5223659830614134,36.276,2.98,1.99,0.0672716410046625,0.87039247560149,0,0.02,212.714
2009-04-24,-0.387533947999108,37.678,3.03,2.04,-0.275197959690765,0.941050120821964,0,0.0499999999999998,212.714
2009-05-01,1.3033535339414648,36.83,3.21,2.29,-0.275197959690765,0.9451526602467456,0,0.1800000000000001,212.714
2009-05-08,5.892738602718395,33.166,3.29,2.29,-0.275197959690765,0.8846684760501202,0,0.08,212.714
2009-05-15,-4.987998295379603,32.562,3.14,2.26,-0.295357265085483,0.9048141715873568,0,-0.1499999999999999,212.671
2009-05-22,0.4666540293586596,30.410000000000004,3.45,2.53,-0.5015368924362495,0.8673949627770332,0,0.31,212.671
2009-05-29,3.623451482349216,30.8925,3.47,2.55,-0.5015368924362495,0.9293213404728956,0,0.02,212.671
2009-06-05,2.279305859080072,30.098000000000003,3.84,2.52,-0.5015368924362495,0.947740896871224,0,0.3699999999999996,212.671
2009-06-12,0.6510009618609036,28.552,3.81,2.51,-0.5015368924362495,0.9213108803065444,0,-0.0299999999999998,212.671
2009-06-19,-2.6400102433736583,30.610000000000003,3.79,2.54,-1.0486584980384128,1.0207373752110211,0,-0.02,212.876
2009-06-26,-0.2529179579568108,28.618,3.52,2.42,-1.0486584980384128,0.9527225817190652,0,-0.27,212.876
2009-07-03,-2.446407759999858,26.4675,3.51,2.53,-1.0486584980384128,0.8981319669488794,0,-0.0100000000000002,212.876
2009-07-10,-1.9287809684042527,29.99,3.32,2.41,-1.0486584980384128,1.0500010941158449,0,-0.1899999999999999,212.876
2009-07-17,6.967115177483296,25.396,3.67,2.65,-0.3128311920123416,0.8781048618884822,0,0.3500000000000001,214.459
2009-07-24,4.134499317396445,23.652,3.7,2.65,-1.35416714580755,0.8564018774072952,0,0.0300000000000002,214.459
2009-07-31,0.8394063498102344,25.244,3.52,2.39,-1.35416714580755,0.95706858884134,0,-0.1800000000000001,214.459
2009-08-07,2.329161143001812,25.156,3.89,2.57,-1.35416714580755,0.9649220383191728,0,0.3700000000000001,214.459
2009-08-14,-0.6323681554103677,25.082,3.55,2.48,-1.3495673932742425,1.008848845627866,0,-0.3400000000000003,214.469
2009-08-21,2.1950201115299217,26.086,3.56,2.43,-2.149821380502881,1.0525551274033127,0,0.0100000000000002,214.469
2009-08-28,0.272874666445877,24.89,3.46,2.45,-2.149821380502881,0.9802299936988028,0,-0.1,214.469
2009-09-04,-1.2177727000668548,27.284,3.45,2.51,-2.149821380502881,1.07826980457249,0,-0.0099999999999997,214.469
2009-09-11,2.5905111592127605,24.41,3.34,2.44,-2.149821380502881,0.9448239825046932,0,-0.1100000000000003,214.469
2009-09-18,2.452223378854046,23.708,3.49,2.46,-1.577119883040934,0.923658322781728,0,0.1500000000000003,215.428
2009-09-25,-2.239075433119342,24.238,3.34,2.36,-1.577119883040934,0.9666972440473816,0,-0.1500000000000003,215.428
2009-10-02,-1.835542987771344,26.526,3.24,2.36,-1.577119883040934,1.0648735447611402,0,-0.0999999999999996,215.428
2009-10-09,4.514200120973699,24.904,3.4,2.42,-1.577119883040934,1.0074229890172124,0,0.1599999999999997,215.428
2009-10-16,1.510985975055279,22.25,3.43,2.46,-1.411275584795324,0.8955884720656898,0,0.0300000000000002,215.791
2009-10-23,-0.7428726947260378,21.514,3.51,2.47,-1.3810879609529536,0.878857819808411,0,0.0799999999999996,215.791
2009-10-30,-4.020936936028308,26.5,3.41,2.51,-1.3810879609529536,1.1135155577032163,0,-0.0999999999999996,215.791
2009-11-06,3.1953704720333542,27.186,3.54,2.68,-1.3810879609529536,1.1426529926025557,0,0.1299999999999999,215.791
2009-11-13,2.261285938135371,23.3975,3.43,2.61,-1.3810879609529536,0.9603899435608004,0,-0.1099999999999998,215.791
2009-11-20,-0.1920451790107136,22.35,3.36,2.61,-1.1096232856365962,0.9067167017419306,0,-0.0700000000000002,216.385
2009-11-27,0.0100776403333835,21.74,3.21,2.53,-0.1499700059988118,0.8745543503949874,0,-0.1499999999999999,216.385
2009-12-04,1.327542200479881,22.252,3.48,2.64,-0.1499700059988118,0.9401574886319825,0,0.27,216.385
2009-12-11,0.0388844028402113,22.472,3.55,2.72,-0.1499700059988118,1.0016547896968448,0,0.0699999999999998,216.385
2009-12-18,-0.3561124135577631,21.474,3.55,2.73,1.966582183422516,0.9671448195104376,0,0.0,217.25
2009-12-25,2.177837982318209,19.8025,3.82,2.82,1.966582183422516,0.900748254452,0,0.27,217.25
2010-01-01,-1.0102269973832123,20.395,3.85,2.71,1.966582183422516,0.9485991360515348,0,0.0300000000000002,217.25
2010-01-08,2.679580803246973,19.148,3.83,2.87,1.966582183422516,0.910254505695627,0,-0.02,217.25
2010-01-15,-0.7816687911181619,17.838,3.7,2.81,2.103163428142296,0.8828562413773904,0,-0.1299999999999999,217.541
2010-01-22,-3.8969057498110415,21.46,3.62,2.78,2.861128185729811,1.1121547999248544,0,-0.08,217.541
2010-01-29,-1.6386398556838544,24.29,3.63,2.81,2.861128185729811,1.232353724584924,0,0.0099999999999997,217.541
2010-02-05,-0.7151753700036512,23.572,3.59,2.82,2.861128185729811,1.1396248307870818,0,-0.04,217.541
2010-02-12,0.8741470911911131,24.92,3.69,2.85,2.861128185729811,1.143643873336393,0,0.1,217.541
2010-02-19,3.129681162802256,21.155,3.78,2.83,2.882878623102747,0.8979011481080622,0,0.0899999999999998,217.587
2010-02-26,-0.4219419498826871,20.236,3.61,2.8,2.551207970816405,0.8616838945250541,0,-0.1699999999999999,217.587
2010-03-05,3.097353641950207,18.658,3.69,2.78,2.551207970816405,0.830323865469555,0,0.08,217.587
2010-03-12,0.9914849869696596,17.984,3.71,2.74,2.551207970816405,0.8466146476950417,0,0.02,217.587
2010-03-19,0.8617496033741734,17.238,3.7,2.68,2.5530932159454123,0.8836261581638536,0,-0.0099999999999997,217.591
2010-03-26,0.5767687960545942,17.387999999999998,3.86,2.82,2.152041951672956,0.9384208537967508,0,0.1599999999999997,217.591
2010-04-02,0.9866371306846976,17.445,3.89,2.84,2.152041951672956,0.9791210641522142,0,0.0300000000000002,217.591
2010-04-09,1.3810389498699394,16.498,3.9,2.82,2.152041951672956,0.9420027121547356,0,0.0099999999999997,217.591
2010-04-16,-0.1875457557986681,16.324,3.79,2.81,2.216828554930128,0.952267059458356,0,-0.1099999999999998,217.729
2010-04-23,2.109671286776704,16.496000000000002,3.84,2.74,2.3576257322038163,0.9753011602985736,0,0.0499999999999998,217.729
2010-04-30,-2.5129869179152164,20.37,3.69,2.72,2.3576257322038163,1.2204364693018588,0,-0.1499999999999999,217.729
2010-05-07,-6.3883524986822815,28.538,3.45,2.62,2.3576257322038163,1.6380438526001606,1,-0.2399999999999997,217.729
2010-05-14,2.2324687382181407,28.12,3.44,2.65,2.3576257322038163,1.3762725137039935,0,-0.0100000000000002,217.729
2010-05-21,-4.225671847266799,37.12,3.2,2.44,2.3077899666621216,1.5876138745134938,1,-0.2399999999999997,217.579
2010-05-28,0.1581418295744763,33.94,3.31,2.55,2.3077899666621216,1.1893331464414618,0,0.1099999999999998,217.579
2010-06-04,-2.2516801321135094,32.6625,3.2,2.48,2.3077899666621216,1.0229568267589533,0,-0.1099999999999998,217.579
2010-06-11,2.5092001521866747,32.672000000000004,3.24,2.49,2.3077899666621216,0.9912433395907998,0,0.04,217.579
2010-06-18,2.373583250199296,25.874,3.24,2.5,2.1408654682584904,0.7587989251766017,0,0.0,217.224
2010-06-25,-3.6464997757421846,27.422000000000004,3.12,2.47,2.04250361712921,0.8764627622384609,0,-0.1200000000000001,217.224
2010-07-02,-5.031761226679887,32.13,3.0,2.37,2.04250361712921,1.083363890399181,0,-0.1200000000000001,217.224
2010-07-09,5.41570761428154,26.795,3.07,2.44,2.04250361712921,0.907551355653779,0,0.0699999999999998,217.224
2010-07-16,-1.2133990619940915,25.054,2.96,2.35,1.903925289840092,0.893023587385605,0,-0.1099999999999998,216.929
2010-07-23,3.5478203293931365,24.728,3.02,2.42,1.1517352967233885,0.8878914910997208,0,0.06,216.929
2010-07-30,-0.0961364845819101,23.56,2.94,2.39,1.1517352967233885,0.8669174938136459,0,-0.08,216.929
2010-08-06,1.8191756995855848,22.138,2.86,2.36,1.1517352967233885,0.8843084973586187,0,-0.08,216.929
2010-08-13,-3.779288728543096,24.374,2.68,2.14,1.4632167453918932,1.0211143695014662,0,-0.1799999999999997,217.597
2010-08-20,-0.7004918780403102,25.39,2.62,2.13,1.45848584177668,1.0713080168776372,0,-0.06,217.597
2010-08-27,-0.6625027735747024,26.328,2.66,2.1,1.45848584177668,1.1031824181349643,0,0.04,217.597
2010-09-03,3.74980464094008,24.33,2.72,2.2,1.45848584177668,0.9907360276901148,0,0.06,217.597
2010-09-10,0.4563144759158311,22.9625,2.81,2.23,1.45848584177668,0.9146402182788632,0,0.0899999999999998,217.597
2010-09-17,1.445623566879961,21.72,2.75,2.27,1.7163319640600694,0.8774826912297181,0,-0.06,218.15
2010-09-24,2.050487195679618,22.388,2.62,2.17,1.263531203000534,0.9392860326933468,0,-0.1299999999999999,218.15
2010-10-01,-0.2115536766843062,22.918,2.54,2.12,1.263531203000534,1.00297044326891,0,-0.08,218.15
2010-10-08,1.6497447603290194,21.81,2.41,2.06,1.263531203000534,0.969457208421076,0,-0.1299999999999999,218.15
2010-10-15,0.9475103429482656,19.2275,2.59,2.22,1.3665818742224944,0.8657526228105723,0,0.1799999999999997,218.372
2010-10-22,0.5857909854423582,19.512,2.59,2.24,1.1960647107618128,0.903924441330268,0,0.0,218.372
2010-10-29,0.0152190652893846,20.572,2.63,2.29,1.1960647107618128,0.9858687513103902,0,0.04,218.372
2010-11-05,3.599375071312383,19.948,2.58,2.2,1.1960647107618128,0.9836110032482142,0,-0.0499999999999998,218.372
2010-11-12,-2.1731871908472256,19.1125,2.76,2.25,1.1960647107618128,0.9645531450488584,0,0.1799999999999997,218.372
2010-11-19,0.0433635099931439,20.266,2.88,2.36,1.4310142684356597,1.024253106659338,0,0.1200000000000001,218.879
2010-11-26,-0.8610234155065011,20.195,2.87,2.36,1.1525752709291348,1.0110327477987695,0,-0.0099999999999997,218.879
2010-12-03,2.968718328455755,20.766,3.03,2.54,1.1525752709291348,1.0445477009362247,0,0.1599999999999997,218.879
2010-12-10,1.2811248358388427,17.722,3.32,2.68,1.1525752709291348,0.8823555038306189,0,0.29,218.879
2010-12-17,0.2829740161673255,17.32,3.33,2.72,1.2759664486909903,0.8775285310770244,0,0.0100000000000002,219.146
2010-12-24,1.0338356471288668,16.205,3.41,2.74,0.8727272727272695,0.8528610712735023,0,0.08,219.146
2010-12-31,0.0692246873864821,17.548000000000002,3.3,2.69,0.8727272727272695,0.974712899059892,0,-0.1100000000000003,219.146
2011-01-07,1.1020630061168155,17.31,3.34,2.74,0.8727272727272695,1.0064684933498074,0,0.04,219.146
2011-01-14,1.7097908167027054,16.503999999999998,3.35,2.76,1.3818181818181952,0.9653861339806674,0,0.0100000000000002,220.252
2011-01-21,-0.7647470479663299,17.409999999999997,3.44,2.81,1.246201865395502,1.0306806577175247,0,0.0899999999999998,220.252
2011-01-28,-0.5462274437200487,17.613999999999997,3.36,2.82,1.246201865395502,1.024486709707439,0,-0.08,220.252
2011-02-04,2.7053943480240594,17.416,3.68,2.91,1.246201865395502,1.0119991864958309,0,0.3200000000000003,220.252
2011-02-11,1.3944959732822948,15.948,3.64,2.79,1.246201865395502,0.9252726850777444,0,-0.04,220.252
2011-02-18,1.042770574952412,16.412,3.59,2.81,1.766839759879213,0.9599344914312452,0,-0.0500000000000002,221.062
2011-02-25,-1.7222511161215426,20.8675,3.42,2.7,1.5970623244955018,1.2386110698916752,0,-0.1699999999999999,221.062
2011-03-04,0.0962223479825219,19.544,3.49,2.81,1.5970623244955018,1.1066269366608392,0,0.0700000000000002,221.062
2011-03-11,-1.276917443548431,20.532,3.4,2.76,1.5970623244955018,1.1285736861271238,0,-0.0900000000000003,221.062
2011-03-18,-1.9221384822467933,25.132,3.28,2.67,2.152242551255368,1.2995585317139702,0,-0.1200000000000001,222.27
2011-03-25,2.704019586063477,19.18,3.46,2.67,2.1503646750095307,0.8913105355182368,0,0.1800000000000001,222.27
2011-04-01,1.416500583034841,18.09,3.46,2.66,2.1503646750095307,0.8574678864293501,0,0.0,222.27
2011-04-08,-0.3182196265119952,17.326,3.59,2.76,2.1503646750095307,0.8356524465237418,0,0.1299999999999999,222.27
2011-04-15,-0.6392246439436033,16.438,3.43,2.72,2.645949781609236,0.8247039935781656,0,-0.1599999999999997,223.49
2011-04-22,1.341230484017908,15.6375,3.42,2.74,2.645949781609236,0.8805642368443282,0,-0.0100000000000002,223.49
2011-04-29,1.961295994630064,15.222,3.32,2.71,2.645949781609236,0.9021580495321632,0,-0.1,223.49
2011-05-06,-1.7167690491538878,17.274,3.19,2.62,2.645949781609236,1.0692085696379805,0,-0.1299999999999999,223.49
2011-05-13,-0.1813111273806789,16.624000000000002,3.18,2.61,3.0790569928672795,1.029804170570608,0,-0.0099999999999997,224.433
2011-05-20,-0.3363806883321274,16.994,3.15,2.6,3.150120186231198,1.0497008068563487,0,-0.0300000000000002,224.433
2011-05-27,-0.1627610246629163,17.046,3.07,2.59,3.150120186231198,1.0313095562210726,0,-0.08,224.433
2011-06-03,-2.3243889996039213,17.447499999999998,2.99,2.57,3.150120186231198,1.0272601489593451,0,-0.0799999999999996,224.433
2011-06-10,-2.2443432303584143,18.396,2.99,2.58,3.150120186231198,1.0803461970445518,0,0.0,224.433
2011-06-17,0.0409148483250021,20.754,2.94,2.56,3.320632965497583,1.187919895254245,0,-0.0500000000000002,224.804
2011-06-24,-0.2398780045713699,19.552,2.88,2.53,3.4894855080469966,1.0619810302334896,0,-0.06,224.804
2011-07-01,5.614734164926238,17.878,3.22,2.72,3.4894855080469966,0.9391000597508848,0,0.3400000000000003,224.804
2011-07-08,0.3082852304922445,16.075,3.03,2.63,3.4894855080469966,0.8396448158788196,0,-0.1900000000000004,224.804
2011-07-15,-2.0583444838991327,19.7,2.94,2.57,3.2593083637167286,1.0611508369355902,0,-0.0899999999999998,224.304
2011-07-22,2.194295786267597,18.866,2.99,2.59,3.3997298655320307,1.0308585479133938,0,0.0500000000000002,224.304
2011-07-29,-3.921130501295833,22.31,2.82,2.46,3.3997298655320307,1.2305740564541705,0,-0.1700000000000003,224.304
2011-08-05,-7.1888462491066285,27.098000000000003,2.58,2.3,3.3997298655320307,1.4085846837597955,0,-0.2399999999999997,224.304
2011-08-12,-1.7150482920608945,40.282,2.24,2.04,3.3997298655320307,1.831541137154159,1,-0.3399999999999998,224.304
2011-08-19,-4.6894772312021775,36.404,2.07,1.87,3.597476068144334,1.3413906186668634,0,-0.1700000000000003,225.425
2011-08-26,4.74130803291366,37.992,2.19,1.99,3.597476068144334,1.2051961235268926,0,0.1200000000000001,225.425
2011-09-02,-0.2404892936415326,32.506,2.02,1.82,3.597476068144334,0.9171086784787268,0,-0.1699999999999999,225.425
2011-09-09,-1.6814731830450569,35.805,1.93,1.76,3.597476068144334,0.9730677247526904,0,-0.09,225.425
2011-09-16,5.352488701756397,34.61,2.08,1.9,3.984889497557398,0.9700995746529604,0,0.1500000000000001,226.268
2011-09-23,-6.544350409584688,37.102,1.84,1.61,3.721292688517064,1.0531888470190824,0,-0.24,226.268
2011-09-30,-0.4408550926003007,39.922,1.92,1.67,3.721292688517064,1.1404412132292552,0,0.0799999999999998,226.268
2011-10-07,2.124756152309204,39.31,2.1,1.8,3.721292688517064,1.0664749489619436,0,0.1800000000000001,226.268
2011-10-14,5.982032909310497,30.765,2.26,1.98,3.721292688517064,0.8152692389230444,0,0.1599999999999997,226.268
2011-10-21,1.116304727814943,33.098,2.23,1.93,3.9304489586577054,0.9000197146139675,0,-0.0299999999999998,226.955
2011-10-28,3.782755164168172,28.266,2.34,2.06,3.9304489586577054,0.7901324295048744,0,0.1099999999999998,226.955
2011-11-04,-2.4792027172374054,31.626,2.06,1.84,3.9304489586577054,0.9624540661447516,0,-0.2799999999999998,226.955
2011-11-11,-1.0796126415531735,31.575,2.04,1.8,3.9304489586577054,1.0205648256636095,0,-0.02,226.955
2011-11-18,-1.9399796487108325,32.474000000000004,2.01,1.72,3.601990140671329,1.0427969333279816,0,-0.0300000000000002,226.763
2011-11-25,-4.687202675475133,33.3325,1.97,1.69,3.601990140671329,1.0757537860756328,0,-0.0399999999999998,226.763
2011-12-02,7.388642331690698,29.1,2.05,1.8,3.601990140671329,0.9022731236556012,0,0.0799999999999998,226.763
2011-12-09,0.8768052088355072,28.322000000000003,2.07,1.85,3.601990140671329,0.8956883022418298,0,0.02,226.763
2011-12-16,-2.830639893971476,25.304,1.86,1.62,3.456143392989164,0.821368433438693,0,-0.2099999999999997,226.72
2011-12-23,3.744479657867639,22.292,2.03,1.75,3.456143392989164,0.7683021924288183,0,0.1699999999999997,226.72
2011-12-30,-0.6109063040641294,22.87,1.89,1.64,3.456143392989164,0.8710887657353977,0,-0.1399999999999999,226.72
2012-01-06,1.6070358937782414,21.825,1.98,1.73,3.456143392989164,0.8837105721342672,0,0.09,226.72
2012-01-13,0.8827530469572409,20.838,1.89,1.65,3.456143392989164,0.9031433184167472,0,-0.09,226.72
2012-01-20,2.039426243285547,20.31,2.05,1.79,2.9488949022029365,0.9250213492741246,0,0.1599999999999999,226.747
2012-01-27,0.0722187632736348,18.598000000000003,1.93,1.71,2.9488949022029365,0.8666053143529469,0,-0.1199999999999998,226.747
2012-02-03,2.170433653656678,18.494,1.97,1.74,2.9488949022029365,0.90689092937441,0,0.04,226.747
2012-02-10,-0.1680429566955799,18.598,1.96,1.69,2.9488949022029365,0.9508179959100204,0,-0.01,226.747
2012-02-17,1.3845830317503305,19.344,2.01,1.72,3.3240078842433185,1.0181052631578948,0,0.0499999999999998,227.505
2012-02-24,0.3313187213281887,17.622500000000002,1.98,1.67,2.914566954067177,0.9394407868432978,0,-0.0299999999999998,227.505
2012-03-02,0.2848283477274504,17.826,1.99,1.71,2.914566954067177,0.9628064300519183,0,0.01,227.505
2012-03-09,0.0905346867368761,18.61,2.04,1.71,2.914566954067177,1.0143002159680068,0,0.05,227.505
2012-03-16,2.42911792852234,15.128,2.31,1.94,3.334358686703265,0.8243860903920166,0,0.27,228.433
2012-03-23,-0.5027922810483365,15.228,2.25,1.88,2.772753857920529,0.8804029687872634,0,-0.06,228.433
2012-03-30,0.8131060167538617,15.26,2.23,1.9,2.772753857920529,0.9138819020241944,0,-0.02,228.433
2012-04-06,-0.7376809491543956,16.11,2.19,1.84,2.772753857920529,1.003331983931741,0,-0.04,228.433
2012-04-13,-1.9898680449985884,19.194,2.02,1.75,3.0719395330004007,1.2438194601950556,0,-0.1699999999999999,229.098
2012-04-20,0.6035365165961926,18.49,1.99,1.7,2.509284531746392,1.1241488326848248,0,-0.03,229.098
2012-04-27,1.801190799401886,17.29,1.96,1.7,2.509284531746392,1.0015350305557968,0,-0.03,229.098
2012-05-04,-2.441284497437224,17.47,1.91,1.64,2.509284531746392,0.9830622924990152,0,-0.05,229.098
2012-05-11,-1.147466307621292,19.358,1.84,1.57,2.509284531746392,1.068853183148363,0,-0.0699999999999998,229.098
2012-05-18,-4.298099093070595,23.14,1.71,1.39,2.1137711477367427,1.2747906566769502,0,-0.1300000000000001,229.177
2012-05-25,1.7448754726711702,22.024,1.75,1.45,2.1137711477367427,1.140283206917083,0,0.04,229.177
2012-06-01,-3.018614746163273,23.9725,1.47,1.22,2.1137711477367427,1.1695043418870137,0,-0.28,229.177
2012-06-08,3.7260174690707526,23.182,1.65,1.37,2.1137711477367427,1.0478391312454445,0,0.1799999999999999,229.177
2012-06-15,1.2959530496260196,22.542,1.6,1.31,1.82415241965308,0.9767056440475096,0,-0.0499999999999998,228.527
2012-06-22,-0.5823438747807441,18.426,1.69,1.38,1.6561093218981693,0.8035717206077159,0,0.0899999999999998,228.527
2012-06-29,2.032929413145945,19.268,1.67,1.34,1.6561093218981693,0.8746006978921389,0,-0.02,228.527
2012-07-06,-0.5491264081356362,17.015,1.57,1.3,1.6561093218981693,0.8158910546884367,0,-0.0999999999999998,228.527
2012-07-13,0.1550163509224988,17.944,1.52,1.27,1.6561093218981693,0.9291271310403748,0,-0.05,228.527
2012-07-20,0.4333793802861141,16.294,1.49,1.27,1.9232826877808584,0.8970861492299012,0,-0.03,228.618
2012-07-27,1.7106201061712234,18.532,1.58,1.33,1.9232826877808584,1.051147885027155,0,0.09,228.618
2012-08-03,0.3622026189141314,17.826,1.6,1.36,1.9232826877808584,1.021766855341406,0,0.02,228.618
2012-08-10,1.0697420533058777,15.456,1.65,1.38,1.9232826877808584,0.8757436681964983,0,0.0499999999999998,228.618
2012-08-17,0.8741945631662418,14.184,1.81,1.52,1.9700941579285256,0.8330298936982439,0,0.1600000000000001,228.723
2012-08-24,-0.4957148084448359,15.057999999999998,1.68,1.4,1.4630143063103065,0.9126337161732172,0,-0.1300000000000001,228.723
2012-08-31,-0.3224400878998334,17.04,1.57,1.35,1.4630143063103065,1.090141385707888,0,-0.1099999999999998,228.723
2012-09-07,2.228105679717673,16.425,1.67,1.42,1.4630143063103065,1.0641744144611098,0,0.0999999999999998,228.723
2012-09-14,1.936823657421427,15.41,1.88,1.61,2.0747476987911684,0.9829843558135456,0,0.2099999999999999,230.102
2012-09-21,-0.3834158866876547,14.14,1.77,1.5,1.6944508282213944,0.8846761453396526,0,-0.1099999999999998,230.102
2012-09-28,-1.3341081493709606,15.392,1.65,1.42,1.6944508282213944,0.977037213361898,0,-0.1200000000000001,230.102
2012-10-05,1.406290763854745,15.268,1.75,1.48,1.6944508282213944,0.9951928560952956,0,0.1,230.102
2012-10-12,-2.213664357747813,16.0975,1.69,1.42,1.6944508282213944,1.0694236837734596,0,-0.06,230.102
2012-10-19,0.3219941127961201,15.53,1.79,1.49,2.2742941997984545,1.0200747157108256,0,0.1,231.414
2012-10-26,-1.4827064707940596,17.942,1.78,1.48,1.9647066599105527,1.152205498695565,0,-0.01,231.414
2012-11-02,0.1600641570755456,17.62666666666667,1.75,1.47,1.9647066599105527,1.087436540068119,0,-0.03,231.414
2012-11-09,-2.428933444487358,18.436,1.61,1.34,1.9647066599105527,1.097443554567845,0,-0.1399999999999999,231.414
2012-11-16,-1.4472566624241123,17.2425,1.58,1.34,2.113194245555272,0.991879350348028,0,-0.03,231.751
2012-11-23,3.6231152273980216,15.1925,1.7,1.41,2.1996533826065034,0.8529461990301368,0,0.1199999999999998,231.751
2012-11-30,0.4988843753381156,15.572,1.62,1.37,2.1996533826065034,0.9093448438632944,0,-0.0799999999999998,231.751
2012-12-07,0.1334500209329236,16.54,1.64,1.39,2.1996533826065034,0.9957407100823262,0,0.0199999999999997,231.751
2012-12-14,-0.3166268523019488,16.226,1.72,1.48,1.8794953321308985,1.0055308534866068,0,0.08,231.025
2012-12-21,1.172205950459437,16.956,1.77,1.51,1.898817925194085,1.0675817127206615,0,0.05,231.025
2012-12-28,-1.9382561430561829,19.8775,1.73,1.46,1.898817925194085,1.2177229148160629,0,-0.04,231.025
2013-01-04,4.566353724574923,15.2725,1.93,1.66,1.898817925194085,0.8777361906335533,0,0.1999999999999999,231.025
2013-01-11,0.3805109028127251,13.614,1.89,1.63,1.898817925194085,0.7969326230755723,0,-0.04,231.025
2013-01-18,0.946294703207573,13.303999999999998,1.87,1.61,1.8785285815102304,0.8097382836275105,0,-0.0199999999999997,230.979
2013-01-25,1.1426789520672775,12.6175,1.98,1.7,1.8663973503508344,0.8131404266288587,0,0.1099999999999998,230.979
2013-02-01,0.6793316703822105,13.675999999999998,2.04,1.77,1.8663973503508344,0.9981024667931688,0,0.06,230.979
2013-02-08,0.3145720327118129,13.663999999999998,1.99,1.74,1.8663973503508344,1.0271463875290114,0,-0.05,230.979
2013-02-15,0.1225343254134259,12.736,2.01,1.72,1.8663973503508344,0.9564882701388434,0,0.0199999999999997,230.979
2013-02-22,-0.2757001538940984,14.095,1.97,1.7,1.8345350675893048,1.0699611906591897,0,-0.0399999999999998,231.198
2013-03-01,0.1715476133425264,16.291999999999998,1.86,1.61,1.6232610272301828,1.2030052980376953,0,-0.1099999999999998,231.198
2013-03-08,2.1723161375157174,13.334,2.06,1.79,1.6232610272301828,0.9392290489020374,0,0.1999999999999999,231.198
2013-03-15,0.613719692834036,11.652,2.01,1.76,2.3142348519812783,0.8255486476433392,0,-0.0500000000000002,232.77
2013-03-22,-0.244117168106317,13.596,1.93,1.67,1.8985873319529167,0.9821393097719108,0,-0.0799999999999998,232.77
2013-03-29,0.7900318353952551,13.09,1.87,1.62,1.8985873319529167,0.954185953274775,0,-0.0599999999999998,232.77
2013-04-05,-1.0138933273506123,13.675999999999998,1.72,1.48,1.8985873319529167,1.0586778139030808,0,-0.1500000000000001,232.77
2013-04-12,2.2899892883554207,12.538,1.75,1.53,1.8985873319529167,0.9642019456300228,0,0.03,232.77
2013-04-19,-2.114735569892079,16.054,1.73,1.49,1.4151149289823417,1.2139130434782608,0,-0.02,232.34
2013-04-26,1.7354116852194237,13.742,1.7,1.48,1.4151149289823417,0.9929549477943568,0,-0.03,232.34
2013-05-03,2.0338288698019014,13.632,1.78,1.56,1.4151149289823417,0.9735404392072844,0,0.08,232.34
2013-05-10,1.194231160525372,12.774,1.9,1.64,1.4151149289823417,0.9129828824643532,0,0.1199999999999998,232.34
2013-05-17,2.067088237777459,12.73,1.95,1.69,1.0419121947812693,0.9060175794455714,0,0.05,231.485
2013-05-24,-1.0716831745792854,13.654,2.01,1.75,1.0070818624905664,1.0328681115019478,0,0.0599999999999998,231.485
2013-05-31,-1.1433065973987633,15.035,2.16,1.86,1.0070818624905664,1.1392309149460127,0,0.1500000000000003,231.485
2013-06-07,0.7751091359831541,16.363999999999997,2.17,1.85,1.0070818624905664,1.2078312697211817,0,0.0099999999999997,231.485
2013-06-14,-1.013157295609779,16.932,2.14,1.85,1.0070818624905664,1.1721094439541042,0,-0.0299999999999998,231.485
2013-06-21,-2.1085199860845227,17.887999999999998,2.52,2.14,1.4457810236864876,1.1543437928531095,0,0.3799999999999999,231.831
2013-06-28,0.8697383947045001,17.901999999999997,2.52,2.16,1.4457810236864876,1.0813814766154728,0,0.0,231.831
2013-07-05,1.5943661680692722,15.975,2.73,2.33,1.4457810236864876,0.92493414005732,0,0.2099999999999999,231.831
2013-07-12,2.959753802293963,14.238,2.61,2.24,1.4457810236864876,0.8290318354513299,0,-0.1200000000000001,231.831
2013-07-19,0.7082547110181192,13.66,2.5,2.18,1.932813190563909,0.8278411587352091,0,-0.1099999999999998,232.944
2013-07-26,-0.025999882697536,12.764,2.58,2.27,1.892239456210798,0.826483205180089,0,0.08,232.944
2013-08-02,1.0652333089695487,13.03,2.63,2.33,1.892239456210798,0.9202464819817432,0,0.0499999999999998,232.944
2013-08-09,-1.0674574351133503,12.736,2.57,2.25,1.892239456210798,0.9488191909409224,0,-0.06,232.944
2013-08-16,-2.104154318025553,13.452000000000002,2.84,2.48,2.0558311244084138,1.0310021076834643,0,0.27,233.318
2013-08-23,0.4632144694125317,14.938,2.82,2.42,2.00898029494192,1.1494748182063022,0,-0.02,233.318
2013-08-30,-1.8352888065449324,16.413999999999998,2.78,2.39,2.00898029494192,1.2123495088263534,0,-0.04,233.318
2013-09-06,1.3594905993665307,16.0275,2.94,2.48,2.00898029494192,1.114181438998957,0,0.1600000000000001,233.318
2013-09-13,1.9828745940104089,14.486,2.9,2.45,2.00898029494192,0.9525328160574702,0,-0.04,233.318
2013-09-20,1.2985885030200262,13.756,2.75,2.41,1.488035740671534,0.8894133240659171,0,-0.1499999999999999,233.526
2013-09-27,-1.0620461788447,14.384,2.64,2.3,1.488035740671534,0.9481325236678834,0,-0.1099999999999998,233.526
2013-10-04,-0.0738879858135033,16.630000000000003,2.66,2.33,1.488035740671534,1.134118168566241,0,0.02,233.526
2013-10-11,0.7512541361653247,18.31,2.7,2.35,1.488035740671534,1.2359929796138784,0,0.04,233.526
2013-10-18,2.424850282534874,14.9725,2.6,2.27,1.488035740671534,0.949429296131896,0,-0.1,233.526
2013-10-25,0.8753235615505783,13.24,2.53,2.21,0.9126500557442574,0.8236840263466906,0,-0.0700000000000002,233.526
2013-11-01,0.1062636081097467,13.48,2.65,2.32,1.094575090530392,0.8538062626182653,0,0.1200000000000001,233.947
2013-11-08,0.5091829561395977,13.136,2.77,2.45,1.094575090530392,0.8756968459647515,0,0.1200000000000001,233.947
2013-11-15,1.5570943678994809,12.475,2.71,2.4,1.094575090530392,0.9101106176532278,0,-0.06,233.947
2013-11-22,0.3659230921346568,12.962,2.75,2.44,0.8875905605585155,0.9907702891211708,0,0.04,233.808
2013-11-29,0.058182186132405,13.07,2.75,2.47,0.8875905605585155,1.0043609398113462,0,0.0,233.808
2013-12-06,-0.0398764404933138,14.47,2.88,2.58,0.8875905605585155,1.1207714501481325,0,0.1299999999999999,233.808
2013-12-13,-1.6492263596247558,14.824000000000002,2.88,2.54,0.8875905605585155,1.1192781773222344,0,0.0,233.808
2013-12-20,2.422098624525826,14.796,2.89,2.52,1.2388269667784837,1.069732133174276,0,0.0100000000000002,233.887
2013-12-27,1.2693078669737456,12.5775,3.02,2.62,1.2388269667784837,0.8801609517144856,0,0.1299999999999999,233.887
2014-01-03,-0.5446958381607803,13.8175,3.01,2.6,1.2388269667784837,0.9753385979617948,0,-0.0100000000000002,233.887
2014-01-10,0.6006432359014546,12.874,2.88,2.49,1.2388269667784837,0.9193251807551548,0,-0.1299999999999999,233.887
2014-01-17,-0.199202329338799,12.562,2.84,2.44,1.5396602099339909,0.9293997965412004,0,-0.04,234.582
2014-01-24,-2.632833708323179,14.405,2.75,2.38,1.5598820672009015,1.1116899153016533,0,-0.0899999999999998,234.582
2014-01-31,-0.4301019987923093,17.254,2.67,2.33,1.5598820672009015,1.286208149687375,0,-0.08,234.582
2014-02-07,0.8094993233229042,18.604,2.71,2.41,1.5598820672009015,1.303371573692968,0,0.04,234.582
2014-02-14,2.315499265412546,14.356,2.75,2.43,1.5598820672009015,0.9140310385992836,0,0.04,234.582
2014-02-21,-0.1294444709643571,14.71,2.73,2.4,1.6423160290217398,0.91056809916588,0,-0.02,234.933
2014-02-28,1.2634418609598352,14.057999999999998,2.66,2.33,1.6154984039654208,0.8661203869139299,0,-0.0699999999999998,234.933
2014-03-07,0.999762745908228,14.462,2.8,2.42,1.6154984039654208,0.9371435977190254,0,0.1399999999999996,234.933
2014-03-14,-1.9653486300597045,15.502,2.65,2.29,1.6154984039654208,1.0767894974472962,0,-0.1499999999999999,234.933
2014-03-21,1.3790451831810602,14.96,2.75,2.3,1.0306310950723985,1.0188653544915889,0,0.1,235.169
2014-03-28,-0.4768244819735479,14.614,2.73,2.28,1.0306310950723985,0.991082025024584,0,-0.02,235.169
2014-04-04,0.4021258773462932,13.48,2.74,2.31,1.0306310950723985,0.9056400954012565,0,0.0100000000000002,235.169
2014-04-11,-2.6486671055749977,15.44,2.63,2.26,1.0306310950723985,1.0547168522440056,0,-0.1100000000000003,235.169
2014-04-18,2.707512613172991,14.815,2.73,2.3,1.420332271670821,1.0130953602078845,0,0.1,235.64
2014-04-25,-0.0777516256458832,13.418,2.68,2.25,1.420332271670821,0.9198443846509796,0,-0.0499999999999998,235.64
2014-05-02,0.952022646879236,13.45,2.6,2.18,1.420332271670821,0.94133291340787,0,-0.08,235.64
2014-05-09,-0.1414054328212621,13.368,2.62,2.22,1.420332271670821,0.9360852896381492,0,0.02,235.64
2014-05-16,-0.0330051490371907,12.428,2.52,2.14,1.684600154945337,0.9030172022306588,0,-0.1,236.254
2014-05-23,1.2072275953560083,12.136,2.54,2.17,2.0601766853143744,0.9217681907944704,0,0.02,236.254
2014-05-30,1.212289026588631,11.54,2.48,2.11,2.0601766853143744,0.8983690786656804,0,-0.06,236.254
2014-06-06,1.344894952590403,11.588,2.6,2.19,2.0601766853143744,0.9369340232858993,0,0.1200000000000001,236.254
2014-06-13,-0.6812165352979682,11.696000000000002,2.6,2.15,2.0601766853143744,0.9809611674914032,0,0.0,236.254
2014-06-20,1.3795327073165442,11.358,2.63,2.13,2.265443361759223,0.9674616695059626,0,0.0299999999999998,237.083
2014-06-27,-0.0973082366350741,11.518,2.54,2.09,2.265443361759223,0.9976181196137024,0,-0.0899999999999998,237.083
2014-07-04,1.2483671750771697,10.965,2.65,2.13,2.265443361759223,0.9501733102253034,0,0.1099999999999998,237.083
2014-07-11,-0.900052161967213,11.926,2.53,2.05,2.265443361759223,1.047587675955816,0,-0.1200000000000001,237.083
2014-07-18,0.541278058965533,12.276,2.5,1.99,1.7768218971083272,1.072912797430463,0,-0.0299999999999998,237.083
2014-07-25,0.0060658126479706,12.22,2.48,1.95,2.038687409849582,1.0470172432258755,0,-0.02,237.693
2014-08-01,-2.688614814703749,14.63,2.52,2.05,2.038687409849582,1.2349378521535443,0,0.04,237.693
2014-08-08,0.3345163402634021,16.157999999999998,2.44,1.99,2.038687409849582,1.2660032907623595,0,-0.08,237.693
2014-08-15,1.2150659916826625,13.366,2.34,1.92,2.038687409849582,0.9670790825555312,0,-0.1,237.693
2014-08-22,1.705316707472071,11.908,2.4,1.87,1.9677007346196929,0.8449285131443574,0,0.06,237.909
2014-08-29,0.7528651438000411,11.828,2.35,1.87,1.9677007346196929,0.8439227997574115,0,-0.0499999999999998,237.909
2014-09-05,0.2166332644938373,12.335,2.46,1.94,1.9677007346196929,0.9263987983477282,0,0.1099999999999998,237.909
2014-09-12,-1.1042392729200712,13.03,2.62,2.04,1.9677007346196929,1.0542710925015677,0,0.1600000000000001,237.909
2014-09-19,1.252051576018598,12.728,2.59,2.0,1.6709060233121686,1.0368831592024603,0,-0.0300000000000002,237.428
2014-09-26,-1.3703764670493612,14.476,2.54,1.95,1.6709060233121686,1.1599126620059694,0,-0.0499999999999998,237.428
2014-10-03,-0.753962798797081,15.942000000000002,2.45,1.88,1.6709060233121686,1.2130342977800606,0,-0.0899999999999998,237.428
2014-10-10,-3.1388799616302587,17.554,2.31,1.86,1.6709060233121686,1.2499287952150382,0,-0.1400000000000001,237.428
2014-10-17,-1.016194859089814,24.0575,2.22,1.83,1.6709060233121686,1.5853377265238882,1,-0.0899999999999998,237.428
2014-10-24,4.124528073855527,17.032,2.29,1.88,1.7586906811233094,0.945834692730062,0,0.0699999999999998,237.633
2014-10-31,2.721706113749489,14.826,2.35,1.85,1.7586906811233094,0.7951143318741579,0,0.06,237.633
2014-11-07,0.6872968846952876,14.116,2.32,1.81,1.575570535206694,0.7685366036246334,0,-0.0300000000000002,237.633
2014-11-14,0.3887900199267102,13.1975,2.32,1.78,1.575570535206694,0.7538036455023811,0,0.0,237.633
2014-11-21,1.1608894085979091,13.658,2.31,1.78,1.579417560387597,0.9232823234158336,0,-0.0099999999999997,237.642
2014-11-28,0.1967559289435483,12.5675,2.18,1.71,1.639807021145567,0.900936421882701,0,-0.1299999999999999,237.642
2014-12-05,0.3777427679204637,12.762,2.31,1.66,1.639807021145567,0.9534731690916902,0,0.1299999999999999,237.642
2014-12-12,-3.5193800145776,17.758,2.1,1.54,1.639807021145567,1.3611574207147648,0,-0.2099999999999999,237.642
2014-12-19,3.412022383347724,19.346,2.17,1.5,1.3446664414866971,1.3637028486840366,0,0.0699999999999998,237.032
2014-12-26,0.8750932336263118,14.73,2.25,1.52,1.3446664414866971,0.9437241224663042,0,0.08,237.032
2015-01-02,-1.4635440030987934,16.9925,2.12,1.46,1.3446664414866971,1.052232336367577,0,-0.1299999999999999,237.032
2015-01-09,-0.6505632540949824,18.982,1.98,1.39,1.3446664414866971,1.103179734549919,0,-0.1400000000000001,237.032
2015-01-16,-1.2416808368938992,20.996,1.83,1.34,0.9671337013173132,1.1989065031655732,0,-0.1499999999999999,236.149
2015-01-23,1.604422245446413,17.95,1.81,1.29,0.6679966919883151,1.0013877169615275,0,-0.02,236.149
2015-01-30,-2.7697398520154404,18.582,1.68,1.21,0.6679966919883151,0.992091617114141,0,-0.1300000000000001,236.149
2015-02-06,3.03159317915398,17.845999999999997,1.95,1.3,0.6679966919883151,0.9330022219317736,0,0.27,236.149
2015-02-13,2.019976945566704,16.554,2.02,1.36,0.6679966919883151,0.8784992172367129,0,0.07,236.149
2015-02-20,0.6347220852619406,15.21,2.13,1.46,0.7203935309513465,0.8577228895279987,0,0.1099999999999998,236.284
2015-02-27,-0.2748447469043902,13.868,2.0,1.37,-0.1089672374677053,0.813467855466917,0,-0.1299999999999999,234.677
2015-03-06,-1.5794720947671648,14.074000000000002,2.24,1.51,-0.1089672374677053,0.8868584391442706,0,0.2400000000000002,234.677
2015-03-13,-0.8622822503050243,16.008000000000003,2.13,1.45,-0.1089672374677053,1.072455029645262,0,-0.1100000000000003,234.677
2015-03-20,2.663884187881038,14.466,1.93,1.33,-0.2092112480811758,0.9780933062880324,0,-0.1999999999999999,234.677
2015-03-27,-2.233294243349393,14.668,1.95,1.37,0.0072288439377565,1.004382360996987,0,0.02,235.186
2015-04-03,0.2882039645399015,14.895,1.92,1.37,0.0072288439377565,1.0061469873007294,0,-0.03,235.186
2015-04-10,1.698150826314504,13.834,1.96,1.39,0.0072288439377565,0.9216982860569316,0,0.04,235.186
2015-04-17,-0.993317334952526,13.388,1.87,1.36,0.242804111086059,0.9254964312254808,0,-0.0899999999999998,235.74
2015-04-24,1.754293764347592,12.806,1.93,1.39,0.0424376167034612,0.902069208417716,0,0.0599999999999998,235.74
2015-05-01,-0.4438752888209829,13.234,2.12,1.52,0.0424376167034612,0.9638220781821824,0,0.1900000000000001,235.74
2015-05-08,0.3704451687882137,14.06,2.16,1.57,0.0424376167034612,1.055912282678082,0,0.04,235.74
2015-05-15,0.3133066729614109,13.318,2.14,1.59,0.0424376167034612,0.9959617110379898,0,-0.02,235.74
2015-05-22,0.1568771419653059,12.54,2.21,1.57,-0.1151303258357439,0.9390093227002132,0,0.0699999999999998,235.982
2015-05-29,-0.8781579777183746,13.62,2.12,1.51,-0.1151303258357439,1.0249849488260083,0,-0.0899999999999998,235.982
2015-06-05,-0.6908932468738804,14.158,2.41,1.68,-0.1151303258357439,1.0577907280809893,0,0.29,235.982
2015-06-12,0.0611626003589327,13.922,2.39,1.65,-0.1151303258357439,1.038257886494146,0,-0.02,235.982
2015-06-19,0.7583117409260876,14.37,2.26,1.61,-0.0219332470063227,1.0597345132743363,0,-0.1300000000000003,237.031
2015-06-26,-0.402845512980643,13.228,2.49,1.77,-0.0219332470063227,0.943677545924737,0,0.2300000000000004,237.031
2015-07-03,-1.1758305322569829,17.490000000000002,2.4,1.76,-0.0219332470063227,1.2565106505262404,0,-0.0900000000000003,237.031
2015-07-10,-0.0077000022688511,17.912,2.42,1.77,-0.0219332470063227,1.214167090323674,0,0.02,237.031
2015-07-17,2.408710913307055,12.912,2.34,1.66,0.2965206277970145,0.8198095238095239,0,-0.08,237.786
2015-07-24,-2.209588487377101,12.594,2.27,1.57,0.0391260996327247,0.8185629326313736,0,-0.0699999999999998,237.786
2015-07-31,1.1631854726900317,13.157999999999998,2.2,1.53,0.0391260996327247,0.8641229395153345,0,-0.0699999999999998,237.786
2015-08-07,-1.2486699765089648,13.046,2.18,1.45,0.0391260996327247,0.9223699095022624,0,-0.02,237.786
2015-08-14,0.6724187509187907,13.174,2.2,1.47,0.0391260996327247,1.0190678785534713,0,0.02,237.786
2015-08-21,-5.76847787566821,17.846,2.05,1.41,0.0798624684227977,1.3735088124374666,0,-0.1500000000000003,238.099
2015-08-28,0.9122772115701894,31.846000000000004,2.19,1.47,0.0798624684227977,2.22605899622536,1,0.1400000000000001,238.099
2015-09-04,-3.40143018800364,27.866,2.13,1.42,0.0798624684227977,1.4683317525555906,0,-0.06,238.099
2015-09-11,2.0731659431180605,24.675,2.2,1.49,0.0798624684227977,1.087819071551382,0,0.0700000000000002,238.099
2015-09-18,-0.1540001252418155,22.312,2.13,1.44,0.0092472331858051,0.8729862177574755,0,-0.0700000000000002,237.931
2015-09-25,-1.3631079747100094,22.36,2.17,1.47,0.2118536988055419,0.8382459067095286,0,0.04,237.931
2015-10-02,1.036587026911473,24.49,1.99,1.41,0.2118536988055419,1.0076841574686513,0,-0.1799999999999999,237.931
2015-10-09,3.255679616973861,18.368,2.12,1.47,0.2118536988055419,0.7829747327813121,0,0.1300000000000001,237.931
2015-10-16,0.9042662661814748,16.700000000000003,2.04,1.43,0.0581228835689229,0.7631669142008456,0,-0.08,237.566
2015-10-23,2.067764031217334,15.268,2.09,1.43,0.0581228835689229,0.7455260138186969,0,0.0499999999999998,237.566
2015-10-30,0.2028867925815802,14.946000000000002,2.16,1.41,-0.0281947372629209,0.7989736187956059,0,0.0700000000000002,237.566
2015-11-06,0.9541321716803886,14.716,2.34,1.44,-0.0281947372629209,0.9016880610275418,0,0.1799999999999997,237.566
2015-11-13,-3.628044678014541,17.564999999999998,2.28,1.42,-0.0281947372629209,1.1400292065552486,0,-0.06,237.566
2015-11-20,3.2688370736915884,17.262,2.26,1.33,0.1721141423960404,1.104856388511081,0,-0.02,238.042
2015-11-27,0.0450028280146508,15.465,2.22,1.3,0.1683204147415073,0.959233357626882,0,-0.0399999999999995,238.042
2015-12-04,0.0755861606891006,15.925999999999998,2.28,1.32,0.1683204147415073,0.9799409303470342,0,0.0599999999999996,238.042
2015-12-11,-3.792146470606228,19.356,2.13,1.25,0.1683204147415073,1.1692289105681235,0,-0.1499999999999999,238.042
2015-12-18,-0.3389012112887002,20.236,2.19,1.22,0.1973556862844061,1.1901954153126793,0,0.06,238.111
2015-12-25,2.764325998179129,16.6525,2.25,1.22,0.4552127982719645,0.938393699899976,0,0.06,238.111
2016-01-01,-0.8272747033665206,17.1225,2.27,1.21,0.4552127982719645,0.9490027088630396,0,0.02,238.111
2016-01-08,-5.964456667229657,22.526,2.13,1.19,0.4552127982719645,1.2281270871100085,0,-0.1400000000000001,238.111
2016-01-15,-2.1695848975597065,24.592,2.03,1.18,0.4552127982719645,1.285234592419353,0,-0.1,238.111
2016-01-22,1.4130535055200788,25.6675,2.07,1.19,0.7190375567967644,1.2692074715982842,0,0.04,237.847
2016-01-29,1.7483856202978876,22.476,1.94,1.18,0.7190375567967644,0.9999555100769676,0,-0.1299999999999999,237.847
2016-02-05,-3.1021905387579984,21.766,1.86,1.12,0.7190375567967644,0.9139473974270822,0,-0.0799999999999998,237.847
2016-02-12,-0.8122134589325536,26.474,1.74,1.03,0.7190375567967644,1.1205748056909148,0,-0.1200000000000001,237.847
2016-02-19,2.842158279654239,22.1475,1.76,1.0,0.8291375360471642,0.919140724294096,0,0.02,238.107
2016-02-26,1.5783885048770818,20.0,1.76,0.96,0.7715291767534049,0.8614794833276799,0,0.0,238.107
2016-03-04,2.666252924943846,17.78,1.88,1.0,1.4615833677778411,0.7868344627299129,0,0.1199999999999998,238.107
2016-03-11,1.1100031140292677,17.782,1.98,1.01,1.4615833677778411,0.8232264486148968,0,0.1,238.107
2016-03-18,1.3544789318703954,15.442000000000002,1.88,1.04,1.2911363278037546,0.7948577715723303,0,-0.1,237.707
2016-03-25,-0.6655088456572145,14.41,1.91,1.02,1.2911363278037546,0.8117852515351247,0,0.03,237.707
2016-04-01,1.8094879490982985,13.934,1.79,1.03,1.071917546112422,0.8520500198734215,0,-0.1199999999999998,237.707
2016-04-08,-1.2147962328389994,15.03,1.72,1.02,1.071917546112422,0.9764812889812888,0,-0.07,237.707
2016-04-15,1.6179920530294156,14.458000000000002,1.76,1.02,1.162484161472177,0.9832698585418934,0,0.04,237.92
2016-04-22,0.5214563041863629,13.407999999999998,1.89,1.05,0.9247476032917534,0.9273758472817816,0,0.1299999999999999,237.92
2016-04-29,-1.256467757162505,14.546,1.83,1.06,0.9247476032917534,1.023825444307584,0,-0.0599999999999998,237.92
2016-05-06,-0.3951075416199323,15.392,1.79,1.05,0.9247476032917534,1.07182897531423,0,-0.04,237.92
2016-05-13,-0.5118712278417648,14.468,1.71,0.95,0.9247476032917534,1.0011763891772196,0,-0.08,237.92
2016-05-20,0.2790020105775781,15.545999999999998,1.85,0.96,1.3362178671417535,1.075587228007057,0,0.1400000000000001,238.89
2016-05-27,2.277422072461577,14.138,1.85,0.95,1.2322973786136115,0.9432879637042968,0,0.0,238.89
2016-06-03,0.003326451687946,13.8725,1.71,0.93,1.2322973786136115,0.9319158941287116,0,-0.1400000000000001,238.89
2016-06-10,-0.1457658469911082,14.69,1.64,0.91,1.2322973786136115,1.0126756801006471,0,-0.07,238.89
2016-06-17,-1.1855566295882691,20.078,1.62,0.92,1.4526531684619923,1.3788296292481093,0,-0.0199999999999997,239.41
2016-06-24,-1.6323682178460253,20.206,1.57,0.93,1.0036661871231978,1.287447135563927,0,-0.05,239.41
2016-07-01,3.216825081485153,17.928,1.46,0.87,1.0036661871231978,1.041621578438991,0,-0.1100000000000001,239.41
2016-07-08,1.2815307923451646,14.625,1.37,0.76,1.0036661871231978,0.8024471207922965,0,-0.0899999999999998,239.41
2016-07-15,1.4949100591810982,13.124,1.6,0.89,1.22178111723783,0.7207325946977498,0,0.2299999999999999,239.927
2016-07-22,0.6147843460609259,12.188,1.57,0.86,0.9003894257862077,0.7399784466402562,0,-0.03,239.927
2016-07-29,-0.0657430757904142,12.668,1.46,0.79,0.9003894257862077,0.8756934243497797,0,-0.1100000000000001,239.927
2016-08-05,0.4264822927292577,12.496,1.59,0.87,0.9003894257862077,0.9501758387985932,0,0.1300000000000001,239.927
2016-08-12,0.0540541386926607,11.688,1.51,0.8,0.9003894257862077,0.926222363103257,0,-0.08,239.927
2016-08-19,-0.0082384394405998,11.882,1.58,0.82,0.8587553514504576,0.969168026101142,0,0.07,239.828
2016-08-26,-0.6790732657718235,13.076,1.62,0.78,0.7261685265372853,1.0732548118356795,0,0.04,239.828
2016-09-02,0.5043678866794243,12.988,1.6,0.8,0.7261685265372853,1.0571812299051726,0,-0.02,239.828
2016-09-09,-2.393137659171629,13.4925,1.67,0.88,0.7261685265372853,1.0873594713301369,0,0.0699999999999998,239.828
2016-09-16,0.533405388783903,16.564,1.7,0.93,0.9265053612153018,1.288062443500491,0,0.03,240.305
2016-09-23,1.1934605333782766,13.812,1.62,0.85,0.9977682605461168,0.9844530964620772,0,-0.0799999999999998,240.305
2016-09-30,0.1653852617190088,13.46,1.6,0.83,0.9977682605461168,0.946945380035704,0,-0.02,240.305
2016-10-07,-0.6701208413155246,13.302,1.73,0.9,0.9977682605461168,0.928124754703158,0,0.1299999999999999,240.305
2016-10-14,-0.9639051073832672,16.02,1.8,0.96,0.9977682605461168,1.1214953271028036,0,0.07,240.305
2016-10-21,0.3834978159910962,14.598,1.74,0.9,1.446334913245173,1.031770152312966,0,-0.06,241.002
2016-10-28,-0.688878953719485,14.454000000000002,1.86,1.0,1.446334913245173,1.0075984663645872,0,0.1200000000000001,241.002
2016-11-04,-1.938947906231792,19.906,1.79,0.99,1.446334913245173,1.364031932024531,0,-0.07,241.002
2016-11-11,3.946903937607482,16.6425,2.15,1.23,1.446334913245173,1.0245006002031454,0,0.3599999999999999,241.002
2016-11-18,0.6652851239660196,13.553999999999998,2.34,1.27,1.6051789180060672,0.8264571154183276,0,0.1899999999999999,241.863
2016-11-25,1.441413296673999,12.4,2.36,1.24,1.6051789180060672,0.7683192242454284,0,0.02,241.863
2016-12-02,-0.9668667648663364,13.514,2.4,1.29,1.6051789180060672,0.8648614055437783,0,0.04,241.863
2016-12-09,3.083103156113109,12.108,2.47,1.32,1.6051789180060672,0.8631539551420858,0,0.0700000000000002,241.863
2016-12-16,-0.0646134779609175,12.708,2.6,1.32,1.7794222022502248,0.9855746859004187,0,0.1299999999999999,242.348
2016-12-23,0.253312365425451,11.46,2.55,1.33,1.7794222022502248,0.9036073329390892,0,-0.0500000000000002,242.348
2016-12-30,-1.1025740243930326,13.0875,2.45,1.25,1.7794222022502248,1.0514159469773046,0,-0.0999999999999996,242.348
2017-01-06,1.7040106221772875,11.9225,2.42,1.2,1.7794222022502248,0.9660984330527616,0,-0.0300000000000002,242.348
2017-01-13,-0.1027715619240199,11.416,2.4,1.19,1.7794222022502248,0.9285452844767984,0,-0.02,242.348
2017-01-20,-0.1463895008277926,12.1675,2.48,1.28,2.066683185573126,1.0163722173495386,0,0.08,243.032
2017-01-27,1.0293567240650336,10.972,2.49,1.27,2.179972839682653,0.9031660613044952,0,0.0100000000000002,243.032
2017-02-03,0.1189694703188193,11.716,2.49,1.28,2.179972839682653,1.0083050045182669,0,0.0,243.032
2017-02-10,0.8130936623029106,11.168,2.41,1.21,2.179972839682653,0.965432285532131,0,-0.08,243.032
2017-02-17,1.5137434901282276,11.406,2.42,1.21,2.653386420682202,0.9913196519169556,0,0.0099999999999997,244.158
2017-02-24,0.6881784474937591,11.6225,2.31,1.19,2.541294460053667,1.0271309266050992,0,-0.1099999999999998,244.158
2017-03-03,0.6665721320562534,12.064,2.49,1.17,2.541294460053667,1.051042744350667,0,0.1800000000000001,244.158
2017-03-10,-0.4414389125994011,11.702,2.58,1.22,2.541294460053667,1.0118351509387058,0,0.0899999999999998,244.158
2017-03-17,0.2381312531062995,11.554,2.5,1.17,2.66644827745508,0.9876374360234644,0,-0.08,244.456
2017-03-24,-1.440976328445287,12.54,2.4,1.14,2.8392096151985458,1.0685413005272408,0,-0.1,244.456
2017-03-31,0.7994944662721659,11.872,2.4,1.13,2.8392096151985458,0.9922273297116592,0,0.0,244.456
2017-04-07,-0.3038841559581118,12.464,2.38,1.09,2.8392096151985458,1.0459008139632455,0,-0.02,244.456
2017-04-14,-1.128831921753615,15.2125,2.24,1.03,2.8392096151985458,1.256452612017345,0,-0.1399999999999996,244.456
2017-04-21,0.8475918610634903,14.558000000000002,2.24,1.04,2.451244115669149,1.1179435000047997,0,0.0,243.752
2017-04-28,1.5119070908254484,10.726,2.29,1.01,2.451244115669149,0.7929546357646493,0,0.0499999999999998,243.752
2017-05-05,0.6329204009591471,10.482,2.36,1.04,2.451244115669149,0.7916843685388165,0,0.0699999999999998,243.752
2017-05-12,-0.3496924749468166,10.188,2.33,1.04,2.6218897108271744,0.7993958237296116,0,-0.0299999999999998,244.158
2017-05-19,-0.383534328058277,12.672,2.23,0.95,2.205199045585826,1.103016059537799,0,-0.1,244.158
2017-05-26,1.4313162352650677,10.294,2.25,0.95,2.205199045585826,0.9343741490423892,0,0.02,244.158
2017-06-02,0.962406112297498,10.1075,2.15,0.87,2.205199045585826,0.92652855440462,0,-0.1,244.158
2017-06-09,-0.2992963967220263,10.354,2.21,0.86,2.205199045585826,0.9573408226714282,0,0.06,244.158
2017-06-16,0.05674396844344,10.760000000000002,2.16,0.84,2.0745950018837167,0.9910770824938115,0,-0.0499999999999998,243.846
2017-06-23,0.2116658114411418,10.496,2.15,0.81,1.852888350528392,1.0112849417687368,0,-0.0100000000000002,243.846
2017-06-30,-0.6106769643016818,10.722,2.31,0.93,1.852888350528392,1.028057769521184,0,0.1600000000000001,243.846
2017-07-07,0.0730383878684959,11.505,2.39,0.99,1.852888350528392,1.0871208542001325,0,0.08,243.846
2017-07-14,1.405672521278167,10.342,2.33,0.98,1.8294975147236991,0.9513603017271116,0,-0.06,243.79
2017-07-21,0.5395918067500061,9.688,2.24,0.88,1.6100730638902716,0.8998490653663067,0,-0.0899999999999998,243.79
2017-07-28,-0.0177930953310978,9.772,2.3,0.96,1.6100730638902716,0.9250065077975246,0,0.0599999999999996,243.79
2017-08-04,0.1913345043444758,10.22,2.27,0.91,1.6100730638902716,0.9896627690221996,0,-0.0299999999999998,243.79
2017-08-11,-1.433687764019187,12.71,2.19,0.89,1.7176057717555704,1.2703013342661535,0,-0.08,244.048
2017-08-18,-0.6459628024869324,13.184,2.19,0.86,1.759594375969442,1.244066996933239,0,0.0,244.048
2017-08-25,0.721485834046387,12.06,2.17,0.82,1.759594375969442,1.0513010504293248,0,-0.02,244.048
2017-09-01,1.3712367462987096,10.992,2.16,0.81,1.759594375969442,0.9126914933366546,0,-0.0099999999999997,244.048
2017-09-08,-0.6105314606766998,11.8825,2.06,0.79,1.759594375969442,0.9710701589506804,0,-0.1,244.048
2017-09-15,1.576321484083998,10.484,2.2,0.81,2.1690544890504926,0.8715151137296465,0,0.1400000000000001,245.03
2017-09-22,0.0795922875063581,9.874,2.26,0.8,1.9662512224048576,0.8696015940640929,0,0.0599999999999996,245.03
2017-09-29,0.6849971992643589,9.862,2.33,0.86,1.9662512224048576,0.912461689701035,0,0.0700000000000002,245.03
2017-10-06,1.189586618238314,9.486,2.37,0.83,1.9662512224048576,0.90122914316252,0,0.04,245.03
2017-10-13,0.1506216783361491,9.8625,2.28,0.77,2.525124321175176,0.9935526116959652,0,-0.0900000000000003,246.373
2017-10-20,0.8632421553170344,10.062,2.39,0.79,2.228612210687042,1.0297688341925828,0,0.1100000000000003,246.373
2017-10-27,0.2275584325458934,10.912,2.42,0.83,2.228612210687042,1.1114138392004584,0,0.0299999999999998,246.373
2017-11-03,0.2622950695621018,9.99,2.34,0.71,2.228612210687042,0.9910099820199642,0,-0.08,246.373
2017-11-10,-0.2140796523101951,10.172,2.4,0.73,2.228612210687042,0.9966075955568074,0,0.06,246.373
2017-11-17,-0.1335999344243776,11.882,2.35,0.62,2.3389847387158547,1.1553870089459355,0,-0.0499999999999998,246.639
2017-11-24,0.9139664317895368,9.9825,2.34,0.59,1.9746716116148424,0.9295558245646708,0,-0.0100000000000002,246.639
2017-12-01,1.529347684959692,10.662,2.37,0.59,1.9746716116148424,1.0147882883418795,0,0.0300000000000002,246.639
2017-12-08,0.3512209202780836,10.754,2.38,0.58,1.9746716116148424,1.0074358584025198,0,0.0099999999999997,246.639
2017-12-15,0.9168417346313352,9.87,2.35,0.51,2.3686963280865614,0.9121890920853504,0,-0.0299999999999998,247.592
2017-12-22,0.2814112037844873,9.76,2.48,0.57,2.1638305247000167,0.9459999757684432,0,0.1299999999999999,247.592
2017-12-29,-0.3626070550154847,10.485,2.4,0.51,2.1638305247000167,1.0217804414559275,0,-0.08,247.592
2018-01-05,2.600969929341379,9.34,2.47,0.51,2.1638305247000167,0.914140301940346,0,0.0700000000000002,247.592
2018-01-12,1.5708251252988026,9.892,2.55,0.56,2.3169161701354968,1.0028640223038905,0,0.0799999999999996,247.963
2018-01-19,0.8635314502009495,11.765,2.64,0.58,2.028950920043449,1.1920865313980291,0,0.0900000000000003,247.963
2018-01-26,2.226455085657708,11.252,2.66,0.53,2.028950920043449,1.0850007232052457,0,0.02,247.963
2018-02-02,-3.854689904443476,14.589999999999998,2.84,0.69,2.028950920043449,1.381334469454898,0,0.1799999999999997,247.963
2018-02-09,-5.161952552325133,31.51,2.83,0.78,2.028950920043449,2.653529547990484,1,-0.0099999999999997,247.963
2018-02-16,4.301117358891604,21.686,2.87,0.66,2.083486922402722,1.2550313236974984,0,0.04,249.245
2018-02-23,0.551934993766956,18.9575,2.88,0.63,2.083486922402722,0.9594119284394848,0,0.0099999999999997,249.245
2018-03-02,-2.0401866498722443,19.26,2.86,0.61,2.083486922402722,0.8881357104566913,0,-0.02,249.245
2018-03-09,3.541851123432416,17.206,2.9,0.63,2.083486922402722,0.7528866086518949,0,0.04,249.245
2018-03-16,-1.2402364823396517,16.35,2.85,0.54,2.112036521909877,0.8481445217515352,0,-0.0499999999999998,249.619
2018-03-23,-5.950196380788086,20.658,2.82,0.54,2.112036521909877,1.151288428180317,0,-0.0300000000000002,249.619
2018-03-30,2.032643831121095,21.5925,2.74,0.47,2.112036521909877,1.1755178702670332,0,-0.0799999999999996,249.619
2018-04-06,-1.3783391408563772,21.042,2.77,0.5,2.112036521909877,1.1103005678932547,0,0.0299999999999998,249.619
2018-04-13,1.9900432221534592,19.676,2.82,0.45,2.047812285237427,0.9882160906551148,0,0.0499999999999998,249.462
2018-04-20,0.5210195947594753,16.05,2.96,0.5,2.342544881683017,0.7737876422979806,0,0.1400000000000001,249.462
