Date,SP500_Returns,VIX,Treasury_10Y,Yield_Spread,SP500_Volatility
2000-12-01,-1.977987186788677,27.838,5.52,-0.1,1.2621494058840117
2000-12-08,4.155929760680066,25.118,5.35,-0.15,1.5373420620770752
2000-12-15,-4.214936207794251,24.686,5.2,-0.18,1.5271276345260147
2000-12-22,-0.4725125272894148,28.764,5.02,-0.08,1.620722539925574
2000-12-29,1.0972915242380532,27.5725,5.12,0.01,1.7028321670366884
2001-01-05,-1.6610153319229215,28.0575,4.93,0.37,1.953221294729524
2001-01-12,1.555826519969794,26.996,5.25,0.35,1.9378985232455024
2001-01-19,1.819422042848995,24.205,5.19,0.44,1.872969060500535
2001-01-26,0.9243606706911268,22.412,5.29,0.51,1.6419533337364622
2001-02-02,-0.4044415414761637,22.162,5.17,0.52,1.3129808062416557
2001-02-09,-2.572118067911866,21.866000000000003,5.03,0.36,0.7827854952028577
2001-02-16,-1.006265810526774,21.44,5.11,0.36,0.8568208602801404
2001-02-23,-4.277276950374098,26.1025,5.1,0.57,0.961952414823376
2001-03-02,-0.9374995407151698,27.156,4.95,0.47,1.0445676658657947
2001-03-09,-0.0615801368155199,25.408,4.95,0.48,1.0698630274410512
2001-03-16,-6.72033951899299,29.19,4.78,0.52,1.5206337105779126
2001-03-23,-0.9300125133393178,31.192,4.8,0.56,1.6700468524784018
2001-03-30,1.7985138828038094,28.494,4.93,0.75,1.8475538984900843
2001-04-06,-2.749209582782375,32.326,4.89,0.82,2.080899197441944
2001-04-13,4.880226834437851,28.9825,5.17,0.81,2.083315721705058
2001-04-20,5.025769367870714,25.122,5.29,1.03,2.030958909219521
2001-04-27,0.8101553136501405,26.806,5.34,1.06,2.00360568501227
2001-05-04,1.0821544228116764,24.72,5.21,1.07,1.7501831987523402
2001-05-11,-1.6532272481996846,24.238,5.51,1.15,1.3559559986186618
2001-05-18,3.716065680248448,22.512,5.41,1.04,1.202791672573463
2001-05-25,-1.0890388800325337,21.072,5.52,1.21,1.061850077207255
2001-06-01,-1.3475315172458258,22.2825,5.39,1.17,1.0899164248007147
2001-06-08,0.3402886435503793,20.188,5.38,1.21,1.0685266116042136
2001-06-15,-4.000124679712103,21.756,5.27,1.26,1.0629385554909336
2001-06-22,0.9050026653499632,21.324,5.14,1.21,0.9203240398888252
2001-06-29,-0.0791586667034605,20.364,5.42,1.17,0.8804843557296497
2001-07-06,-2.7597673049009064,19.85,5.41,1.25,0.884600828586982
2001-07-13,2.1073659791293498,22.594,5.27,1.15,1.0363719120842638
2001-07-20,-0.3973149111277996,22.794,5.15,1.17,1.1127975693339027
2001-07-27,-0.4154130898372354,23.598,5.13,1.26,1.2043233845496228
2001-08-03,0.7074048926729359,20.97,5.2,1.29,1.179008428160154
2001-08-10,-1.9920074025264525,21.504,4.99,1.26,1.0284518494349002
2001-08-17,-2.368594362689413,21.438,4.84,1.17,0.9182866170328308
2001-08-24,1.9759618223110345,22.33,4.93,1.17,0.8617406827807992
2001-08-31,-4.333597371037468,23.184,4.85,1.21,0.9639171859825634
2001-09-07,-4.2167230024228175,27.95,4.8,1.27,1.020354662858115
2001-09-14,0.6225947782446006,31.84,4.84,1.31,1.08161950327115
2001-09-21,-11.600494877815724,41.518,4.7,1.79,1.5051127491630267
2001-09-28,7.78007398664291,34.95,4.6,1.74,1.89142760198847
2001-10-05,2.924286240322349,32.04,4.52,1.81,1.98367962335096
2001-10-12,1.8919542495537955,33.3,4.68,1.87,2.036025068781425
2001-10-19,-1.6644568807723137,34.466,4.63,1.86,1.687656859539053
2001-10-26,2.899914805045478,30.616000000000003,4.53,1.9,1.1738437922235263
2001-11-02,-1.5761250043513253,32.336,4.37,1.89,1.2634411344976189
2001-11-09,3.0454478393037165,28.898000000000003,4.34,1.89,1.2609091151763785
2001-11-16,1.6370437522745585,25.915,4.91,1.82,1.199889805804773
2001-11-23,1.0266492034956445,24.005000000000003,5.04,1.84,1.1453842232190845
2001-11-30,-0.9466779362631071,24.542,4.78,1.94,1.0743289041833743
2001-12-07,1.655194017295636,24.014,5.2,2.01,0.983863203965387
2001-12-14,-3.0406446453721148,25.266,5.24,2.04,1.0657477642285036
2001-12-21,1.9410776956058085,23.26,5.12,1.95,1.0786858493917155
2001-12-28,1.40886938277347,21.975,5.15,1.99,0.9942792394861348
2002-01-04,0.989646176731207,22.075,5.18,1.99,0.9147146350997112
2002-01-11,-2.2950792705869194,22.172,4.92,2.16,0.7539480701364487
2002-01-18,-1.5729765987497757,22.9,4.94,2.03,0.7240041749983466
2002-01-25,0.5055138849870744,21.9125,5.1,1.93,0.7847032324228965
2002-02-01,-0.9776999363409256,22.184,5.02,1.94,0.9690702555859166
2002-02-08,-2.315093708712068,24.956,4.9,1.95,1.1507873199433725
2002-02-15,0.7261392075083917,21.678,4.86,1.89,1.233453706918358
2002-02-22,-1.2987091953373664,23.4375,4.84,1.87,1.2963684481374735
2002-03-01,3.848277250962684,21.312,4.98,1.8,1.3044869618418888
2002-03-08,2.8742360224437213,20.01,5.33,1.73,1.2327475735038995
2002-03-15,0.1588902863359109,19.302,5.35,1.72,1.1691075388121583
2002-03-22,-1.4972287247088212,18.294,5.4,1.63,1.0495401103549458
2002-03-29,-0.1140364393766302,17.9275,5.42,1.7,1.0128760462709938
2002-04-05,-2.1492285852987347,19.4,5.22,1.73,0.7852586955178569
2002-04-12,-1.0438815126529222,19.398000000000003,5.18,1.77,0.7976884868795916
2002-04-19,1.2745190462032596,18.79,5.21,1.85,0.9875782808698608
2002-04-26,-4.341574673012206,20.782,5.08,1.86,0.9999131687590166
2002-05-03,-0.2684975399823042,21.256,5.08,1.91,1.0561540049393012
2002-05-10,-1.717863535943831,21.772,5.15,1.96,1.2941071524115186
2002-05-17,4.891039352370918,19.092,5.27,1.86,1.4589656624981953
2002-05-24,-2.05767449864509,19.2,5.16,1.88,1.47844843063855
2002-05-31,-1.538994710121011,20.3225,5.08,1.86,1.4624061053077362
2002-06-07,-3.711788969380159,23.508000000000003,5.1,1.94,1.402606514259575
2002-06-14,-1.9717194814723449,24.66,4.83,1.91,1.0820029886097025
2002-06-21,-1.7999150705636624,25.93,4.79,1.91,1.2251521589669334
2002-06-28,0.0687458464637025,26.986,4.86,1.96,1.2876694370612936
2002-07-05,-0.0798102707056047,28.15,4.9,2.0,1.4129804642982464
2002-07-12,-6.839025372821528,31.872000000000003,4.63,2.07,1.7357508360445852
2002-07-19,-7.992274007498912,36.084,4.61,2.13,1.7221632906809998
2002-07-26,0.6004160254165392,40.286,4.43,2.23,2.229479020226868
2002-08-02,1.3367059495248412,34.704,4.33,2.34,2.7626860718237656
2002-08-09,5.137464699130812,39.5,4.27,2.17,2.839955665829791
2002-08-16,2.215399339484403,32.694,4.32,2.04,2.9359900509561685
2002-08-23,1.3017179243591803,28.7,4.25,2.06,2.503342465996727
2002-08-30,-2.6348211650302766,31.926,4.14,2.0,2.140600823419676
2002-09-06,-2.4179401396145828,38.15,4.05,1.97,2.021990760826605
2002-09-13,-0.4597710567094015,35.932,3.92,1.85,1.831695032740067
2002-09-20,-4.992075053329714,38.38,3.79,1.85,1.6460051738723227
2002-09-27,-2.131562854896485,37.82,3.69,1.87,1.698222645583248
2002-10-04,-3.237968283288939,37.482,3.69,1.91,1.927294923918653
2002-10-11,4.339352655922757,39.80800000000001,3.83,1.98,2.085254264929268
2002-10-18,5.874396266576287,34.4125,4.14,2.05,2.6463538935683832
2002-10-25,1.499339606507899,32.886,4.12,2.14,2.5840921925408487
2002-11-01,0.3687403184503113,31.002,4.01,2.25,2.3029005846245783
2002-11-08,-0.6903782173000805,30.722,3.85,1.98,1.989775396067858
2002-11-15,1.6865264792194967,29.285,4.05,2.14,1.4064236567052162
2002-11-22,2.277345252841778,25.472,4.18,2.08,1.2745911398595855
2002-11-29,0.6189898276487416,26.1975,4.22,2.14,1.3432083994532904
2002-12-06,-2.571799633949423,28.738,4.09,2.2,1.4252836793218733
2002-12-13,-2.493888656050302,28.554,4.07,2.2,1.4234119839969408
2002-12-20,0.7060337989355903,27.622000000000003,3.97,2.21,1.433792936342403
2002-12-27,-2.2729285890860096,27.4025,3.83,2.23,1.2790573160210277
2003-01-03,3.791409814458424,27.0775,4.05,2.26,1.248168542186343
2003-01-10,2.088948800641988,24.828,4.16,2.37,1.403084086556175
2003-01-17,-2.780380760880863,25.138,4.05,2.35,1.331832614132031
2003-01-24,-4.477810948452376,28.91,3.94,2.28,1.3767301816956106
2003-01-31,-0.6617148880287638,32.074,4.0,2.28,1.525465468414762
2003-02-07,-3.039617785973814,32.836,3.96,2.33,1.326297338621552
2003-02-14,0.626741577183032,33.664,3.95,2.33,1.2422533925603647
2003-02-21,1.5906248761773378,30.9575,3.9,2.27,1.4062537371180563
2003-02-28,-0.8276593887474704,31.164,3.71,2.18,1.274600748076282
2003-03-07,-1.4575295024410462,31.018,3.63,2.24,1.195148394895296
2003-03-14,0.5284181019685974,32.634,3.72,2.16,1.3966061356040798
2003-03-21,7.502965069025747,30.566000000000003,4.11,2.31,1.5949960308202464
2003-03-28,-3.60463711577248,28.616000000000003,3.92,2.36,1.7534462537402196
2003-04-04,1.7776462751520006,28.574,3.96,2.41,1.803020288333972
2003-04-11,-1.200431027597737,26.546,4.0,2.35,1.640190864161945
2003-04-18,2.911439554563544,22.4975,3.98,2.27,1.447133395376432
2003-04-25,0.5852839554070011,20.916,3.91,2.34,1.254917155919142
2003-05-02,3.4790466968755984,21.006,3.94,2.38,1.1681072823639886
2003-05-09,0.3580289860550589,20.772,3.69,2.24,1.1048835063006028
2003-05-16,1.1666914819594698,19.414,3.46,2.08,1.055009585036968
2003-05-23,-1.1733577499815628,20.392000000000003,3.34,1.96,1.0665997379491066
2003-05-30,3.254329858528604,19.98,3.37,2.04,1.018923055840644
2003-06-06,2.5083263874192907,20.878,3.37,2.1,1.0073771710649662
2003-06-13,0.0860508197876086,20.814,3.13,2.03,1.0051721230103208
2003-06-20,0.71615876784068,19.786,3.4,2.18,0.986341707940881
2003-06-27,-1.9554310769959728,20.14,3.58,2.2,1.0305747983682352
2003-07-04,0.9710968622244298,19.35,3.67,2.35,1.020499334622952
2003-07-11,1.2620475081006166,19.226,3.66,2.37,1.0780756746085225
2003-07-18,-0.4828989173344067,19.646,4.0,2.49,0.9876569210398436
2003-07-25,0.5396030797769846,18.788,4.22,2.7,1.013955779086547
2003-08-01,-1.8554460285192145,19.224,4.44,2.59,1.0097563991140164
2003-08-08,-0.2611842569839373,21.06,4.27,2.55,0.931309580555569
2003-08-15,1.33797969449021,18.64,4.55,2.7,0.907104610778706
2003-08-22,0.2412523534241595,18.05,4.48,2.51,0.7763340071352032
2003-08-29,1.5054490407211407,19.052,4.45,2.5,0.6899619712295619
2003-09-05,1.327368255591388,18.835,4.35,2.63,0.5938244238304219
2003-09-12,-0.2702209465573202,19.01,4.27,2.61,0.6549037653684987
2003-09-19,1.7346871641922057,18.114,4.17,2.47,0.7299216855479732
2003-09-26,-3.806819587319199,20.966,4.04,2.44,0.8830956625304239
2003-10-03,3.3104279287967,21.152,4.21,2.56,1.020023756509543
2003-10-10,0.797211555318178,19.074,4.29,2.64,1.025584506638051
2003-10-17,0.1213694414771371,17.4675,4.41,2.51,0.966014277510488
2003-10-24,-1.001608036730561,17.330000000000002,4.24,2.48,0.8952674005593273
2003-10-31,2.118739834741024,16.746000000000002,4.33,2.48,0.7614863107033558
2003-11-07,0.2379343580001247,16.726,4.48,2.44,0.6562831306761322
2003-11-14,-0.2715494020790188,16.945,4.22,2.38,0.7066285937951738
2003-11-21,-1.4347547616836651,18.994,4.15,2.31,0.7134476965513519
2003-11-28,2.2138862169075457,16.675,4.34,2.28,0.7332713425642342
2003-12-05,0.3118549405025428,16.612000000000002,4.23,2.35,0.7317101630776872
2003-12-12,1.1907691614166271,17.036,4.26,2.42,0.7545363843161856
2003-12-19,1.3517808975771484,16.264,4.15,2.33,0.7108816167751548
2003-12-26,0.6641173774876163,16.884999999999998,4.17,2.35,0.6144566424645903
2004-01-02,1.1488347965604273,17.825,4.38,2.44,0.6087840259870476
2004-01-09,1.2070587758521656,16.416,4.11,2.43,0.5860092470145272
2004-01-16,1.6018015561445995,16.434,4.04,2.34,0.562970384752034
2004-01-23,0.1509078406213504,14.775,4.09,2.38,0.5455487817781656
2004-01-30,-0.9127978187210783,16.09,4.16,2.32,0.6753788949383633
2004-02-06,1.0281757916957843,17.206,4.12,2.35,0.694656671560703
2004-02-13,0.2669019568466213,15.722,4.05,2.35,0.7164768424231194
2004-02-20,-0.1483730422365159,15.7075,4.1,2.35,0.7476029723829618
2004-02-27,0.0725416319509175,15.3,3.99,2.33,0.6469286468996029
2004-03-05,1.0411064820283975,14.546,3.85,2.28,0.597160612063309
2004-03-12,-3.136943063293152,18.006,3.78,2.24,0.6282540127709677
2004-03-19,-0.9628954469036,19.452,3.8,2.24,0.7976975035877956
2004-03-26,-0.1549830288633646,19.454,3.85,2.26,0.9070047445675116
2004-04-02,3.0458637813217893,16.362000000000002,4.15,2.29,0.9880091405569708
2004-04-09,-0.218084635526361,15.5775,4.21,2.33,0.9573578920484058
2004-04-16,-0.413401077795672,15.768,4.37,2.34,0.8178326791746036
2004-04-23,0.5279338549553536,15.262,4.48,2.19,0.7732516030624447
2004-04-30,-2.919509685304522,15.984,4.53,2.22,0.7644516175634182
2004-05-07,-0.7766727424379338,16.824,4.79,2.15,0.7855151810480157
2004-05-14,-0.2730499802789832,18.762,4.79,2.2,0.8143030525743864
2004-05-21,-0.1952991396811043,19.076,4.76,2.16,0.7475907057759322
2004-05-28,2.479973084611564,16.157999999999998,4.66,2.12,0.7336580498111739
2004-06-04,0.1623965986577547,16.5475,4.78,2.08,0.6954889969325081
2004-06-11,1.2445408198775043,15.2075,4.81,2.0,0.6733930047052149
2004-06-18,-0.1275837645739019,15.21,4.72,1.91,0.6926396022797577
2004-06-25,-0.0519784506141318,14.71,4.66,1.92,0.6581602648435528
2004-07-02,-0.7977617305289564,15.232,4.48,1.94,0.6426548127580565
2004-07-09,-1.1169512728610664,16.009999999999998,4.49,1.94,0.590716734089632
2004-07-16,-1.026234787969471,14.446000000000002,4.38,1.84,0.5001661208965931
2004-07-23,-1.3791720711587518,15.6,4.45,1.76,0.5307824018621241
2004-07-30,1.428836331147476,16.2,4.5,1.82,0.5936601163208078
2004-08-06,-3.4264605347861354,17.054,4.24,1.84,0.6240604199167752
2004-08-13,0.0780170632495913,18.292,4.22,1.75,0.7883402534886065
2004-08-20,3.150819423302642,16.756,4.24,1.78,0.8750186896165462
2004-08-27,0.8576541316247743,15.162,4.23,1.75,0.8463501984210202
2004-09-03,0.5289893432972814,14.766,4.3,1.69,0.8096342596073651
2004-09-10,0.9240087836518862,13.975,4.19,1.69,0.6554577477994672
2004-09-17,0.4119514468804874,13.958000000000002,4.14,1.61,0.5350045991041
2004-09-24,-1.6339606290133537,14.382,4.04,1.42,0.5722680975062064
2004-10-01,1.9268374242813024,13.55,4.21,1.58,0.6186951591980356
2004-10-08,-0.8272192091526742,14.038,4.15,1.54,0.652820844675231
2004-10-15,-1.2422748760928748,15.485,4.07,1.54,0.7096450351637013
2004-10-22,-1.1243423106384487,14.902,4.0,1.45,0.7120394045458319
2004-10-29,3.1449031015222007,16.07,4.05,1.49,0.7715788788868355
2004-11-05,3.1826308907676903,14.86,4.21,1.41,0.7667505949523628
2004-11-12,1.5435141807539132,13.455,4.2,1.34,0.7429258725546657
2004-11-19,-1.167913189133052,13.256,4.2,1.25,0.7105459351983618
2004-11-26,1.0518361290961842,12.7875,4.24,1.21,0.6574817107374932
2004-12-03,0.7204176514917116,13.09,4.27,1.33,0.6529598367267067
2004-12-10,-0.26612858184486,13.138,4.16,1.21,0.6145310494364853
2004-12-17,0.5218814117739834,12.368,4.21,1.18,0.6240868363004386
2004-12-24,1.3339519646860865,11.515,4.23,1.21,0.5851485458703582
2004-12-31,0.1479212196439538,12.322,4.24,1.16,0.5625043540092783
2005-01-07,-2.1230858147456733,13.844,4.29,1.09,0.5616241577726615
2005-01-14,-0.1407803098566362,12.85,4.23,0.99,0.5405777216436995
2005-01-21,-1.4056346992473268,13.46,4.16,1.0,0.6087567227647515
2005-01-28,0.2988337956250753,13.726,4.16,0.91,0.6068224761480033
2005-02-04,2.703698635890084,11.902,4.09,0.8,0.6240784470819586
2005-02-11,0.188691842761135,11.654,4.1,0.76,0.6399851210037774
2005-02-18,-0.3078140593638645,11.368,4.27,0.82,0.5581268217347322
2005-02-25,0.8139240152690741,12.1475,4.27,0.73,0.6309694634880972
2005-03-04,0.8874249852094174,12.297999999999998,4.32,0.75,0.6618290967760208
2005-03-11,-1.8034267625567035,12.53,4.56,0.83,0.6606721853758695
2005-03-18,-0.8691030616754802,13.092000000000002,4.51,0.79,0.6945128354396647
2005-03-25,-1.532381800919036,13.84,4.6,0.72,0.6514049714296113
2005-04-01,0.1280497126332269,13.998,4.46,0.71,0.6179245193039022
2005-04-08,0.7059225621817822,13.178,4.5,0.73,0.6188458811831705
2005-04-15,-3.2661664112339395,13.772,4.27,0.73,0.6506881518721445
2005-04-22,0.8314225237258999,15.646,4.26,0.64,0.8251046385156018
2005-04-29,0.4105458189074262,15.313999999999998,4.21,0.55,0.9377998810572156
2005-05-06,1.253403665644348,14.306,4.28,0.55,0.9833467255588182
2005-05-13,-1.4769221085405015,15.11,4.12,0.51,0.9750526786508864
2005-05-20,3.052725529930367,14.068,4.13,0.44,0.8664176296363474
2005-05-27,0.7988026172117468,12.522,4.08,0.44,0.7024223992091103
2005-06-03,-0.2302348803094323,12.41,3.98,0.41,0.6471484053463474
2005-06-10,0.1747433810624254,12.282,4.05,0.34,0.5887696758389681
2005-06-17,1.573309280149804,11.506,4.09,0.37,0.4427135998889545
2005-06-24,-2.086347576207681,11.582,3.92,0.33,0.4312557389238414
2005-07-01,0.2408583001044739,11.862,4.06,0.3,0.4815201440471228
2005-07-08,1.4584277820451463,11.9725,4.11,0.33,0.5478464465415551
2005-07-15,1.3252404393145234,10.842,4.18,0.32,0.6017894791318038
2005-07-22,0.4690867124473419,10.588,4.23,0.31,0.61994018686325
2005-07-29,0.0405291467991286,10.908,4.28,0.26,0.5593009934943638
2005-08-05,-0.6287583195249469,12.132,4.4,0.29,0.5295555762670924
2005-08-12,0.3237039970705124,12.63,4.24,0.19,0.5335865924428923
2005-08-19,-0.8680218129037076,13.184,4.21,0.18,0.5697796113860004
2005-08-26,-1.1978245500539275,13.675999999999998,4.2,0.14,0.542181568783568
2005-09-02,1.072113866654978,13.297999999999998,4.03,0.28,0.5451570954461519
2005-09-09,1.926073509574033,12.59,4.14,0.26,0.5944152026395451
2005-09-16,-0.287555687181884,12.132,4.26,0.29,0.5684392028157087
2005-09-23,-1.827272943318281,12.972,4.25,0.23,0.6229821331522051
2005-09-30,1.11249324002356,12.518,4.34,0.16,0.5976061007407603
2005-10-07,-2.67820351481739,13.952000000000002,4.35,0.17,0.6010501622264119
2005-10-14,-0.7801720824925362,15.7975,4.48,0.21,0.6083094221637586
2005-10-21,-0.5882485470476984,15.148,4.39,0.17,0.6920004745365673
2005-10-28,1.5954754537342186,14.826,4.58,0.18,0.880492616178475
2005-11-04,1.8132341893836168,13.964,4.66,0.19,0.9365868563564684
2005-11-11,0.8867790711855283,12.72,4.55,0.11,0.8851890647827027
2005-11-18,1.406224340600537,11.808,4.5,0.1,0.8216106873941431
2005-11-25,1.6006136617983335,10.815,4.43,0.1,0.6357645942344792
2005-12-02,-0.2499541845308539,11.608,4.52,0.09,0.5212792773838105
2005-12-09,-0.4513517829582314,11.84,4.54,0.11,0.5241866766483472
2005-12-16,0.6312641402207886,10.894,4.45,0.08,0.497632522796844
2005-12-23,0.1057418763548145,10.788,4.38,0.01,0.4768827257701226
2005-12-30,-1.6056307102287448,11.65,4.39,-0.02,0.4518933865527738
2006-01-06,2.9768652273539864,11.205,4.38,0.02,0.5465549110778832
2006-01-13,0.168037205782956,11.072,4.36,0.02,0.5680782114716523
2006-01-20,-2.0285641936875654,12.675,4.37,0.0,0.6144069735797676
2006-01-27,1.7622003060539404,12.9,4.52,0.01,0.7116760876744308
2006-02-03,-1.5338190458675571,12.778,4.54,-0.05,0.6621243264347662
2006-02-10,0.2341685615765421,13.09,4.59,-0.1,0.6378122209928808
2006-02-17,1.5982762418078833,12.28,4.54,-0.12,0.6522201572228103
2006-02-24,0.1701363765247654,11.905,4.58,-0.16,0.5664564838766483
2006-03-03,-0.170623698110317,11.83,4.68,-0.08,0.586277577298767
2006-03-10,-0.4513518649807868,12.45,4.76,0.02,0.562926898830179
2006-03-17,2.0157290481551016,11.512,4.68,0.03,0.5563679801055559
2006-03-24,-0.3289385219449214,11.396,4.67,-0.05,0.536557256209291
2006-03-31,-0.620127891130462,11.39,4.86,0.04,0.4985591789244409
2006-04-07,0.0486539100595484,11.51,4.97,0.08,0.4826746895451725
2006-04-14,-0.4924743251881525,12.5825,5.05,0.09,0.490590011978729
2006-04-21,1.7190047678744549,11.706,5.01,0.11,0.5777846999095033
2006-04-28,-0.0510984633596334,11.738,5.07,0.2,0.5823726456124751
2006-05-05,1.1559521584141308,12.0,5.12,0.18,0.5769356630312159
2006-05-12,-2.603790978531073,12.49,5.19,0.18,0.5779047463068381
2006-05-19,-1.8749389052848064,15.47,5.05,0.09,0.6277055761023815
2006-05-26,1.036282059557725,16.619999999999997,5.06,0.1,0.6835508672149201
2006-06-02,0.6296038236033752,15.985,5.0,0.08,0.832937859881521
2006-06-09,-2.7883376047488584,17.652,4.98,-0.03,0.8941107596454139
2006-06-16,-0.0606891109152463,19.876,5.13,-0.03,0.9278431201277288
2006-06-23,-0.5625100949845363,16.362000000000002,5.23,-0.04,0.9977877721503712
2006-06-30,2.0650824565588533,14.783999999999995,5.15,-0.01,0.9702131633954256
2006-07-07,-0.3715927322127776,13.705,5.14,-0.03,0.9509528645380813
2006-07-14,-2.313748913359281,15.498,5.07,-0.01,0.9115462916771092
2006-07-21,0.3308597356558529,17.107999999999997,5.05,-0.03,0.8702006202106464
2006-07-28,3.0847631248046348,14.744,5.0,0.02,0.953566310371024
2006-08-04,0.0633480499398375,14.628,4.91,0.0,0.8547030470261665
2006-08-11,-0.9864303449915734,14.884,4.97,0.01,0.7950598926152405
2006-08-18,2.8072105458019525,12.794,4.84,-0.03,0.7057283387024462
2006-08-25,-0.5536422281716469,12.304,4.79,-0.07,0.5284842965199623
2006-09-01,1.2292616239389045,12.19,4.73,-0.04,0.4643296211482489
2006-09-08,-0.922187148096132,13.3525,4.78,-0.02,0.4990766129112789
2006-09-15,1.596710308001703,11.88,4.8,-0.07,0.4767122963035993
2006-09-22,-0.3697925796355528,11.998,4.6,-0.07,0.4454450387057583
2006-09-29,1.6025453550835067,11.786,4.64,-0.07,0.5014972841157481
2006-10-06,1.0285578834066555,12.042,4.7,-0.04,0.4950524075242297
2006-10-13,1.187770337869365,11.245,4.81,-0.06,0.4761258886043136
2006-10-20,0.2182144725036972,11.138,4.79,-0.08,0.4777770659021305
2006-10-27,0.638608095154547,10.776,4.68,-0.08,0.4287395586899722
2006-11-03,-0.9467464326733066,11.278,4.72,-0.1,0.4484089515049751
2006-11-10,1.21673935291553,10.96,4.59,-0.14,0.469445241109596
2006-11-17,1.4700504307997295,10.376,4.61,-0.15,0.4603993883302866
2006-11-24,-0.0178418504647281,10.185,4.55,-0.18,0.4472079038013429
2006-12-01,-0.3026510854886921,11.464,4.43,-0.09,0.5232391339442649
2006-12-08,0.940066674544182,11.714,4.56,-0.12,0.5107962806011145
2006-12-15,1.2235431267521912,10.312,4.6,-0.13,0.4973766489346361
2006-12-22,-1.144283573271487,10.61,4.63,-0.08,0.5237543422198627
2006-12-29,0.5344664585263281,11.1125,4.71,-0.11,0.4292253085956775
2007-01-05,-0.6056608330319513,11.896666666666668,4.65,-0.11,0.3983381875439313
2007-01-12,1.4910882460723365,11.28,4.77,-0.11,0.3981985809380318
2007-01-19,-0.0160743446974254,10.645,4.78,-0.15,0.3862804729790377
2007-01-26,-0.5816110652962281,10.67,4.88,-0.11,0.4392796944536785
2007-02-02,1.8429425211744064,10.644,4.83,-0.11,0.4783745027270248
2007-02-09,-0.713202656067391,10.612,4.79,-0.13,0.467092622604457
2007-02-16,1.2155250654721117,10.484,4.69,-0.14,0.5120872957769316
2007-02-23,-0.2988648569950625,10.3,4.68,-0.14,0.469374637304292
2007-03-02,-4.411545011047979,15.862,4.52,-0.04,0.7889854303174784
2007-03-09,1.1296323722816526,15.842,4.59,-0.07,0.975300891307484
2007-03-16,-1.1327033044104762,16.522,4.55,-0.03,1.061934595268562
2007-03-23,3.544470666598376,13.185999999999998,4.62,0.02,1.1615799933815611
2007-03-30,-1.0618963836719453,14.28,4.65,0.07,0.953689793681838
2007-04-06,1.6117016912399196,13.615,4.68,0.05,0.7899244987906657
2007-04-13,0.6296036570363261,12.844,4.76,0.0,0.6714095838011409
2007-04-20,2.16815228890348,12.23,4.68,0.04,0.5497753626488284
2007-04-27,0.65483011843539,12.922,4.71,0.04,0.4868759510646693
2007-05-04,0.77305944456032,13.362,4.65,-0.03,0.498041695951243
2007-05-11,0.0152748017093085,13.158,4.67,-0.04,0.5236595135492965
2007-05-18,1.1222913761702369,13.547999999999998,4.81,-0.01,0.5824407194878921
2007-05-25,-0.4610093272861548,13.404,4.86,0.01,0.5747601625916079
2007-06-01,1.3597399020364165,13.0475,4.95,-0.02,0.5720616359530429
2007-06-08,-1.866118340525757,14.738,5.12,0.11,0.6458392265106814
2007-06-15,1.674105706068563,14.738,5.16,0.11,0.7565735469864402
2007-06-22,-1.9798928123122888,14.18,5.14,0.22,0.8290999241601508
2007-06-29,0.0525714088877693,16.568,5.03,0.16,0.8724098416694378
2007-07-06,1.8019733435492349,15.13,5.19,0.2,0.8666335253739512
2007-07-13,1.441419424370216,16.012,5.11,0.17,0.7928909265244494
2007-07-20,-1.1851867577496011,15.88,4.96,0.17,0.7917555086316905
2007-07-27,-4.8986393070868495,19.674,4.8,0.24,0.9041976641290612
2007-08-03,-1.7745565951271636,22.888,4.71,0.25,1.1189433248166307
2007-08-10,1.4360846868401556,24.146,4.81,0.34,1.398970396739929
2007-08-17,-0.5297097744003554,29.148000000000003,4.68,0.5,1.505099082526487
2007-08-24,2.3119946239554823,23.562,4.63,0.33,1.5446609748272748
2007-08-31,-0.3636686495312013,24.254,4.54,0.39,1.5482204925727472
2007-09-07,-1.386708291214378,24.395,4.38,0.48,1.3960772676700757
2007-09-14,2.112067018031194,25.458,4.47,0.42,1.262841147738153
2007-09-21,2.79602492841502,21.262,4.64,0.58,1.238730428108432
2007-09-28,0.065541536949043,18.12,4.59,0.62,1.1177027333041534
2007-10-05,2.0199748367651926,18.096,4.65,0.57,0.9494228710830466
2007-10-12,0.2702946924542537,17.35,4.7,0.47,0.8375867550664804
2007-10-19,-3.916637343635032,19.854,4.41,0.61,0.7536318581427555
2007-10-26,2.3090318267205534,20.716,4.41,0.64,0.8412207556307983
2007-11-02,-1.669402610190307,21.138,4.31,0.65,0.9485794183117472
2007-11-09,-3.706161847935807,25.37,4.23,0.81,1.162507237168008
2007-11-16,0.3467042190128167,25.8975,4.15,0.82,1.4495707330285723
2007-11-23,-1.2366863994454191,25.835,4.01,0.94,1.432360768241589
2007-11-30,2.806973335680918,25.228,3.97,0.93,1.6525269208093802
2007-12-07,1.5879673291274043,22.348000000000003,4.12,1.0,1.601126077659174
2007-12-14,-2.4397592927246303,22.526,4.24,0.93,1.4886746557247634
2007-12-21,1.1246984103541855,21.578,4.18,0.99,1.4223568412841985
2007-12-28,-0.402164481375078,19.565,4.11,0.99,1.177013116146204
2008-01-04,-4.522180453921343,23.025,3.88,1.14,1.1498642442443892
2008-01-11,-0.7516123428138122,24.094,3.82,1.23,1.1651843611976165
2008-01-18,-5.412490690202343,25.252,3.66,1.3,1.277377212348082
2008-01-25,0.4090012892461914,29.2225,3.61,1.38,1.3804976670769786
2008-02-01,4.870702858631137,26.588,3.62,1.53,1.5187602179030333
2008-02-08,-4.595749155322137,27.774,3.64,1.71,1.5797957619236744
2008-02-15,1.4046489212105495,25.874,3.76,1.85,1.489721494386273
2008-02-22,0.2311124630372862,24.7925,3.79,1.81,1.3055165953829395
2008-02-29,-1.661356483368892,23.538,3.53,1.88,1.2277936567148136
2008-03-07,-2.800178083231064,26.288,3.56,2.03,1.1495754685971031
2008-03-14,-0.404368470622829,28.282,3.44,1.97,1.38268160483679
2008-03-21,3.2116070183937584,28.6225,3.34,1.75,1.7436561662655246
2008-03-28,-1.0748350112098182,25.824,3.47,1.8,1.914711370090057
2008-04-04,4.195499987841411,23.476,3.5,1.67,1.9451007864017904
2008-04-11,-2.741540257592945,22.606,3.49,1.73,1.7770145498446468
2008-04-18,4.314128725783295,21.526,3.77,1.58,1.4829311636760212
2008-04-25,0.5401602499406799,20.256,3.91,1.47,1.2363747974947044
2008-05-02,1.1489196894098883,19.546,3.89,1.42,1.001537461563815
2008-05-09,-1.8120089592476465,19.130000000000003,3.77,1.52,1.0206891516641703
2008-05-16,2.6702066951029613,17.240000000000002,3.85,1.38,0.8947681320547026
2008-05-23,-3.4672131561713004,18.156,3.85,1.39,0.8487800874239942
2008-05-30,1.776976315469847,18.67,4.06,1.4,0.9042929662807287
2008-06-06,-2.834941304035344,20.612,3.94,1.54,0.9142207863639898
2008-06-13,-0.0477720248995838,22.994,4.27,1.22,1.116297840343011
2008-06-20,-3.095518089972093,21.754,4.16,1.28,1.1510959454235647
2008-06-27,-3.0009216890352186,22.714,3.99,1.34,1.1894480690995313
2008-07-04,-1.2109060224364976,24.5775,3.99,1.45,1.2580172798241145
2008-07-11,-1.8536727949268084,25.448,3.96,1.37,1.1571419157867184
2008-07-18,1.7095792336778493,26.236,4.11,1.45,1.2524206067965988
2008-07-25,-0.2316245058940236,22.378,4.13,1.43,1.339092758538407
2008-08-01,0.2027452620790626,22.596,3.97,1.46,1.4487806545778037
2008-08-08,2.857224494065558,21.334,3.94,1.43,1.5282010325189217
2008-08-15,0.1450263022021891,20.552,3.84,1.44,1.516254569490198
2008-08-22,-0.4621784182462729,20.262,3.87,1.45,1.4755741214582172
2008-08-29,-0.725119600003854,20.26,3.83,1.47,1.3436111979682777
2008-09-05,-3.158633556200652,22.6275,3.66,1.43,1.2698036533939598
2008-09-12,0.7558413065377634,24.536,3.74,1.51,1.4086008549862306
2008-09-19,0.2700331560808955,32.678,3.78,1.62,2.1018633722353046
2008-09-26,-3.3312568113083363,34.464,3.85,1.74,2.6288185767159424
2008-10-03,-9.3993947947844,43.264,3.63,2.03,3.4783234827068683
2008-10-10,-18.19546530930076,59.426,3.89,2.27,3.754490106152931
2008-10-17,4.596207650673811,65.58,3.98,2.34,4.071252433513973
2008-10-24,-6.781135409015371,64.532,3.76,2.19,4.181029765942711
2008-10-31,10.490776192133657,67.954,4.01,2.45,4.537595644846819
2008-11-07,-3.897807459677416,55.15,3.83,2.5,4.672085750586976
2008-11-14,-6.197704896108003,63.145,3.72,2.5,4.588064205316151
2008-11-21,-8.38896020494293,72.91600000000001,3.2,2.11,4.603899455840515
2008-11-28,12.02579370952568,59.09,2.93,1.93,4.696691310845266
2008-12-05,-2.250511373062214,63.15599999999999,2.67,1.74,4.835897440608581
2008-12-12,0.4177717664036739,56.638,2.6,1.82,4.625598801503867
2008-12-19,0.926423402067056,50.248000000000005,2.13,1.39,4.159765101197943
2008-12-26,-1.6984296309087488,44.2925,2.16,1.27,3.3358122975414752
2009-01-02,6.75985344009824,41.18,2.46,1.58,2.582803038078351
2009-01-09,-4.448380848899602,41.282,2.43,1.68,2.0956713983943533
2009-01-16,-4.518445731665766,47.072,2.36,1.63,1.917412599617101
2009-01-23,-2.1373433179455503,49.4075,2.65,1.82,2.2225055911393303
2009-01-30,-0.7296120241787052,43.014,2.87,1.93,2.3874412632448374
2009-02-06,5.172660731650325,43.906,3.05,2.06,2.365926621355114
2009-02-13,-4.807730820196998,43.804,2.89,1.92,2.5032503755144297
2009-02-20,-6.86832243456773,48.375,2.78,1.82,2.3550318712295435
2009-02-27,-4.539959936587801,46.758,3.02,2.02,2.346831177354601
2009-03-06,-7.034515512862938,50.128,2.83,1.92,2.454175654687172
2009-03-13,10.70707108597706,44.24,2.89,1.91,2.757333378473142
2009-03-20,1.5848245889676926,42.834,2.65,1.76,2.89938606033432
2009-03-27,6.167541802539267,41.962,2.78,1.88,3.137976616814747
2009-04-03,3.25514100045623,42.74,2.91,1.95,2.909506994638672
2009-04-10,1.6688424401891666,39.175,2.96,2.0,2.61761224683944
2009-04-17,1.5223659830614134,36.276,2.98,1.99,2.553477994004735
2009-04-24,-0.387533947999108,37.678,3.03,2.04,2.270620277671631
2009-05-01,1.3033535339414648,36.83,3.21,2.29,1.9344470510524203
2009-05-08,5.892738602718395,33.166,3.29,2.29,1.8795851798227587
2009-05-15,-4.987998295379603,32.562,3.14,2.26,1.8757430433560256
2009-05-22,0.4666540293586596,30.410000000000004,3.45,2.53,1.6999917507258495
2009-05-29,3.623451482349216,30.8925,3.47,2.55,1.7968709856978735
2009-06-05,2.279305859080072,30.098000000000003,3.84,2.52,1.7758169043005871
2009-06-12,0.6510009618609036,28.552,3.81,2.51,1.5138879487112615
2009-06-19,-2.6400102433736583,30.610000000000003,3.79,2.54,1.3847350051615923
2009-06-26,-0.2529179579568108,28.618,3.52,2.42,1.3724003384836672
2009-07-03,-2.446407759999858,26.4675,3.51,2.53,1.221172746266035
2009-07-10,-1.9287809684042527,29.99,3.32,2.41,1.3496292641151622
2009-07-17,6.967115177483296,25.396,3.67,2.65,1.5020671824989529
2009-07-24,4.134499317396445,23.652,3.7,2.65,1.4096281949588878
2009-07-31,0.8394063498102344,25.244,3.52,2.39,1.311690137916944
2009-08-07,2.329161143001812,25.156,3.89,2.57,1.0359568244521395
2009-08-14,-0.6323681554103677,25.082,3.55,2.48,0.9213616615505832
2009-08-21,2.1950201115299217,26.086,3.56,2.43,1.0616236167000377
2009-08-28,0.272874666445877,24.89,3.46,2.45,1.0480487328022934
2009-09-04,-1.2177727000668548,27.284,3.45,2.51,1.1079870411473685
2009-09-11,2.5905111592127605,24.41,3.34,2.44,1.1171879992295244
2009-09-18,2.452223378854046,23.708,3.49,2.46,0.9392051286729632
2009-09-25,-2.239075433119342,24.238,3.34,2.36,0.8794658432789533
2009-10-02,-1.835542987771344,26.526,3.24,2.36,0.9696147683870924
2009-10-09,4.514200120973699,24.904,3.4,2.42,1.046311759961004
2009-10-16,1.510985975055279,22.25,3.43,2.46,1.0693742911076254
2009-10-23,-0.7428726947260378,21.514,3.51,2.47,1.106797699321088
2009-10-30,-4.020936936028308,26.5,3.41,2.51,1.193840527940837
2009-11-06,3.1953704720333542,27.186,3.54,2.68,1.273622850024528
2009-11-13,2.261285938135371,23.3975,3.43,2.61,1.3565509278485943
2009-11-20,-0.1920451790107136,22.35,3.36,2.61,1.3532976592107198
2009-11-27,0.0100776403333835,21.74,3.21,2.53,1.3154377366284058
2009-12-04,1.327542200479881,22.252,3.48,2.64,1.0560064359439043
2009-12-11,0.0388844028402113,22.472,3.55,2.72,0.9101799629700414
2009-12-18,-0.3561124135577631,21.474,3.55,2.73,0.8153353907301657
2009-12-25,2.177837982318209,19.8025,3.82,2.82,0.7821681148104579
2010-01-01,-1.0102269973832123,20.395,3.85,2.71,0.6324062179770128
2010-01-08,2.679580803246973,19.148,3.83,2.87,0.6688041167946146
2010-01-15,-0.7816687911181619,17.838,3.7,2.81,0.6710117699755992
2010-01-22,-3.8969057498110415,21.46,3.62,2.78,0.8132150514195602
2010-01-29,-1.6386398556838544,24.29,3.63,2.81,0.9919873890522511
2010-02-05,-0.7151753700036512,23.572,3.59,2.82,1.1231587086139556
2010-02-12,0.8741470911911131,24.92,3.69,2.85,1.2634136268368024
2010-02-19,3.129681162802256,21.155,3.78,2.83,1.2973860294755992
2010-02-26,-0.4219419498826871,20.236,3.61,2.8,1.1531945802818342
2010-03-05,3.097353641950207,18.658,3.69,2.78,1.0114137032212809
2010-03-12,0.9914849869696596,17.984,3.71,2.74,0.687325784819084
2010-03-19,0.8617496033741734,17.238,3.7,2.68,0.5706514491048449
2010-03-26,0.5767687960545942,17.387999999999998,3.86,2.82,0.4955309835805683
2010-04-02,0.9866371306846976,17.445,3.89,2.84,0.4678105803016539
2010-04-09,1.3810389498699394,16.498,3.9,2.82,0.445861593195005
2010-04-16,-0.1875457557986681,16.324,3.79,2.81,0.5067426624921432
2010-04-23,2.109671286776704,16.496000000000002,3.84,2.74,0.6126922605566338
2010-04-30,-2.5129869179152164,20.37,3.69,2.72,0.8253496732810955
2010-05-07,-6.3883524986822815,28.538,3.45,2.62,1.1799136190423585
2010-05-14,2.2324687382181407,28.12,3.44,2.65,1.7222748231307192
2010-05-21,-4.225671847266799,37.12,3.2,2.44,1.81211537677094
2010-05-28,0.1581418295744763,33.94,3.31,2.55,1.958428303951833
2010-06-04,-2.2516801321135094,32.6625,3.2,2.48,2.058260347959929
2010-06-11,2.5092001521866747,32.672000000000004,3.24,2.49,1.908862577981444
2010-06-18,2.373583250199296,25.874,3.24,2.5,1.8853849966900087
2010-06-25,-3.6464997757421846,27.422000000000004,3.12,2.47,1.6756705723087335
2010-07-02,-5.031761226679887,32.13,3.0,2.37,1.5149112282738115
2010-07-09,5.41570761428154,26.795,3.07,2.44,1.4055788345742823
2010-07-16,-1.2133990619940915,25.054,2.96,2.35,1.332199772425517
2010-07-23,3.5478203293931365,24.728,3.02,2.42,1.4658911185287449
2010-07-30,-0.0961364845819101,23.56,2.94,2.39,1.3723900971907568
2010-08-06,1.8191756995855848,22.138,2.86,2.36,1.2397333315918608
2010-08-13,-3.779288728543096,24.374,2.68,2.14,1.2303218582880413
2010-08-20,-0.7004918780403102,25.39,2.62,2.13,1.1056994379606286
2010-08-27,-0.6625027735747024,26.328,2.66,2.1,1.0528198392859216
2010-09-03,3.74980464094008,24.33,2.72,2.2,1.1737595679410084
2010-09-10,0.4563144759158311,22.9625,2.81,2.23,1.2466686361620365
2010-09-17,1.445623566879961,21.72,2.75,2.27,1.146717607746636
2010-09-24,2.050487195679618,22.388,2.62,2.17,1.0782653676241063
2010-10-01,-0.2115536766843062,22.918,2.54,2.12,0.9503678807977758
2010-10-08,1.6497447603290194,21.81,2.41,2.06,0.8522601791989304
2010-10-15,0.9475103429482656,19.2275,2.59,2.22,0.8510600382367767
2010-10-22,0.5857909854423582,19.512,2.59,2.24,0.8941486767251534
2010-10-29,0.0152190652893846,20.572,2.63,2.29,0.7415960430165758
2010-11-05,3.599375071312383,19.948,2.58,2.2,0.6668431635239154
2010-11-12,-2.1731871908472256,19.1125,2.76,2.25,0.7136122420080443
2010-11-19,0.0433635099931439,20.266,2.88,2.36,0.7874489878105528
2010-11-26,-0.8610234155065011,20.195,2.87,2.36,0.8797304213892031
2010-12-03,2.968718328455755,20.766,3.03,2.54,1.0265789149183953
2010-12-10,1.2811248358388427,17.722,3.32,2.68,0.9944693827066138
2010-12-17,0.2829740161673255,17.32,3.33,2.72,0.8773765712604
2010-12-24,1.0338356471288668,16.205,3.41,2.74,0.7394994318830452
2010-12-31,0.0692246873864821,17.548000000000002,3.3,2.69,0.4909374987498048
2011-01-07,1.1020630061168155,17.31,3.34,2.74,0.370551195093017
2011-01-14,1.7097908167027054,16.503999999999998,3.35,2.76,0.3896155510713946
2011-01-21,-0.7647470479663299,17.409999999999997,3.44,2.81,0.4537442696967196
2011-01-28,-0.5462274437200487,17.613999999999997,3.36,2.82,0.512033833327391
2011-02-04,2.7053943480240594,17.416,3.68,2.91,0.7051026582744082
2011-02-11,1.3944959732822948,15.948,3.64,2.79,0.7092357988103175
2011-02-18,1.042770574952412,16.412,3.59,2.81,0.6655568994157195
2011-02-25,-1.7222511161215426,20.8675,3.42,2.7,0.833499070624462
2011-03-04,0.0962223479825219,19.544,3.49,2.81,0.7970090081219745
2011-03-11,-1.276917443548431,20.532,3.4,2.76,0.9172800374944756
2011-03-18,-1.9221384822467933,25.132,3.28,2.67,1.062073601103331
2011-03-25,2.704019586063477,19.18,3.46,2.67,1.1190580562444772
2011-04-01,1.416500583034841,18.09,3.46,2.66,1.0215338198624169
2011-04-08,-0.3182196265119952,17.326,3.59,2.76,0.8781704501393126
2011-04-15,-0.6392246439436033,16.438,3.43,2.72,0.6402408182344943
2011-04-22,1.341230484017908,15.6375,3.42,2.74,0.5357250318444193
2011-04-29,1.961295994630064,15.222,3.32,2.71,0.567351418496553
2011-05-06,-1.7167690491538878,17.274,3.19,2.62,0.5957430750072054
2011-05-13,-0.1813111273806789,16.624000000000002,3.18,2.61,0.6687233497809227
2011-05-20,-0.3363806883321274,16.994,3.15,2.6,0.6699166422015473
2011-05-27,-0.1627610246629163,17.046,3.07,2.59,0.6538232182183055
2011-06-03,-2.3243889996039213,17.447499999999998,2.99,2.57,0.8124789858495526
2011-06-10,-2.2443432303584143,18.396,2.99,2.58,0.8421499899788405
2011-06-17,0.0409148483250021,20.754,2.94,2.56,0.9195091558840242
2011-06-24,-0.2398780045713699,19.552,2.88,2.53,0.9813287032340222
2011-07-01,5.614734164926238,17.878,3.22,2.72,0.990792729583605
2011-07-08,0.3082852304922445,16.075,3.03,2.63,0.9491107761662404
2011-07-15,-2.0583444838991327,19.7,2.94,2.57,0.9612749450672176
2011-07-22,2.194295786267597,18.866,2.99,2.59,0.9604552416753848
2011-07-29,-3.921130501295833,22.31,2.82,2.46,0.9670439788552097
2011-08-05,-7.1888462491066285,27.098000000000003,2.58,2.3,1.1698648569549384
2011-08-12,-1.7150482920608945,40.282,2.24,2.04,2.444509280038253
2011-08-19,-4.6894772312021775,36.404,2.07,1.87,2.81681129884514
2011-08-26,4.74130803291366,37.992,2.19,1.99,3.0134188234360217
2011-09-02,-0.2404892936415326,32.506,2.02,1.82,3.0668106309485603
2011-09-09,-1.6814731830450569,35.805,1.93,1.76,2.3086504269161536
2011-09-16,5.352488701756397,34.61,2.08,1.9,1.966800246217836
2011-09-23,-6.544350409584688,37.102,1.84,1.61,1.755483282877592
2011-09-30,-0.4408550926003007,39.922,1.92,1.67,1.812316193364824
2011-10-07,2.124756152309204,39.31,2.1,1.8,1.904421633497284
2011-10-14,5.982032909310497,30.765,2.26,1.98,1.826463412177996
2011-10-21,1.116304727814943,33.098,2.23,1.93,1.837372775746421
2011-10-28,3.782755164168172,28.266,2.34,2.06,1.733134228268256
2011-11-04,-2.4792027172374054,31.626,2.06,1.84,1.7485119959363593
2011-11-11,-1.0796126415531735,31.575,2.04,1.8,1.8175776797603864
2011-11-18,-1.9399796487108325,32.474000000000004,2.01,1.72,1.860792283650054
2011-11-25,-4.687202675475133,33.3325,1.97,1.69,1.80186525621192
2011-12-02,7.388642331690698,29.1,2.05,1.8,1.8135502292135413
2011-12-09,0.8768052088355072,28.322000000000003,2.07,1.85,1.7529882086742634
2011-12-16,-2.830639893971476,25.304,1.86,1.62,1.6552600935955386
2011-12-23,3.744479657867639,22.292,2.03,1.75,1.6400117307098168
2011-12-30,-0.6109063040641294,22.87,1.89,1.64,1.3515481287865108
2012-01-06,1.6070358937782414,21.825,1.98,1.73,1.2363275177256348
2012-01-13,0.8827530469572409,20.838,1.89,1.65,1.023654381604026
2012-01-20,2.039426243285547,20.31,2.05,1.79,0.8547242090358889
2012-01-27,0.0722187632736348,18.598000000000003,1.93,1.71,0.636424199134208
2012-02-03,2.170433653656678,18.494,1.97,1.74,0.5177922366858554
2012-02-10,-0.1680429566955799,18.598,1.96,1.69,0.5361400332723123
2012-02-17,1.3845830317503305,19.344,2.01,1.72,0.5524891597177154
2012-02-24,0.3313187213281887,17.622500000000002,1.98,1.67,0.5578777055303358
2012-03-02,0.2848283477274504,17.826,1.99,1.71,0.5249687449702382
2012-03-09,0.0905346867368761,18.61,2.04,1.71,0.5770582544727996
2012-03-16,2.42911792852234,15.128,2.31,1.94,0.6782983359496029
2012-03-23,-0.5027922810483365,15.228,2.25,1.88,0.6809106035540891
2012-03-30,0.8131060167538617,15.26,2.23,1.9,0.7547994453986006
2012-04-06,-0.7376809491543956,16.11,2.19,1.84,0.6920752418575995
2012-04-13,-1.9898680449985884,19.194,2.02,1.75,0.7808504648021022
2012-04-20,0.6035365165961926,18.49,1.99,1.7,0.8888136323025021
2012-04-27,1.801190799401886,17.29,1.96,1.7,0.9055537985563404
2012-05-04,-2.441284497437224,17.47,1.91,1.64,0.9260171516690606
2012-05-11,-1.147466307621292,19.358,1.84,1.57,0.8386866523876911
2012-05-18,-4.298099093070595,23.14,1.71,1.39,0.7261940583554395
2012-05-25,1.7448754726711702,22.024,1.75,1.45,0.7763786189241084
2012-06-01,-3.018614746163273,23.9725,1.47,1.22,0.8323334579690927
2012-06-08,3.7260174690707526,23.182,1.65,1.37,1.0124219065218405
2012-06-15,1.2959530496260196,22.542,1.6,1.31,1.1393664925376912
2012-06-22,-0.5823438747807441,18.426,1.69,1.38,1.1341917433056998
2012-06-29,2.032929413145945,19.268,1.67,1.34,1.2225028636150346
2012-07-06,-0.5491264081356362,17.015,1.57,1.3,1.1375544892335083
2012-07-13,0.1550163509224988,17.944,1.52,1.27,1.0766740137801751
2012-07-20,0.4333793802861141,16.294,1.49,1.27,1.0447164570961882
2012-07-27,1.7106201061712234,18.532,1.58,1.33,0.9626305959889916
2012-08-03,0.3622026189141314,17.826,1.6,1.36,0.9122157962768014
2012-08-10,1.0697420533058777,15.456,1.65,1.38,0.9293250419490116
2012-08-17,0.8741945631662418,14.184,1.81,1.52,0.8476885989420181
2012-08-24,-0.4957148084448359,15.057999999999998,1.68,1.4,0.7066545191319558
2012-08-31,-0.3224400878998334,17.04,1.57,1.35,0.5343929034827589
2012-09-07,2.228105679717673,16.425,1.67,1.42,0.4898510570488068
2012-09-14,1.936823657421427,15.41,1.88,1.61,0.6502990721550781
2012-09-21,-0.3834158866876547,14.14,1.77,1.5,0.6927493908167506
2012-09-28,-1.3341081493709606,15.392,1.65,1.42,0.7169755452767616
2012-10-05,1.406290763854745,15.268,1.75,1.48,0.675218108291989
2012-10-12,-2.213664357747813,16.0975,1.69,1.42,0.6000113363289379
2012-10-19,0.3219941127961201,15.53,1.79,1.49,0.6024812886061499
2012-10-26,-1.4827064707940596,17.942,1.78,1.48,0.7263012076661554
2012-11-02,0.1600641570755456,17.62666666666667,1.75,1.47,0.7273502924061095
2012-11-09,-2.428933444487358,18.436,1.61,1.34,0.8561424621273712
2012-11-16,-1.4472566624241123,17.2425,1.58,1.34,0.9278090102660804
2012-11-23,3.6231152273980216,15.1925,1.7,1.41,1.0134806030712036
2012-11-30,0.4988843753381156,15.572,1.62,1.37,0.9911006730235904
2012-12-07,0.1334500209329236,16.54,1.64,1.39,0.914292953560078
2012-12-14,-0.3166268523019488,16.226,1.72,1.48,0.6691881233028573
2012-12-21,1.172205950459437,16.956,1.77,1.51,0.6128576173719721
2012-12-28,-1.9382561430561829,19.8775,1.73,1.46,0.6045551109875448
2013-01-04,4.566353724574923,15.2725,1.93,1.66,0.8708700620783136
2013-01-11,0.3805109028127251,13.614,1.89,1.63,0.9300285248238548
2013-01-18,0.946294703207573,13.303999999999998,1.87,1.61,0.8761281538085658
2013-01-25,1.1426789520672775,12.6175,1.98,1.7,0.7865853123648989
2013-02-01,0.6793316703822105,13.675999999999998,2.04,1.77,0.5657816186620159
2013-02-08,0.3145720327118129,13.663999999999998,1.99,1.74,0.5047901000895928
2013-02-15,0.1225343254134259,12.736,2.01,1.72,0.4993465566647981
2013-02-22,-0.2757001538940984,14.095,1.97,1.7,0.5882966823387928
2013-03-01,0.1715476133425264,16.291999999999998,1.86,1.61,0.7919041265554759
2013-03-08,2.1723161375157174,13.334,2.06,1.79,0.7427537690069119
2013-03-15,0.613719692834036,11.652,2.01,1.76,0.7262260357399166
2013-03-22,-0.244117168106317,13.596,1.93,1.67,0.7088037574521471
2013-03-29,0.7900318353952551,13.09,1.87,1.62,0.4984684188433648
2013-04-05,-1.0138933273506123,13.675999999999998,1.72,1.48,0.5150870527084908
2013-04-12,2.2899892883554207,12.538,1.75,1.53,0.5823459951815884
2013-04-19,-2.114735569892079,16.054,1.73,1.49,0.8838839837347449
2013-04-26,1.7354116852194237,13.742,1.7,1.48,0.9241891428037268
2013-05-03,2.0338288698019014,13.632,1.78,1.56,0.928927918998564
2013-05-10,1.194231160525372,12.774,1.9,1.64,0.9257128449665531
2013-05-17,2.067088237777459,12.73,1.95,1.69,0.6139173611141564
2013-05-24,-1.0716831745792854,13.654,2.01,1.75,0.5779809388309017
2013-05-31,-1.1433065973987633,15.035,2.16,1.86,0.6125100219335884
2013-06-07,0.7751091359831541,16.363999999999997,2.17,1.85,0.6973448630632647
2013-06-14,-1.013157295609779,16.932,2.14,1.85,0.8180662558150675
2013-06-21,-2.1085199860845227,17.887999999999998,2.52,2.14,0.9448629085150252
2013-06-28,0.8697383947045001,17.901999999999997,2.52,2.16,1.1000795849060083
2013-07-05,1.5943661680692722,15.975,2.73,2.33,1.058007095751784
2013-07-12,2.959753802293963,14.238,2.61,2.24,0.9931066974067204
2013-07-19,0.7082547110181192,13.66,2.5,2.18,0.8492340870724512
2013-07-26,-0.025999882697536,12.764,2.58,2.27,0.4929153952910788
2013-08-02,1.0652333089695487,13.03,2.63,2.33,0.462444967064051
2013-08-09,-1.0674574351133503,12.736,2.57,2.25,0.4560143263580982
2013-08-16,-2.104154318025553,13.452000000000002,2.84,2.48,0.4575478073513795
2013-08-23,0.4632144694125317,14.938,2.82,2.42,0.5543085687235264
2013-08-30,-1.8352888065449324,16.413999999999998,2.78,2.39,0.6324913562396033
2013-09-06,1.3594905993665307,16.0275,2.94,2.48,0.640027820305988
2013-09-13,1.9828745940104089,14.486,2.9,2.45,0.6840702356573628
2013-09-20,1.2985885030200262,13.756,2.75,2.41,0.6241671875406172
2013-09-27,-1.0620461788447,14.384,2.64,2.3,0.5732232187276705
2013-10-04,-0.0738879858135033,16.630000000000003,2.66,2.33,0.5749073291403158
2013-10-11,0.7512541361653247,18.31,2.7,2.35,0.7057138815403959
2013-10-18,2.424850282534874,14.9725,2.6,2.27,0.8567991346377588
2013-10-25,0.8753235615505783,13.24,2.53,2.21,0.8432195151065358
2013-11-01,0.1062636081097467,13.48,2.65,2.32,0.8172682929991696
2013-11-08,0.5091829561395977,13.136,2.77,2.45,0.7254627479167146
2013-11-15,1.5570943678994809,12.475,2.71,2.4,0.6214652884830631
2013-11-22,0.3659230921346568,12.962,2.75,2.44,0.5915095237094921
2013-11-29,0.058182186132405,13.07,2.75,2.47,0.5911537282152004
2013-12-06,-0.0398764404933138,14.47,2.88,2.58,0.5871455334192802
2013-12-13,-1.6492263596247558,14.824000000000002,2.88,2.54,0.5053776702685815
2013-12-20,2.422098624525826,14.796,2.89,2.52,0.5733347531127252
2013-12-27,1.2693078669737456,12.5775,3.02,2.62,0.6093607981330698
2014-01-03,-0.5446958381607803,13.8175,3.01,2.6,0.625992552798128
2014-01-10,0.6006432359014546,12.874,2.88,2.49,0.589790987536045
2014-01-17,-0.199202329338799,12.562,2.84,2.44,0.6035375968269328
2014-01-24,-2.632833708323179,14.405,2.75,2.38,0.5809134393568858
2014-01-31,-0.4301019987923093,17.254,2.67,2.33,0.757244292823911
2014-02-07,0.8094993233229042,18.604,2.71,2.41,0.9688439343182256
2014-02-14,2.315499265412546,14.356,2.75,2.43,1.0247282330524936
2014-02-21,-0.1294444709643571,14.71,2.73,2.4,1.0208500668304263
2014-02-28,1.2634418609598352,14.057999999999998,2.66,2.33,0.8555178731265525
2014-03-07,0.999762745908228,14.462,2.8,2.42,0.6516426217635508
2014-03-14,-1.9653486300597045,15.502,2.65,2.29,0.5522151720779906
2014-03-21,1.3790451831810602,14.96,2.75,2.3,0.6222713314654955
2014-03-28,-0.4768244819735479,14.614,2.73,2.28,0.6417502979727463
2014-04-04,0.4021258773462932,13.48,2.74,2.31,0.6055512086952505
2014-04-11,-2.6486671055749977,15.44,2.63,2.26,0.7582488718119889
2014-04-18,2.707512613172991,14.815,2.73,2.3,0.8554251562776867
2014-04-25,-0.0777516256458832,13.418,2.68,2.25,0.8538302730946914
2014-05-02,0.952022646879236,13.45,2.6,2.18,0.8376642392831117
2014-05-09,-0.1414054328212621,13.368,2.62,2.22,0.7161278554061815
2014-05-16,-0.0330051490371907,12.428,2.52,2.14,0.499049666944185
2014-05-23,1.2072275953560083,12.136,2.54,2.17,0.5274652839279558
2014-05-30,1.212289026588631,11.54,2.48,2.11,0.5270430333088993
2014-06-06,1.344894952590403,11.588,2.6,2.19,0.4952266724798664
2014-06-13,-0.6812165352979682,11.696000000000002,2.6,2.15,0.449643187106253
2014-06-20,1.3795327073165442,11.358,2.63,2.13,0.3753217046034439
2014-06-27,-0.0973082366350741,11.518,2.54,2.09,0.3692725741999833
2014-07-04,1.2483671750771697,10.965,2.65,2.13,0.3865046307659114
2014-07-11,-0.900052161967213,11.926,2.53,2.05,0.4223003839334443
2014-07-18,0.541278058965533,12.276,2.5,1.99,0.4534008499691266
2014-07-25,0.0060658126479706,12.22,2.48,1.95,0.5283706957702456
2014-08-01,-2.688614814703749,14.63,2.52,2.05,0.5842759270112585
2014-08-08,0.3345163402634021,16.157999999999998,2.44,1.99,0.7052288171502095
2014-08-15,1.2150659916826625,13.366,2.34,1.92,0.7262572402168896
2014-08-22,1.705316707472071,11.908,2.4,1.87,0.7025577282423839
2014-08-29,0.7528651438000411,11.828,2.35,1.87,0.6179649537926524
2014-09-05,0.2166332644938373,12.335,2.46,1.94,0.4154660880210797
2014-09-12,-1.1042392729200712,13.03,2.62,2.04,0.3608220747468087
2014-09-19,1.252051576018598,12.728,2.59,2.0,0.3669530814971599
2014-09-26,-1.3703764670493612,14.476,2.54,1.95,0.4920657795278854
2014-10-03,-0.753962798797081,15.942000000000002,2.45,1.88,0.6563146736928949
2014-10-10,-3.1388799616302587,17.554,2.31,1.86,0.8691290738012241
2014-10-17,-1.016194859089814,24.0575,2.22,1.83,1.0030528371975973
2014-10-24,4.124528073855527,17.032,2.29,1.88,1.1377015730292408
2014-10-31,2.721706113749489,14.826,2.35,1.85,1.1206317005087798
2014-11-07,0.6872968846952876,14.116,2.32,1.81,0.9968577583095092
2014-11-14,0.3887900199267102,13.1975,2.32,1.78,0.6993300777959213
2014-11-21,1.1608894085979091,13.658,2.31,1.78,0.5428945924367559
2014-11-28,0.1967559289435483,12.5675,2.18,1.71,0.3820764235294513
2014-12-05,0.3777427679204637,12.762,2.31,1.66,0.3401287201835545
2014-12-12,-3.5193800145776,17.758,2.1,1.54,0.4806254579264845
2014-12-19,3.412022383347724,19.346,2.17,1.5,0.8247344848099478
2014-12-26,0.8750932336263118,14.73,2.25,1.52,0.9906875377572116
2015-01-02,-1.4635440030987934,16.9925,2.12,1.46,0.992024498421971
2015-01-09,-0.6505632540949824,18.982,1.98,1.39,1.1235770743806897
2015-01-16,-1.2416808368938992,20.996,1.83,1.34,1.0988378862488606
2015-01-23,1.604422245446413,17.95,1.81,1.29,0.9169172074139892
2015-01-30,-2.7697398520154404,18.582,1.68,1.21,1.0216674684553726
2015-02-06,3.03159317915398,17.845999999999997,1.95,1.3,1.067958795932082
2015-02-13,2.019976945566704,16.554,2.02,1.36,0.975941003588894
2015-02-20,0.6347220852619406,15.21,2.13,1.46,0.9034448947383452
2015-02-27,-0.2748447469043902,13.868,2.0,1.37,0.7742194913246924
2015-03-06,-1.5794720947671648,14.074000000000002,2.24,1.51,0.5434408436730866
2015-03-13,-0.8622822503050243,16.008000000000003,2.13,1.45,0.6443293595442421
2015-03-20,2.663884187881038,14.466,1.93,1.33,0.7729666379624327
2015-03-27,-2.233294243349393,14.668,1.95,1.37,0.8533353040763254
2015-04-03,0.2882039645399015,14.895,1.92,1.37,0.9277442873827548
2015-04-10,1.698150826314504,13.834,1.96,1.39,0.8259744535688209
2015-04-17,-0.993317334952526,13.388,1.87,1.36,0.6907866036545657
2015-04-24,1.754293764347592,12.806,1.93,1.39,0.6381083923493558
2015-05-01,-0.4438752888209829,13.234,2.12,1.52,0.5441217690747887
2015-05-08,0.3704451687882137,14.06,2.16,1.57,0.6359804639154145
2015-05-15,0.3133066729614109,13.318,2.14,1.59,0.7019181743222827
2015-05-22,0.1568771419653059,12.54,2.21,1.57,0.6495885674392232
2015-05-29,-0.8781579777183746,13.62,2.12,1.51,0.6952356867031086
2015-06-05,-0.6908932468738804,14.158,2.41,1.68,0.6071553413703826
2015-06-12,0.0611626003589327,13.922,2.39,1.65,0.549064249182294
2015-06-19,0.7583117409260876,14.37,2.26,1.61,0.5863328238766897
2015-06-26,-0.402845512980643,13.228,2.49,1.77,0.592406403938623
2015-07-03,-1.1758305322569829,17.490000000000002,2.4,1.76,0.7362577546770555
2015-07-10,-0.0077000022688511,17.912,2.42,1.77,0.7779366818277565
2015-07-17,2.408710913307055,12.912,2.34,1.66,0.8475549692287558
2015-07-24,-2.209588487377101,12.594,2.27,1.57,0.8223065657253018
2015-07-31,1.1631854726900317,13.157999999999998,2.2,1.53,0.7803379832290422
2015-08-07,-1.2486699765089648,13.046,2.18,1.45,0.6855130854806203
2015-08-14,0.6724187509187907,13.174,2.2,1.47,0.6421982273561218
2015-08-21,-5.76847787566821,17.846,2.05,1.41,0.7595156041376301
2015-08-28,0.9122772115701894,31.846000000000004,2.19,1.47,1.5280871313331148
2015-09-04,-3.40143018800364,27.866,2.13,1.42,1.848110624879877
2015-09-11,2.0731659431180605,24.675,2.2,1.49,1.9958616618540548
2015-09-18,-0.1540001252418155,22.312,2.13,1.44,2.023807877348212
2015-09-25,-1.3631079747100094,22.36,2.17,1.47,1.5742645724074684
2015-10-02,1.036587026911473,24.49,1.99,1.41,1.3076239949373465
2015-10-09,3.255679616973861,18.368,2.12,1.47,1.1586954012029531
2015-10-16,0.9042662661814748,16.700000000000003,2.04,1.43,1.1281292012208342
2015-10-23,2.067764031217334,15.268,2.09,1.43,1.0623684885163125
2015-10-30,0.2028867925815802,14.946000000000002,2.16,1.41,0.8884078880967092
2015-11-06,0.9541321716803886,14.716,2.34,1.44,0.7526959573576704
2015-11-13,-3.628044678014541,17.564999999999998,2.28,1.42,0.7827621948088097
2015-11-20,3.2688370736915884,17.262,2.26,1.33,0.8805481430055059
2015-11-27,0.0450028280146508,15.465,2.22,1.3,0.7986986502647984
2015-12-04,0.0755861606891006,15.925999999999998,2.28,1.32,0.8379730195476617
2015-12-11,-3.792146470606228,19.356,2.13,1.25,0.9998675681897282
2015-12-18,-0.3389012112887002,20.236,2.19,1.22,1.0287680674867998
2015-12-25,2.764325998179129,16.6525,2.25,1.22,1.142777600609042
2016-01-01,-0.8272747033665206,17.1225,2.27,1.21,1.1756067625351232
2016-01-08,-5.964456667229657,22.526,2.13,1.19,1.1423569053329188
2016-01-15,-2.1695848975597065,24.592,2.03,1.18,1.2366376941909238
2016-01-22,1.4130535055200788,25.6675,2.07,1.19,1.265753673769132
2016-01-29,1.7483856202978876,22.476,1.94,1.18,1.3683779799891087
2016-02-05,-3.1021905387579984,21.766,1.86,1.12,1.4854288552885364
2016-02-12,-0.8122134589325536,26.474,1.74,1.03,1.4258760416842056
2016-02-19,2.842158279654239,22.1475,1.76,1.0,1.3791996429789997
2016-02-26,1.5783885048770818,20.0,1.76,0.96,1.3010901171944542
2016-03-04,2.666252924943846,17.78,1.88,1.0,1.2112499488936987
2016-03-11,1.1100031140292677,17.782,1.98,1.01,1.0700409905871977
2016-03-18,1.3544789318703954,15.442000000000002,1.88,1.04,0.9218599343106996
2016-03-25,-0.6655088456572145,14.41,1.91,1.02,0.7998232393161738
2016-04-01,1.8094879490982985,13.934,1.79,1.03,0.6473459982153977
2016-04-08,-1.2147962328389994,15.03,1.72,1.02,0.6418928288413346
2016-04-15,1.6179920530294156,14.458000000000002,1.76,1.02,0.6273078445427174
2016-04-22,0.5214563041863629,13.407999999999998,1.89,1.05,0.6379379108771287
2016-04-29,-1.256467757162505,14.546,1.83,1.06,0.6277927097173046
2016-05-06,-0.3951075416199323,15.392,1.79,1.05,0.6061127808779995
2016-05-13,-0.5118712278417648,14.468,1.71,0.95,0.5756328139515038
2016-05-20,0.2790020105775781,15.545999999999998,1.85,0.96,0.6468911712012724
2016-05-27,2.277422072461577,14.138,1.85,0.95,0.7208071982467972
2016-06-03,0.003326451687946,13.8725,1.71,0.93,0.6673804979848936
2016-06-10,-0.1457658469911082,14.69,1.64,0.91,0.6171285844347008
2016-06-17,-1.1855566295882691,20.078,1.62,0.92,0.5470793115264146
2016-06-24,-1.6323682178460253,20.206,1.57,0.93,0.5838408250669819
2016-07-01,3.216825081485153,17.928,1.46,0.87,1.1531050146823665
2016-07-08,1.2815307923451646,14.625,1.37,0.76,1.2443903434397283
2016-07-15,1.4949100591810982,13.124,1.6,0.89,1.2504372273469095
2016-07-22,0.6147843460609259,12.188,1.57,0.86,1.2381621238017664
2016-07-29,-0.0657430757904142,12.668,1.46,0.79,0.6374410771335557
2016-08-05,0.4264822927292577,12.496,1.59,0.87,0.4462266497121092
2016-08-12,0.0540541386926607,11.688,1.51,0.8,0.3510413211116485
2016-08-19,-0.0082384394405998,11.882,1.58,0.82,0.3548300583928616
2016-08-26,-0.6790732657718235,13.076,1.62,0.78,0.3480778673313358
2016-09-02,0.5043678866794243,12.988,1.6,0.8,0.342308437056253
2016-09-09,-2.393137659171629,13.4925,1.67,0.88,0.3830052298746169
2016-09-16,0.533405388783903,16.564,1.7,0.93,0.7739468121269661
2016-09-23,1.1934605333782766,13.812,1.62,0.85,0.8363121213023605
2016-09-30,0.1653852617190088,13.46,1.6,0.83,0.9054799458927956
2016-10-07,-0.6701208413155246,13.302,1.73,0.9,0.9040921438204034
2016-10-14,-0.9639051073832672,16.02,1.8,0.96,0.6695270987018047
2016-10-21,0.3834978159910962,14.598,1.74,0.9,0.6052297508670135
2016-10-28,-0.688878953719485,14.454000000000002,1.86,1.0,0.5097077002893847
2016-11-04,-1.938947906231792,19.906,1.79,0.99,0.4171256987236182
2016-11-11,3.946903937607482,16.6425,2.15,1.23,0.6602710552807094
2016-11-18,0.6652851239660196,13.553999999999998,2.34,1.27,0.6725113413899687
2016-11-25,1.441413296673999,12.4,2.36,1.24,0.6817648312510929
2016-12-02,-0.9668667648663364,13.514,2.4,1.29,0.6674576520766229
2016-12-09,3.083103156113109,12.108,2.47,1.32,0.5254820014805841
2016-12-16,-0.0646134779609175,12.708,2.6,1.32,0.4780554589047719
2016-12-23,0.253312365425451,11.46,2.55,1.33,0.4799014475594741
2016-12-30,-1.1025740243930326,13.0875,2.45,1.25,0.4926593886523459
2017-01-06,1.7040106221772875,11.9225,2.42,1.2,0.5136300179222566
2017-01-13,-0.1027715619240199,11.416,2.4,1.19,0.4365873411755821
2017-01-20,-0.1463895008277926,12.1675,2.48,1.28,0.3882624232924166
2017-01-27,1.0293567240650336,10.972,2.49,1.27,0.4201994287119806
2017-02-03,0.1189694703188193,11.716,2.49,1.28,0.3870042491957255
2017-02-10,0.8130936623029106,11.168,2.41,1.21,0.3757912286886912
2017-02-17,1.5137434901282276,11.406,2.42,1.21,0.3849344793188302
2017-02-24,0.6881784474937591,11.6225,2.31,1.19,0.3505146505286741
2017-03-03,0.6665721320562534,12.064,2.49,1.17,0.3718971023008457
2017-03-10,-0.4414389125994011,11.702,2.58,1.22,0.433345334020115
2017-03-17,0.2381312531062995,11.554,2.5,1.17,0.4421659206320004
2017-03-24,-1.440976328445287,12.54,2.4,1.14,0.5056944067252221
2017-03-31,0.7994944662721659,11.872,2.4,1.13,0.4709168432420414
2017-04-07,-0.3038841559581118,12.464,2.38,1.09,0.4227244569591376
2017-04-14,-1.128831921753615,15.2125,2.24,1.03,0.397121246151218
2017-04-21,0.8475918610634903,14.558000000000002,2.24,1.04,0.4079020746574168
2017-04-28,1.5119070908254484,10.726,2.29,1.01,0.4614326169862116
2017-05-05,0.6329204009591471,10.482,2.36,1.04,0.4484745315319441
2017-05-12,-0.3496924749468166,10.188,2.33,1.04,0.4365624809557499
2017-05-19,-0.383534328058277,12.672,2.23,0.95,0.4819669714222032
2017-05-26,1.4313162352650677,10.294,2.25,0.95,0.5090800044308487
2017-06-02,0.962406112297498,10.1075,2.15,0.87,0.5222594156769098
2017-06-09,-0.2992963967220263,10.354,2.21,0.86,0.5367487184541635
2017-06-16,0.05674396844344,10.760000000000002,2.16,0.84,0.4420072299641851
2017-06-23,0.2116658114411418,10.496,2.15,0.81,0.3462313534357852
2017-06-30,-0.6106769643016818,10.722,2.31,0.93,0.4140988443237099
2017-07-07,0.0730383878684959,11.505,2.39,0.99,0.4735363024579572
2017-07-14,1.405672521278167,10.342,2.33,0.98,0.5248445043889246
2017-07-21,0.5395918067500061,9.688,2.24,0.88,0.5019706027832085
2017-07-28,-0.0177930953310978,9.772,2.3,0.96,0.4393960888814466
2017-08-04,0.1913345043444758,10.22,2.27,0.91,0.3172488032473226
2017-08-11,-1.433687764019187,12.71,2.19,0.89,0.2970861578473938
2017-08-18,-0.6459628024869324,13.184,2.19,0.86,0.4840328092817637
2017-08-25,0.721485834046387,12.06,2.17,0.82,0.5910177425280645
2017-09-01,1.3712367462987096,10.992,2.16,0.81,0.6134642788282717
2017-09-08,-0.6105314606766998,11.8825,2.06,0.79,0.6252093130545816
2017-09-15,1.576321484083998,10.484,2.2,0.81,0.5460846833055091
2017-09-22,0.0795922875063581,9.874,2.26,0.8,0.3863117722080826
2017-09-29,0.6849971992643589,9.862,2.33,0.86,0.3658138590275371
2017-10-06,1.189586618238314,9.486,2.37,0.83,0.3129457926100489
2017-10-13,0.1506216783361491,9.8625,2.28,0.77,0.2183067982550032
2017-10-20,0.8632421553170344,10.062,2.39,0.79,0.2165068561334263
2017-10-27,0.2275584325458934,10.912,2.42,0.83,0.2606449141037523
2017-11-03,0.2622950695621018,9.99,2.34,0.71,0.3055422140623968
2017-11-10,-0.2140796523101951,10.172,2.4,0.73,0.2926690245994546
2017-11-17,-0.1335999344243776,11.882,2.35,0.62,0.3382561946295909
2017-11-24,0.9139664317895368,9.9825,2.34,0.59,0.3677356456453566
2017-12-01,1.529347684959692,10.662,2.37,0.59,0.3798779717376294
2017-12-08,0.3512209202780836,10.754,2.38,0.58,0.426903126120898
2017-12-15,0.9168417346313352,9.87,2.35,0.51,0.420616257125007
2017-12-22,0.2814112037844873,9.76,2.48,0.57,0.4169590507374913
2017-12-29,-0.3626070550154847,10.485,2.4,0.51,0.3774951700116845
2018-01-05,2.600969929341379,9.34,2.47,0.51,0.3967863919027136
2018-01-12,1.5708251252988026,9.892,2.55,0.56,0.40845040222379
2018-01-19,0.8635314502009495,11.765,2.64,0.58,0.4227456794382916
2018-01-26,2.226455085657708,11.252,2.66,0.53,0.4310413829658115
2018-02-02,-3.854689904443476,14.589999999999998,2.84,0.69,0.5918097421039366
2018-02-09,-5.161952552325133,31.51,2.83,0.78,1.3491199359021155
2018-02-16,4.301117358891604,21.686,2.87,0.66,1.593605633700509
2018-02-23,0.551934993766956,18.9575,2.88,0.63,1.6154535362911016
2018-03-02,-2.0401866498722443,19.26,2.86,0.61,1.6751311626336336
2018-03-09,3.541851123432416,17.206,2.9,0.63,1.323321895965941
2018-03-16,-1.2402364823396517,16.35,2.85,0.54,0.9313594365193634
2018-03-23,-5.950196380788086,20.658,2.82,0.54,0.9938088177124004
2018-03-30,2.032643831121095,21.5925,2.74,0.47,1.2587138495704924
2018-04-06,-1.3783391408563772,21.042,2.77,0.5,1.393426984255345
2018-04-13,1.9900432221534592,19.676,2.82,0.45,1.4613864977575473
2018-04-20,0.5210195947594753,16.05,2.96,0.5,1.471568669492282
