Date,SP500_Returns,VIX,Treasury_10Y,Yield_Spread,SP500_Volatility,cumret_5,cumret_10,cumret_20,cumret_30
2012-01-06,1.6070358937782414,21.825,1.98,1.73,1.2363275177256348,5.0735205611101675,9.888792508850974,3.1311294997430794,8.857336102455005
2012-01-13,0.8827530469572409,20.838,1.89,1.65,1.023654381604026,5.59619705072576,8.379556306802183,-0.8571881754413702,9.059106221695057
2012-01-20,2.039426243285547,20.31,2.05,1.79,0.8547242090358889,3.8285503173700164,7.077039750851766,0.7815254343775058,7.813713825308777
2012-01-27,0.0722187632736348,18.598000000000003,1.93,1.71,0.636424199134208,4.049140459271783,6.21044895498859,2.01393348557386,7.20184543336384
2012-02-03,2.170433653656678,18.494,1.97,1.74,0.5177922366858554,1.9309963738337599,1.885640931757071,-0.7346274595479318,4.586209422332144
2012-02-10,-0.1680429566955799,18.598,1.96,1.69,0.5361400332723123,4.582764451049526,2.6730928809562515,1.4538535510846717,7.096468767305697
2012-02-17,1.3845830317503305,19.344,2.01,1.72,0.5524891597177154,2.635851795628019,3.094995370900122,-0.48117708629639155,7.679821967078659
2012-02-24,0.3313187213281887,17.622500000000002,1.98,1.67,0.5578777055303358,3.128705373957552,0.24601940161290692,-0.6560517376343444,6.91273850474905
2012-03-02,0.2848283477274504,17.826,1.99,1.71,0.5249687449702382,2.077199759821924,-1.185720974020632,-0.5088944224554637,5.186805108623305
2012-03-09,0.0905346867368761,18.61,2.04,1.71,0.5770582544727996,-0.044496221650125456,-5.518395229563344,1.1014885174904787,6.569555020864826
2012-03-16,2.42911792852234,15.128,2.31,1.94,0.6782983359496029,-1.8259907166511158,-6.149547060100424,-0.9386365823547238,1.739100045631714
2012-03-23,-0.5027922810483365,15.228,2.25,1.88,0.6809106035540891,0.4473520385317009,-8.522589312043326,0.6270093161935941,2.5824707025916993
2012-03-30,0.8131060167538617,15.26,2.23,1.9,0.7547994453986006,-2.795231416792887,-5.879425067337262,0.6879850957507649,0.2463645498520961
2012-04-06,-0.7376809491543956,16.11,2.19,1.84,0.6920752418575995,-3.1965225746003023,-3.95113240806767,0.9334265019399712,1.1530095290599451
2012-04-13,-1.9898680449985884,19.194,2.02,1.75,0.7808504648021022,-5.476335770415941,-2.571773968679314,2.650587919826619,0.6998646791094965
2012-04-20,0.6035365165961926,18.49,1.99,1.7,0.8888136323025021,-4.4039724719510005,-1.1874964468882143,4.3082133422025715,-1.352892140012063
2012-04-27,1.801190799401886,17.29,1.96,1.7,0.9055537985563404,-8.929992845539768,-3.468812859761705,4.447186383474699,0.412584021415463
2012-05-04,-2.441284497437224,17.47,1.91,1.64,0.9260171516690606,-3.1728830750770376,-0.8998573156638767,6.650357932345874,3.438761154374448
2012-05-11,-1.147466307621292,19.358,1.84,1.57,0.8386866523876911,-0.7795276094796466,0.6849481251461897,6.448993147001136,4.7791051316000255
2012-05-18,-4.298099093070595,23.14,1.71,1.39,0.7261940583554395,3.0728408863645695,7.006531867381205,12.793972202100523,9.138214977283688
2012-05-25,1.7448754726711702,22.024,1.75,1.45,0.7763786189241084,3.364654482236751,5.552355171991219,8.405550382142458,8.523932153350522
2012-06-01,-3.018614746163273,23.9725,1.47,1.22,0.8323334579690927,5.996683382834878,10.00203062092302,12.139674626904394,9.732873059257408
2012-06-08,3.7260174690707526,23.182,1.65,1.37,1.0124219065218405,2.3475094907303706,6.977656232748908,6.508448999139671,10.621873850980922
2012-06-15,1.2959530496260196,22.542,1.6,1.31,1.1393664925376912,1.4759814172843555,5.085493491458859,5.314109437305103,9.622150538905071
2012-06-22,-0.5823438747807441,18.426,1.69,1.38,1.1341917433056998,3.8164185125676653,5.3602144894099535,3.357998786447247,11.307692673440584
2012-06-29,2.032929413145945,19.268,1.67,1.34,1.2225028636150346,2.1164881754917486,5.56175543729327,-0.1673833646315126,10.336518707407482
2012-07-06,-0.5491264081356362,17.015,1.57,1.3,1.1375544892335083,3.778747702531171,8.2004577771702,4.020873456718599,11.69944074988154
2012-07-13,0.1550163509224988,17.944,1.52,1.27,1.0766740137801751,4.5239466647089,7.61877333724883,4.37801435246985,11.877387707244957
2012-07-20,0.4333793802861141,16.294,1.49,1.27,1.0447164570961882,3.5570112491266626,5.7248328863322095,4.066304927092901,11.531123019792844
2012-07-27,1.7106201061712234,18.532,1.58,1.33,0.9626305959889916,1.4870441486626529,5.408492578651125,1.9921055964549073,9.353016849062579
2012-08-03,0.3622026189141314,17.826,1.6,1.36,0.9122157962768014,3.3738599156295512,2.703108997901671,2.815263550033764,9.14528226878646
2012-08-10,1.0697420533058777,15.456,1.65,1.38,0.9293250419490116,4.26070864461896,1.9432768594499272,-0.2446841755068263,10.33595276223509
2012-08-17,0.8741945631662418,14.184,1.81,1.52,0.8476885989420181,2.960878125342381,-0.4386030224745485,3.4065222089960434,10.051045972017958
2012-08-24,-0.4957148084448359,15.057999999999998,1.68,1.4,0.7066545191319558,2.0933605663748134,0.2175523359605025,4.317110665531598,10.329311208837154
2012-08-31,-0.3224400878998334,17.04,1.57,1.35,0.5343929034827589,3.8639892046162805,-1.900352721058618,5.644899464995312,11.560664194850755
2012-09-07,2.228105679717673,16.425,1.67,1.42,0.4898510570488068,-0.6488593134428178,-5.427286405186827,4.52319426702843,8.022698190856392
2012-09-14,1.936823657421427,15.41,1.88,1.61,0.6502990721550781,-2.222727828436477,-3.8628157461764956,3.2337968291384023,8.396948662795545
2012-09-21,-0.3834158866876547,14.14,1.77,1.5,0.6927493908167506,-3.3017212068437107,-3.0113323951605375,3.9571296326253114,6.5130277023485394
2012-09-28,-1.3341081493709606,15.392,1.65,1.42,0.7169755452767616,-1.8373459547301185,-1.568721287100483,5.491888683998369,9.826673837221577
2012-10-05,1.406290763854745,15.268,1.75,1.48,0.675218108291989,-5.549894597557714,-3.2410927228155195,3.7421313728286387,10.506320261157697
2012-10-12,-2.213664357747813,16.0975,1.69,1.42,0.6000113363289379,-4.809634855446154,0.10920268454037707,6.272617580658113,14.357512670459393
2012-10-19,0.3219941127961201,15.53,1.79,1.49,0.6024812886061499,-1.6773713167843929,-2.1462533894935576,8.232691906064836,16.346753666649306
2012-10-26,-1.4827064707940596,17.942,1.78,1.48,0.7263012076661554,0.3003040129642143,3.8620643624944107,10.535859593111606,16.832163126073517
2012-11-02,0.1600641570755456,17.62666666666667,1.75,1.47,0.7273502924061095,0.2736526128416905,4.090659005348751,10.08980825931458,15.3118403718699
2012-11-09,-2.428933444487358,18.436,1.61,1.34,0.8561424621273712,2.4444672294484437,7.691416223546033,13.72177911877066,19.09845519147617
2012-11-16,-1.4472566624241123,17.2425,1.58,1.34,0.9278090102660804,5.167369126609511,10.521513335069411,14.221844848048093,19.623053109670032
2012-11-23,3.6231152273980216,15.1925,1.7,1.41,1.0134806030712036,-0.4768811401695383,7.381756216801816,12.752364763048929,13.006424165026997
2012-11-30,0.4988843753381156,15.572,1.62,1.37,0.9911006730235904,3.551096264942344,7.184820866059782,9.820075203336277,13.4234326410545
2012-12-07,0.1334500209329236,16.54,1.64,1.39,0.914292953560078,3.806589560714002,7.173136490172949,11.577006083157414,15.078245534990597
2012-12-14,-0.3166268523019488,16.226,1.72,1.48,0.6691881233028573,5.121749505852602,7.217138237867227,14.20790433752126,18.8606229318413
2012-12-21,1.172205950459437,16.956,1.77,1.51,0.6128576173719721,5.091069837464612,6.156691623585875,14.232767421809944,18.31555689505837
2012-12-28,-1.9382561430561829,19.8775,1.73,1.46,0.6045551109875448,7.896293290445988,10.60658958401497,18.898619313731313,20.622773302513497
2013-01-04,4.566353724574923,15.2725,1.93,1.66,0.8708700620783136,3.509112633458078,6.425633142939113,12.487811447990737,16.58404727684808
2013-01-11,0.3805109028127251,13.614,1.89,1.63,0.9300285248238548,3.243095591238876,5.76338867607471,10.78020013875074,14.90234624100073
2013-01-18,0.946294703207573,13.303999999999998,1.87,1.61,0.8761281538085658,1.9932970501960412,5.599669042058797,10.592338152793346,11.43016580427676
2013-01-25,1.1426789520672775,12.6175,1.98,1.7,0.7865853123648989,1.0139984184853956,3.3480644639386936,8.23508428355244,10.681591209013996
2013-02-01,0.6793316703822105,13.675999999999998,2.04,1.77,0.5657816186620159,2.5119456942539475,5.0014161953208625,5.238010763084389,7.917148983828404
2013-02-08,0.3145720327118129,13.663999999999998,1.99,1.74,0.5047901000895928,2.8176461330597036,2.458607772988275,5.820424687550307,9.04125917389007
2013-02-15,0.1225343254134259,12.736,2.01,1.72,0.4993465566647981,2.4411250654611916,4.109117020558806,7.376017259271306,11.067315013831113
2013-02-22,-0.2757001538940984,14.095,1.97,1.7,0.5882966823387928,3.5358911773269774,6.5201946391673316,10.859723440987912,12.820669155700482
2013-03-01,0.1715476133425264,16.291999999999998,1.86,1.61,0.7919041265554759,2.3106362306178463,7.607693565715579,11.453696498555033,11.431303807786609
2013-03-08,2.1723161375157174,13.334,2.06,1.79,0.7427537690069119,2.4284686864610716,7.496867737177504,9.055684436315081,8.981545756455777
2013-03-15,0.613719692834036,11.652,2.01,1.76,0.7262260357399166,-0.34919916334864576,5.696163721111813,9.545082170444141,9.130518642805185
2013-03-22,-0.244117168106317,13.596,1.93,1.67,0.7088037574521471,1.6282444711845478,4.74342920123445,8.640946247397775,12.050304362310804
2013-03-29,0.7900318353952551,13.09,1.87,1.62,0.4984684188433648,2.882385449050817,4.7279211725048675,5.521321056314865,12.145124888718662
2013-04-05,-1.0138933273506123,13.675999999999998,1.72,1.48,0.5150870527084908,5.177425857422735,4.728699898699107,7.095949772367716,13.414193282706455
2013-04-12,2.2899892883554207,12.538,1.75,1.53,0.5823459951815884,4.948232767426242,0.22532512068542676,2.7768509170235767,11.43972134301694
2013-04-19,-2.114735569892079,16.054,1.73,1.49,0.8838839837347449,6.066547216584928,3.2811463942693964,6.424693389828806,15.620000238607101
2013-04-26,1.7354116852194237,13.742,1.7,1.48,0.9241891428037268,3.065274566395937,3.137957877471398,6.683562585492209,14.063607348104568
2013-05-03,2.0338288698019014,13.632,1.78,1.56,0.928927918998564,1.7938306109435587,4.073902433731491,5.914816939525647,11.855032113000718
2013-05-10,1.194231160525372,12.774,1.9,1.64,0.9257128449665531,-0.4266371372616873,3.5740966146539543,3.553287051669729,10.490911414026627
2013-05-17,2.067088237777459,12.73,1.95,1.69,0.6139173611141564,-4.5002259897097385,1.450104297874777,1.3811360745023649,6.467881130144759
2013-05-24,-1.0716831745792854,13.654,2.01,1.75,0.5779809388309017,-2.626087956486245,3.6414930436719173,3.2492711190116985,10.22793241999147
2013-05-31,-1.1433065973987633,15.035,2.16,1.86,0.6125100219335884,0.07052162950251795,3.721013409514562,6.975974738270474,12.918063912163614
2013-06-07,0.7751091359831541,16.363999999999997,2.17,1.85,0.6973448630632647,2.2398919552427454,0.7575820038508763,7.082355529617024,11.439228278050106
2013-06-14,-1.013157295609779,16.932,2.14,1.85,0.8180662558150675,4.017875500931556,2.260364041526719,8.293326845848913,13.256042320330263
2013-06-21,-2.1085199860845227,17.887999999999998,2.52,2.14,0.9448629085150252,6.230727087315779,2.5457894930904335,11.189184179575173,15.465037028599117
2013-06-28,0.8697383947045001,17.901999999999997,2.52,2.16,1.1000795849060083,6.436612095195815,3.0436794180799476,11.946859882088145,11.455661927526585
2013-07-05,1.5943661680692722,15.975,2.73,2.33,1.058007095751784,3.647919207943673,3.437730182939047,10.59323812055002,9.234687988720935
2013-07-12,2.959753802293963,14.238,2.61,2.24,0.9931066974067204,-1.4498352091772637,1.768853154100114,7.476542627219929,6.953385164728343
2013-07-19,0.7082547110181192,13.66,2.5,2.18,0.8492340870724512,-1.68962445247125,-0.020091474282080135,6.678131912756724,8.660298330618543
2013-07-26,-0.025999882697536,12.764,2.58,2.27,0.4929153952910788,-3.468805773301864,-0.06798240755860885,4.946053892203883,8.54786590010086
2013-08-02,1.0652333089695487,13.03,2.63,2.33,0.462444967064051,-3.1877496007494677,-0.378441021198872,6.355021703078156,8.760749347922347
2013-08-09,-1.0674574351133503,12.736,2.57,2.25,0.4560143263580982,-0.20279136003005238,3.138188899007943,8.867104360364241,11.03333236384547
2013-08-16,-2.104154318025553,13.452000000000002,2.84,2.48,0.4575478073513795,3.2660405693985206,6.2772184484582105,10.601332487108506,11.190765582574457
2013-08-23,0.4632144694125317,14.938,2.82,2.42,0.5543085687235264,1.698226630598132,5.899610138168776,10.752629703467864,12.204389511947733
2013-08-30,-1.8352888065449324,16.413999999999998,2.78,2.39,0.6324913562396033,3.523030449366038,8.428814804792273,12.59851584289493,13.757143636715675
2013-09-06,1.3594905993665307,16.0275,2.94,2.48,0.640027820305988,2.9018110497019967,8.640200460898972,8.163511393373945,12.68268010546092
2013-09-13,1.9828745940104089,14.486,2.9,2.45,0.6840702356573628,3.3477692458222963,6.917696207134316,5.6042971897483085,7.565207845465083
2013-09-20,1.2985885030200262,13.756,2.75,2.41,0.6241671875406172,2.9159420293993543,5.608483633471972,5.094419215649171,9.061292015903156
2013-09-27,-1.0620461788447,14.384,2.64,2.3,0.5732232187276705,4.131225928679605,6.69956942930765,8.682134173655221,10.146299655035484
2013-10-04,-0.0738879858135033,16.630000000000003,2.66,2.33,0.5749073291403158,4.738833797785391,5.01744728122222,8.621709553386502,11.277137808248238
2013-10-11,0.7512541361653247,18.31,2.7,2.35,0.7057138815403959,5.576567946336053,6.759041710750413,9.17390820100088,10.29121854872499
2013-10-18,2.424850282534874,14.9725,2.6,2.27,0.8567991346377588,3.4542854551805835,5.55460157145673,7.654917687732921,7.6445964661257415
2013-10-25,0.8753235615505783,13.24,2.53,2.21,0.8432195151065358,2.6162531780581144,4.068712092561366,4.6233305743687225,7.998773033030737
2013-11-01,0.1062636081097467,13.48,2.65,2.32,0.8172682929991696,2.4664489231953857,4.582660463968935,5.953543516877002,9.19199894950966
2013-11-08,0.5091829561395977,13.136,2.77,2.45,0.7254627479167146,0.26600781518608674,3.8455654482708157,4.914126232511262,10.09990667251206
2013-11-15,1.5570943678994809,12.475,2.71,2.4,0.6214652884830631,1.120015347548886,-0.4387777871384002,3.720979552147319,7.673312813363675
2013-11-22,0.3659230921346568,12.962,2.75,2.44,0.5915095237094921,2.03018763991758,-1.228420611347203,0.6056169009442947,8.760720788139341
2013-11-29,0.058182186132405,13.07,2.75,2.47,0.5911537282152004,1.4154277412399718,-0.4867643205700656,3.269442248990706,8.591706619718998
2013-12-06,-0.0398764404933138,14.47,2.88,2.58,0.5871455334192802,2.0652726458392,1.8580812977517125,3.2303131532422924,9.99119041160803
2013-12-13,-1.6492263596247558,14.824000000000002,2.88,2.54,0.5053776702685815,3.570060991839541,3.4320604485011064,5.9606195818714625,10.829033966630043
2013-12-20,2.422098624525826,14.796,2.89,2.52,0.5733347531127252,-1.5415277868874089,2.2619784250155206,3.3085505277806515,8.793833271223605
2013-12-27,1.2693078669737456,12.5775,3.02,2.62,0.6093607981330698,-3.193768752797921,1.989791146011144,1.9800130582219522,7.4367296399827865
2014-01-03,-0.5446958381607803,13.8175,3.01,2.6,0.625992552798128,-1.8756436808248123,0.5329348952776813,3.7764097022492615,5.120758205437004
2014-01-10,0.6006432359014546,12.874,2.88,2.49,0.589790987536045,-0.20299886799540756,1.3108129462630957,4.407363959849464,4.842673889586968
2014-01-17,-0.199202329338799,12.562,2.84,2.44,0.6035375968269328,-0.13324366329120485,1.0289902892124392,6.022733081805787,6.328390194806643
2014-01-24,-2.632833708323179,14.405,2.75,2.38,0.5809134393568858,3.8630562981622596,4.178089869560075,8.147841519219678,11.065803921654238
2014-01-31,-0.4301019987923093,17.254,2.67,2.33,0.757244292823911,5.3545725642107245,1.856847408579787,10.11337619719599,12.385351288302404
2014-02-07,0.8094993233229042,18.604,2.71,2.41,0.9688439343182256,2.4546184723678532,3.7745798776566364,9.122877854694945,11.724407024759188
2014-02-14,2.315499265412546,14.356,2.75,2.43,1.0247282330524936,1.5168910859917784,1.3471997881830067,7.984746040995616,7.990190184514678
2014-02-21,-0.1294444709643571,14.71,2.73,2.4,1.0208500668304263,1.1637846217665393,2.4446570264636147,7.151528729152523,9.484004052501739
2014-02-28,1.2634418609598352,14.057999999999998,2.66,2.33,0.8555178731265525,0.3033162922660759,1.0234225064719826,6.387373828287157,6.636372457150186
2014-03-07,0.999762745908228,14.462,2.8,2.42,0.6516426217635508,-3.3199557176307293,-0.00958732014186836,5.340670309025031,4.7847747376259075
2014-03-14,-1.9653486300597045,15.502,2.65,2.29,0.5522151720779906,1.2883376317923245,3.22628083060561,4.563502811231301,3.5304405353024926
2014-03-21,1.3790451831810602,14.96,2.75,2.3,0.6222713314654955,-0.16715572747892926,3.056486196817798,3.486163856169311,1.0843703803111726
2014-03-28,-0.4768244819735479,14.614,2.73,2.28,0.6417502979727463,1.266137293583891,4.942881026820034,5.245424991800629,5.757903188954017
2014-04-04,0.4021258773462932,13.48,2.74,2.31,0.6055512086952505,0.7179286197354084,3.8105437089795746,6.6114804568966345,8.201217411007654
2014-04-11,-2.6486671055749977,15.44,2.63,2.26,0.7582488718119889,3.424045181258295,8.106012505469206,10.336569555789833,11.908977276791632
2014-04-18,2.707512613172991,14.815,2.73,2.3,0.8554251562776867,1.9132935184089872,5.1537650003917745,7.660669073750825,9.382522615426382
2014-04-25,-0.0777516256458832,13.418,2.68,2.25,0.8538302730946914,3.229039448677695,6.549313909693777,6.554685684671702,10.738433667717562
2014-05-02,0.952022646879236,13.45,2.6,2.18,0.8376642392831117,3.6307731602092774,4.594550696258337,6.871365701599852,9.909950481817287
2014-05-09,-0.1414054328212621,13.368,2.62,2.22,0.7161278554061815,3.0705705842307696,5.309611562082561,5.556087698690448,10.481354007808896
2014-05-16,-0.0330051490371907,12.428,2.52,2.14,0.499049666944185,4.526962096682108,5.350770624676726,4.794821752679446,6.628288140439875
2014-05-23,1.2072275953560083,12.136,2.54,2.17,0.5274652839279558,3.179635717883511,1.2954278405322706,0.2946533598319201,8.951180482521082
2014-05-30,1.212289026588631,11.54,2.48,2.11,0.5270430333088993,3.2164151470835067,0.4169341253601022,-1.9136260989339404,8.58820203345816
2014-06-06,1.344894952590403,11.588,2.6,2.19,0.4952266724798664,0.9300109481564123,0.28829393858860186,0.7766340643208469,5.579038751364118
2014-06-13,-0.6812165352979682,11.696000000000002,2.6,2.15,0.449643187106253,2.1723378120062087,2.698123569961397,4.229506507871483,5.61162416825185
2014-06-20,1.3795327073165442,11.358,2.63,2.13,0.3753217046034439,0.7881301737562074,2.063305267325255,3.5178106038552315,2.8809879904832414
2014-06-27,-0.0973082366350741,11.518,2.54,2.09,0.3692725741999833,-1.8261431766468994,2.3840364378296286,4.021499006734475,4.633450413665519
2014-07-04,1.2483671750771697,10.965,2.65,2.13,0.3865046307659114,-2.7122439950410415,0.005041585704135265,3.9316252768875515,0.48100416582534944
2014-07-11,-0.900052161967213,11.926,2.53,2.05,0.4223003839334443,-0.6358039631021439,2.176800789510902,5.081908904599497,4.467440894787278
2014-07-18,0.541278058965533,12.276,2.5,1.99,0.4534008499691266,0.5146067607091798,0.23404904163242257,4.910988056087784,6.00388335423756
2014-07-25,0.0060658126479706,12.22,2.48,1.95,0.5283706957702456,1.2652036419077195,-0.5277122024839542,1.212632340692088,6.670242996030962
2014-08-01,-2.688614814703749,14.63,2.52,2.05,0.5842759270112585,4.288493648621738,-0.987975964992116,7.557846198192841,9.316155796248783
2014-08-08,0.3345163402634021,16.157999999999998,2.44,1.99,0.7052288171502095,2.793039630399785,-2.3208836682711453,8.137340558413243,7.230832962315348
2014-08-15,1.2150659916826625,13.366,2.34,1.92,0.7262572402168896,2.8306018312356684,0.48693631784306746,5.275535762942796,5.0300165111415
2014-08-22,1.705316707472071,11.908,2.4,1.87,0.7025577282423839,-0.27912134178136316,1.4911498717567584,2.8369560192652576,6.019919119517136
2014-08-29,0.7528651438000411,11.828,2.35,1.87,0.6179649537926524,-1.7705152213308817,1.4251011494486487,0.8011525013973175,2.87765238346247
2014-09-05,0.2166332644938373,12.335,2.46,1.94,0.4154660880210797,-5.059493553902328,1.5993338667587453,2.1970358408381685,2.9511234766366634
2014-09-12,-1.1042392729200712,13.03,2.62,2.04,0.3608220747468087,-4.974970403695089,3.926385739081284,0.4759385852694864,5.868429608010506
2014-09-19,1.252051576018598,12.728,2.59,2.0,0.3669530814971599,-2.279151800782997,2.843216946157101,2.241839720540062,3.5206877420920435
2014-09-26,-1.3703764670493612,14.476,2.54,1.95,0.4920657795278854,1.7752262488636372,4.666018243474146,5.756361603439442,6.800311041205531
2014-10-03,-0.753962798797081,15.942000000000002,2.45,1.88,0.6563146736928949,3.2532150382137193,1.749577275953107,7.236141198608914,7.134001367281706
2014-10-10,-3.1388799616302587,17.554,2.31,1.86,0.8691290738012241,7.01368432708076,8.631095310366899,10.406949925190535,11.015517946602271
2014-10-17,-1.016194859089814,24.0575,2.22,1.83,1.0030528371975973,9.36738055288384,10.706714617653912,9.778668142479741,12.506623496458168
2014-10-24,4.124528073855527,17.032,2.29,1.88,1.1377015730292408,5.241838196591853,4.765395006126205,4.521065483505771,8.21957396243369
2014-10-31,2.721706113749489,14.826,2.35,1.85,1.1206317005087798,2.8403690182342123,1.3260330080100635,4.462230700393932,4.427038060918198
2014-11-07,0.6872968846952876,14.116,2.32,1.81,0.9968577583095092,-1.4562624143995007,-0.6151816867621229,1.4321417652553903,2.997659005391773
2014-11-14,0.3887900199267102,13.1975,2.32,1.78,0.6993300777959213,1.5114057547468862,0.5882932016692433,1.3305103079225722,2.6615173183093477
2014-11-21,1.1608894085979091,13.658,2.31,1.78,0.5428945924367559,1.22461931336324,-3.320087703689123,1.86867257541794,2.25296778455899
2014-11-28,0.1967559289435483,12.5675,2.18,1.71,0.3820764235294513,-0.45271272207887403,-0.5847514726536551,0.6587413502337602,1.641061477251693
2014-12-05,0.3777427679204637,12.762,2.31,1.66,0.3401287201835545,-1.4725112566988607,1.0417357784920256,2.0391458790059103,0.06793545390761935
2014-12-12,-3.5193800145776,17.758,2.1,1.54,0.4806254579264845,0.8535100740488577,5.392222817570813,5.291839273912213,3.7101857717391384
2014-12-19,3.412022383347724,19.346,2.17,1.5,0.8247344848099478,-0.9093683081365933,1.634757165754297,2.1949724702884144,2.7039814973550236
2014-12-26,0.8750932336263118,14.73,2.25,1.52,0.9906875377572116,-4.489724977856624,-0.8382928518648081,1.6258353298809425,-0.4366262011720412
2015-01-02,-1.4635440030987934,16.9925,2.12,1.46,0.992024498421971,-0.13263922522182003,-0.23321586541643624,3.297060977153232,2.217478272349771
2015-01-09,-0.6505632540949824,18.982,1.98,1.39,1.1235770743806897,2.5518229148632887,3.095154916541465,3.060422835919119,1.6021052727094975
2015-01-16,-1.2416808368938992,20.996,1.83,1.34,1.0988378862488606,4.500302210790208,2.059996171210754,3.635203800209208,3.571322139414157
2015-01-23,1.604422245446413,17.95,1.81,1.29,0.9169172074139892,2.5674732620559304,0.737876230552259,2.0610988124468044,-3.9443055928217507
2015-01-30,-2.7697398520154404,18.582,1.68,1.21,1.0216674684553726,3.823077805131714,5.366947648032849,5.764439950222022,-0.30676821172762603
2015-02-06,3.03159317915398,17.845999999999997,1.95,1.3,1.067958795932082,-0.10071022145202724,1.2508069348590833,2.2389049797457483,-6.531353019673447
2015-02-13,2.019976945566704,16.554,2.02,1.36,0.975941003588894,0.5298121342311779,0.9871268469699102,-0.9637604867746674,-6.482622331976695
2015-02-20,0.6347220852619406,15.21,2.13,1.46,0.9034448947383452,-2.3352143371385026,-0.0952475818185694,-1.5959783377405334,-7.215562527035302
2015-02-27,-0.2748447469043902,13.868,2.0,1.37,0.7742194913246924,-1.7837984824186193,0.5512044502851365,1.0520262569791328,-8.228084304095384
2015-03-06,-1.5794720947671648,14.074000000000002,2.24,1.51,0.5434408436730866,1.4870199145886165,2.4849594189263247,0.405062258652622,-5.788748097716134
2015-03-13,-0.8622822503050243,16.008000000000003,2.13,1.45,0.6443293595442421,1.3528796443969204,3.5385292541927793,2.4564229057040032,-1.8754207425137892
2015-03-20,2.663884187881038,14.466,1.93,1.33,0.7729666379624327,0.45490457311121446,-0.03368934325813644,-1.4482248414492638,-3.5572367928856763
2015-03-27,-2.233294243349393,14.668,1.95,1.37,0.8533353040763254,2.293525491421544,1.5434133726165866,1.480821110034225,0.6855771743407679
2015-04-03,0.2882039645399015,14.895,1.92,1.37,0.9277442873827548,2.3774111568403367,1.3135303536340182,-4.647886176057736,0.5999219490807395
2015-04-10,1.698150826314504,13.834,1.96,1.39,0.8259744535688209,0.9833173790870786,0.37724572179589355,-5.384720717841185,-0.1360621172636023
2015-04-17,-0.993317334952526,13.388,1.87,1.36,0.6907866036545657,2.1564750971697855,0.9758915260027257,-7.686022650208857,-2.7936024028586526
2015-04-24,1.754293764347592,12.806,1.93,1.39,0.6381083923493558,-0.48638134538643296,-1.931817841199579,-7.3967340315225005,-1.3467514282242798
2015-05-01,-0.4438752888209829,13.234,2.12,1.52,0.5441217690747887,-0.7332938377100473,-1.5021615284528278,-7.127103338800678,-0.8623069551051965
2015-05-08,0.3704451687882137,14.06,2.16,1.57,0.6359804639154145,-1.039175332902753,0.49807638748038396,-8.731162199773735,-1.1535444980621201
2015-05-15,0.3133066729614109,13.318,2.14,1.59,0.7019181743222827,-0.6001700805847054,-2.029465759723559,-8.073094397024771,-5.198964840888176
2015-05-22,0.1568771419653059,12.54,2.21,1.57,0.6495885674392232,-1.1556620077621926,-1.0451243187279302,-5.228923025760812,-5.66823167946321
2015-05-29,-0.8781579777183746,13.62,2.12,1.51,0.6952356867031086,-1.4525011906459606,-1.4150122065105242,-3.524734909670202,-2.201771134385855
2015-06-05,-0.6908932468738804,14.158,2.41,1.68,0.6071553413703826,-0.7745473990904417,-0.0616408888606812,-0.8447974809827841,-2.336077698317085
2015-06-12,0.0611626003589327,13.922,2.39,1.65,0.549064249182294,1.553394209834491,-5.884126738929584,-0.7043564685411674,-8.217336687078669
2015-06-19,0.7583117409260876,14.37,2.26,1.61,0.5863328238766897,-1.4379256788443318,-5.740311360611427,-0.51137868484874,-10.884413444737618
2015-06-26,-0.402845512980643,13.228,2.49,1.77,0.592406403938623,0.11183006662751627,-8.5782002469184,-3.733063280645288,-9.2596189715189
2015-07-03,-1.1758305322569829,17.490000000000002,2.4,1.76,0.7362577546770555,0.03804153792674736,-5.572568054207072,0.5965914734994415,-6.574602853279943
2015-07-10,-0.0077000022688511,17.912,2.42,1.77,0.7779366818277565,0.7184714118635638,-5.710726141439848,0.6496128070185847,-9.465865553956142
2015-07-17,2.408710913307055,12.912,2.34,1.66,0.8475549692287558,-7.323754175459973,-9.18349775339965,-1.6434353222588127,-12.313314736318548
2015-07-24,-2.209588487377101,12.594,2.27,1.57,0.8223065657253018,-4.365153342601302,-6.168822783469762,-3.235155453364491,-7.783515526553297
2015-07-31,1.1631854726900317,13.157999999999998,2.2,1.53,0.7803379832290422,-8.680323102436983,-4.227986421314567,-4.671934888409202,-7.405032348190543
2015-08-07,-1.2486699765089648,13.046,2.18,1.45,0.6855130854806203,-5.608476041593358,-2.140004021280617,-0.7980514533545202,-3.734173846000033
2015-08-14,0.6724187509187907,13.174,2.2,1.47,0.6421982273561218,-6.383335115375965,-0.7836396345582974,-2.275839657250167,-3.3157432495212857
2015-08-21,-5.76847787566821,17.846,2.05,1.41,0.7595156041376301,-2.006710092099162,5.503609636623286,-2.479082292183532,3.992615665598098
2015-08-28,0.9122772115701894,31.846000000000004,2.19,1.47,1.5280871313331148,-1.8859960609650006,5.547368924341711,-5.457372242980862,2.366667826686597
2015-09-04,-3.40143018800364,27.866,2.13,1.42,1.848110624879877,4.875550190696343,5.299761084729471,-0.7453569350428069,7.888740534915506
2015-09-11,2.0731659431180605,24.675,2.2,1.49,1.9958616618540548,3.674558768477043,6.533228110288936,-1.0611691734327189,4.413448132521203
2015-09-18,-0.1540001252418155,22.312,2.13,1.44,2.023807877348212,5.9815156710815165,6.7455593708350525,-3.9825732650664913,6.266499968641215
2015-09-25,-1.3631079747100094,22.36,2.17,1.47,1.5742645724074684,7.6641163244759225,8.302524590373217,-3.446308661415165,8.296836141773124
2015-10-02,1.036587026911473,24.49,1.99,1.41,1.3076239949373465,7.576252814965723,3.1265379132304316,-1.7208488596038518,5.839007888441161
2015-10-09,3.255679616973861,18.368,2.12,1.47,1.1586954012029531,0.40448979124472206,-0.46354717887381325,-3.317300961063907,2.0968825902419663
2015-10-16,0.9042662661814748,16.700000000000003,2.04,1.43,1.1281292012208342,2.7573489347524793,1.3712984090229474,-1.6290311569868487,0.6640073629693877
2015-10-23,2.067764031217334,15.268,2.09,1.43,1.0623684885163125,0.7209216578150768,-1.5039858519257376,-2.552102904840059,-1.1001534857115747
2015-10-30,0.2028867925815802,14.946000000000002,2.16,1.41,0.8884078880967092,0.5929628995173131,-7.5662737571736915,-1.4321727723149436,0.947404497256632
2015-11-06,0.9541321716803886,14.716,2.34,1.44,0.7526959573576704,-4.136335655220213,-10.426352906258584,-3.013529498717382,-0.003337860185059771
2015-11-13,-3.628044678014541,17.564999999999998,2.28,1.42,0.7827621948088097,-0.8645399941011656,-5.74086584575253,2.458675521687903,3.6099151715611955
2015-11-20,3.2688370736915884,17.262,2.26,1.33,0.8805481430055059,-1.3488578092936465,-7.128665317321947,-1.9897829206613205,-0.8591905801403121
2015-11-27,0.0450028280146508,15.465,2.22,1.3,0.7986986502647984,-2.2089824766492905,-10.050191032895228,-0.4487862586672442,-2.521401769937981
2015-12-04,0.0755861606891006,15.925999999999998,2.28,1.32,0.8379730195476617,-8.111140602192313,-10.848161939184099,-0.005252369343800023,0.5383211700131341
2015-12-11,-3.792146470606228,19.356,2.13,1.25,0.9998675681897282,-6.561419588986217,-4.700426166650562,2.630234690408173,5.840372670619054
2015-12-18,-0.3389012112887002,20.236,2.19,1.22,1.0287680674867998,-4.9188512882889945,-2.867043883227871,2.572353842784647,7.787885497921843
2015-12-25,2.764325998179129,16.6525,2.25,1.22,1.142777600609042,-5.858834859565166,-2.959742661974951,-0.6977231791978511,5.533265062074877
2016-01-01,-0.8272747033665206,17.1225,2.27,1.21,1.1756067625351232,-8.018332107418347,-1.0641212865107774,0.40999868848199394,6.343638265652429
2016-01-08,-5.964456667229657,22.526,2.13,1.19,1.1423569053329188,-2.9786215161759833,6.636215193515249,9.210575620487948,13.571072455410471
2016-01-15,-2.1695848975597065,24.592,2.03,1.18,1.2366376941909238,1.9916756163777416,8.27567442886803,11.636251714933055,16.152489183903928
2016-01-22,1.4130535055200788,25.6675,2.07,1.19,1.265753673769132,2.1579539507692314,8.698935589650713,9.920291652596692,14.524625791986278
2016-01-29,1.7483856202978876,22.476,1.94,1.18,1.3683779799891087,3.0795159516726844,5.533335355003888,6.750710279552985,11.792358160831796
2016-02-05,-3.1021905387579984,21.766,1.86,1.12,1.4854288552885364,7.56043131227937,10.674180283961764,8.369989163301739,15.953295064010575
2016-02-12,-0.8122134589325536,26.474,1.74,1.03,1.4258760416842056,9.910018657686127,12.162295030242355,12.772011611728962,14.105150482336049
2016-02-19,2.842158279654239,22.1475,1.76,1.0,1.3791996429789997,6.161285981932796,7.692228372267307,11.060698818761061,11.543549282535093
2016-02-26,1.5783885048770818,20.0,1.76,0.96,1.3010901171944542,6.402811906387296,5.599950772087459,10.969427686665378,11.120858661123645
2016-03-04,2.666252924943846,17.78,1.88,1.0,1.2112499488936987,2.3805111817576385,2.3310114222984124,8.752045756088389,8.414043576145813
2016-03-11,1.1100031140292677,17.782,1.98,1.01,1.0700409905871977,2.8948833076378078,1.4899751173805376,7.487434941186,6.505326039582782
2016-03-18,1.3544789318703954,15.442000000000002,1.88,1.04,0.9218599343106996,2.0492002458582848,2.414152098610134,6.503285257555613,4.069121437794476
2016-03-25,-0.6655088456572145,14.41,1.91,1.02,0.7998232393161738,1.442091037400428,3.1037232543610127,7.274777826676626,5.168127436531722
2016-04-01,1.8094879490982985,13.934,1.79,1.03,0.6473459982153977,-0.754548794261356,1.1236136364359162,5.359473090268474,2.587340772030311
2016-04-08,-1.2147962328389994,15.03,1.72,1.02,0.6418928288413346,-0.04834881061626106,1.1535453896666548,5.930849039095687,1.8353172740165347
2016-04-15,1.6179920530294156,14.458000000000002,1.76,1.02,0.6273078445427174,-1.365381975366875,-2.0819590574315483,4.769960587468436,4.169209883756975
2016-04-22,0.5214563041863629,13.407999999999998,1.89,1.05,0.6379379108771287,0.35762343249392536,0.54360209134654,1.7321823270199266,4.3182580080662
2016-04-29,-1.256467757162505,14.546,1.83,1.06,0.6277927097173046,1.63801061272284,3.127867718411159,3.576229193581759,7.168452298838113
2016-05-06,-0.3951075416199323,15.392,1.79,1.05,0.6061127808779995,1.8924418276902166,5.084734297051607,5.228134907895687,6.553276181173939
2016-05-13,-0.5118712278417648,14.468,1.71,0.95,0.5756328139515038,1.2024755829252332,6.274768757333726,5.944465973021629,10.40354759672184
2016-05-20,0.2790020105775781,15.545999999999998,1.85,0.96,0.6468911712012724,-0.7264965348025232,5.90941106928935,4.941720516141301,10.0252393947732
2016-05-27,2.277422072461577,14.138,1.85,0.95,0.7208071982467972,0.18531592567823107,3.992742287226325,1.615957663342149,7.847797388851729
2016-06-03,0.003326451687946,13.8725,1.71,0.93,0.6673804979848936,1.4658463863142623,4.045493645292941,2.002259585793742,6.655147756999336
2016-06-10,-0.1457658469911082,14.69,1.64,0.91,0.6171285844347008,3.133002224796866,4.188793597765894,1.4474632412334376,8.630909569305324
2016-06-17,-1.1855566295882691,20.078,1.62,0.92,0.5470793115264146,5.012024799978598,4.722823733983561,0.673997022767181,9.821261128818781
2016-06-24,-1.6323682178460253,20.206,1.57,0.93,0.5838408250669819,6.684470047355817,6.997606956739322,6.38408293406838,11.480262710507194
2016-07-01,3.216825081485153,17.928,1.46,0.87,1.1531050146823665,3.800383645416261,1.1821540216885085,3.7542477474501457,9.117667785081007
2016-07-08,1.2815307923451646,14.625,1.37,0.76,1.2443903434397283,2.542379875448053,0.4347626738437471,3.918033670064469,7.865159266259858
2016-07-15,1.4949100591810982,13.124,1.6,0.89,1.2504372273469095,1.023718257195494,0.13646188649891755,1.397483558335999,7.140549192742651
2016-07-22,0.6147843460609259,12.188,1.57,0.86,1.2381621238017664,-0.27539804755297714,-0.31080075560199205,3.885003832674272,8.09781384349153
2016-07-29,-0.0657430757904142,12.668,1.46,0.79,0.6374410771335557,0.2935168626178708,-0.9136964726533914,3.886178087413872,8.913322668842394
2016-08-05,0.4264822927292577,12.496,1.59,0.87,0.4462266497121092,-2.522369890916454,-2.2855293279213207,3.7070424501142396,9.173702018423802
2016-08-12,0.0540541386926607,11.688,1.51,0.8,0.3510413211116485,-2.055362089473922,-1.9637890963974725,2.508185621765735,8.63304615795293
2016-08-19,-0.0082384394405998,11.882,1.58,0.82,0.3548300583928616,-0.8782654073746454,-2.6311182439789693,4.263525680783675,8.900707110862061
2016-08-26,-0.6790732657718235,13.076,1.62,0.78,0.3480778673313358,-0.035500475665861675,-3.8662314162776545,4.868506418224827,8.06531637294543
2016-09-02,0.5043678866794243,12.988,1.6,0.8,0.342308437056253,-1.2036803305291444,-0.5733997610984032,4.189491598237605,8.382645339480677
2016-09-09,-2.393137659171629,13.4925,1.67,0.88,0.3830052298746169,0.24296914351538135,2.542042863814009,7.84279979025897,10.702552116858355
2016-09-16,0.533405388783903,16.564,1.7,0.93,0.7739468121269661,0.0934946465983133,3.4681925893851107,7.3982318418433834,8.872176315016688
2016-09-23,1.1934605333782766,13.812,1.62,0.85,0.8363121213023605,-1.7683839410279512,1.2593032029296403,6.994542421703098,8.50006259466738
2016-09-30,0.1653852617190088,13.46,1.6,0.83,0.9054799458927956,-3.83209135126944,4.2088858372608895,8.434830114824155,9.958627370926187
2016-10-07,-0.6701208413155246,13.302,1.73,0.9,0.9040921438204034,0.6379595632098223,4.844135253004511,9.917636233935823,11.401099944353277
2016-10-14,-0.9639051073832672,16.02,1.8,0.96,0.6695270987018047,2.293501220027805,6.132737287342116,11.727261343717753,12.091999185961356
2016-10-21,0.3834978159910962,14.598,1.74,0.9,0.6052297508670135,3.3715457280234506,4.561554018606895,10.809103245299934,11.235502168652921
2016-10-28,-0.688878953719485,14.454000000000002,1.86,1.0,0.5097077002893847,3.0821921346992243,7.080952148591657,11.843440272567364,13.61027121825764
2016-11-04,-1.938947906231792,19.906,1.79,0.99,0.4171256987236182,8.361393422728302,9.086024570955464,12.411401284900169,16.971683419200588
2016-11-11,3.946903937607482,16.6425,2.15,1.23,0.6602710552807094,4.179512092703774,4.790359267934052,9.007695203355537,12.193424688764276
2016-11-18,0.6652851239660196,13.553999999999998,2.34,1.27,0.6725113413899687,3.7531573575298127,5.1693498377878955,7.958208189671345,11.515193695646332
2016-11-25,1.441413296673999,12.4,2.36,1.24,0.6817648312510929,1.1511952174096285,3.7983066622751416,5.222845388898767,10.163324428886256
2016-12-02,-0.9668667648663364,13.514,2.4,1.29,0.6674576520766229,3.8791957476682404,5.663913376215657,7.1507102682969,10.559545888069044
2016-12-09,3.083103156113109,12.108,2.47,1.32,0.5254820014805841,0.6687170821072064,4.05526289203666,5.51751560096756,7.3311662246550835
2016-12-16,-0.0646134779609175,12.708,2.6,1.32,0.4780554589047719,0.5863409829436561,4.839088966386318,6.254011896350531,8.910261642946239
2016-12-23,0.253312365425451,11.46,2.55,1.33,0.4799014475594741,1.3649632611929974,5.271252018337247,5.614913975586244,9.221261530351498
2016-12-30,-1.1025740243930326,13.0875,2.45,1.25,0.4926593886523459,2.61698484054087,5.974996532263921,6.38279357330358,10.419282008512742
2017-01-06,1.7040106221772875,11.9225,2.42,1.2,0.5136300179222566,1.7180703178359513,4.447558625895454,6.097554176213826,8.776980885668916
2017-01-13,-0.1027715619240199,11.416,2.4,1.19,0.4365873411755821,3.3640498340386404,3.0483984791120022,7.22884428070425,7.327761037037472
2017-01-20,-0.1463895008277926,12.1675,2.48,1.28,0.3882624232924166,4.227957734503729,4.024545735775531,7.064643610870447,6.790794134459621
2017-01-27,1.0293567240650336,10.972,2.49,1.27,0.4201994287119806,3.853687340741896,2.6517786372027174,6.0339289609056435,6.4653661806246765
2017-02-03,0.1189694703188193,11.716,2.49,1.28,0.3870042491957255,3.272374156131308,1.3724103720290648,6.132101737767948,7.797012868545572
2017-02-10,0.8130936623029106,11.168,2.41,1.21,0.3757912286886912,2.683385852219522,1.4070999687353813,4.633211429925543,6.274764813983658
2017-02-17,1.5137434901282276,11.406,2.42,1.21,0.3849344793188302,-0.30537827748957636,1.405265498630337,3.14823416093557,6.340277732348465
2017-02-24,0.6881784474937591,11.6225,2.31,1.19,0.3505146505286741,-0.19516068735255798,1.349613912057035,3.883258350199159,5.6975287793433305
2017-03-03,0.6665721320562534,12.064,2.49,1.17,0.3718971023008457,-1.1573096096200608,0.32645375699447143,3.7522205125157804,5.716874665770555
2017-03-10,-0.4414389125994011,11.702,2.58,1.22,0.433345334020115,-1.839759954806297,0.38480495813513205,4.193711367469377,7.448789226778252
2017-03-17,0.2381312531062995,11.554,2.5,1.17,0.4421659206320004,-1.2429331901082752,1.579735871307686,4.1450679333543405,7.35498462630082
2017-03-24,-1.440976328445287,12.54,2.4,1.14,0.5056944067252221,1.7158837122440929,4.056779011892808,4.152769592817052,9.864844512132276
2017-03-31,0.7994944662721659,11.872,2.4,1.13,0.4709168432420414,1.547795287331133,2.9224812793864574,2.659226607641574,9.241471709034954
2017-04-07,-0.3038841559581118,12.464,2.38,1.09,0.4227244569591376,1.501136159643579,3.294780050189172,3.71507205627688,9.86185948766889
2017-04-14,-1.128831921753615,15.2125,2.24,1.03,0.397121246151218,2.266258631720164,4.695253223506479,6.337624283509391,10.878297214105825
2017-04-21,0.8475918610634903,14.558000000000002,2.24,1.04,0.4079020746574168,2.858194509613776,3.181346732314405,4.800122325506817,9.79951215323862
2017-04-28,1.5119070908254484,10.726,2.29,1.01,0.4614326169862116,2.3014058514903457,1.7188147516154162,4.86662325615117,9.152754599959923
2017-05-05,0.6329204009591471,10.482,2.36,1.04,0.4484745315319441,1.3537329768368078,2.4999053675139216,4.2900162116641605,10.12507565511116
2017-05-12,-0.3496924749468166,10.188,2.33,1.04,0.4365624809557499,1.7671170574135031,3.414619601544966,5.37288093709809,10.899665745135877
2017-05-19,-0.383534328058277,12.672,2.23,0.95,0.4819669714222032,2.3751671609827607,3.794305732747838,7.036905905818247,12.347330744315554
2017-05-26,1.4313162352650677,10.294,2.25,0.95,0.5090800044308487,0.3141725598444278,2.5254368305275943,5.685433915982863,11.073673202529744
2017-06-02,0.962406112297498,10.1075,2.15,0.87,0.5222594156769098,-0.5694849401392199,0.09224827237181987,5.581631062763948,9.615961513572291
2017-06-09,-0.2992963967220263,10.354,2.21,0.86,0.5367487184541635,1.1308635183067794,-0.25577956193093554,6.1395628545870995,12.80465999299234
2017-06-16,0.05674396844344,10.760000000000002,2.16,0.84,0.4420072299641851,1.6188947783614571,0.4068860070988167,6.357610166059624,14.511645482693325
2017-06-23,0.2116658114411418,10.496,2.15,0.81,0.3462313534357852,1.3862136796646274,1.5687158772105692,5.905753890675114,15.25653088424399
2017-06-30,-0.6106769643016818,10.722,2.31,0.93,0.4140988443237099,2.2043388429127564,1.5688645714152738,6.414110331486467,18.546602571535487
2017-07-07,0.0730383878684959,11.505,2.39,0.99,0.4735363024579572,0.6655232672913902,3.094617758005014,7.3083233092100075,13.893812445657549
2017-07-14,1.405672521278167,10.342,2.33,0.98,0.5248445043889246,-1.3711373877339672,1.7464512164492296,7.439197392677777,6.517382313611253
2017-07-21,0.5395918067500061,9.688,2.24,0.88,0.5019706027832085,-1.1927002098439776,1.8936020294793021,7.2378994115442685,10.502557189694173
2017-07-28,-0.0177930953310978,9.772,2.3,0.96,0.4393960888814466,0.18000691703761174,3.1240636470169836,8.240360539228696,11.132233336052376
2017-08-04,0.1913345043444758,10.22,2.27,0.91,0.3172488032473226,-0.6217683893774861,3.0821591042608176,8.337673689830027,8.657029958119633
2017-08-11,-1.433687764019187,12.71,2.19,0.89,0.2970861578473938,2.413035180141865,5.484323596622964,9.514935877236486,14.141939210454124
2017-08-18,-0.6459628024869324,13.184,2.19,0.86,0.4840328092817637,3.1609292874431816,6.411742342995064,13.09393115467019,13.459213554270821
2017-08-25,0.721485834046387,12.06,2.17,0.82,0.5910177425280645,3.123556909133085,5.926609613747069,14.04760174974189,5.943798040779114
2017-09-01,1.3712367462987096,10.992,2.16,0.81,0.6134642788282717,2.938766746559951,4.270053013870645,13.476408448031396,6.635039273166621
2017-09-08,-0.6105314606766998,11.8825,2.06,0.79,0.6252093130545816,3.7271014321836438,4.770404572815101,16.715494528525298,5.8112578068455045
2017-09-15,1.576321484083998,10.484,2.2,0.81,0.5460846833055091,2.998923341231685,4.087221663788321,10.475032472598667,6.24222849812055
2017-09-22,0.0795922875063581,9.874,2.26,0.8,0.3863117722080826,3.1512056725409687,5.595031677437179,4.6890393130396335,6.71083772973855
2017-09-29,0.6849971992643589,9.862,2.33,0.86,0.3658138590275371,2.718149750288279,5.244978365293984,8.448965380303397,5.975715986134245
2017-10-06,1.189586618238314,9.486,2.37,0.83,0.3129457926100489,1.2932797908764337,4.961302640016507,7.765568389979904,4.475287242282544
2017-10-13,0.1506216783361491,9.8625,2.28,0.77,0.2183067982550032,1.0058153811553172,5.09837456960287,5.4081820775796485,6.836601329688863
2017-10-20,0.8632421553170344,10.062,2.39,0.79,0.2165068561334263,1.0566113579179248,3.821053350094683,8.207490287313446,5.349467105799532
2017-10-27,0.2275584325458934,10.912,2.42,0.83,0.2606449141037523,2.3691686286772873,6.279559628049869,6.622832270295742,5.434180632483887
2017-11-03,0.2622950695621018,9.99,2.34,0.71,0.3055422140623968,2.4599631332423044,7.666621414210595,0.016226731974788855,5.671912649614885
2017-11-10,-0.2140796523101951,10.172,2.4,0.73,0.2926690245994546,3.621190721351697,8.829338019935662,2.2681356640160244,7.618401299183897
2017-11-17,-0.1335999344243776,11.882,2.35,0.62,0.3382561946295909,4.051805505459138,11.401206289518907,0.9934611193631593,7.786796705850696
2017-11-24,0.9139664317895368,9.9825,2.34,0.59,0.3677356456453566,2.7355379871048635,6.136978878582777,2.070385586131862,5.85839201644498
2017-12-01,1.529347684959692,10.662,2.37,0.59,0.3798779717376294,3.8198913322786465,-0.8579876818116894,1.056684234642602,2.882051734099522
2017-12-08,0.3512209202780836,10.754,2.38,0.58,0.426903126120898,5.081651526848008,3.0443134340231826,0.6943206528144286,4.085237350909843
2017-12-15,0.9168417346313352,9.87,2.35,0.51,0.420616257125007,5.026141141911045,2.6717139359265785,-0.46304245994435167,4.690168481762669
2017-12-22,0.2814112037844873,9.76,2.48,0.57,0.4169590507374913,7.063213125767609,0.2947785912441825,1.6539045129902563,4.415764918099496
2017-12-29,-0.3626070550154847,10.485,2.4,0.51,0.3774951700116845,3.310870764024121,4.2249975276471785,1.4721616727879416,5.431231746708343
2018-01-05,2.600969929341379,9.34,2.47,0.51,0.3967863919027136,-4.505763735697476,0.32299027531468294,-0.7954295242891374,3.543378917406259
2018-01-12,1.5708251252988026,9.892,2.55,0.56,0.40845040222379,-1.9388143060392493,-7.10563272233048,-1.8526714578715797,1.6882981806079833
2018-01-19,0.8635314502009495,11.765,2.64,0.58,0.4227456794382916,-2.2417535104933384,-6.028891175206597,-1.1126932707519965,1.4172804786799498
2018-01-26,2.226455085657708,11.252,2.66,0.53,0.4310413829658115,-6.3219049166519214,-9.342578520296474,-3.2444977070309355,0.06334516161596859
2018-02-02,-3.854689904443476,14.589999999999998,2.84,0.69,0.5918097421039366,0.8848311478383053,-3.8314575517576888,-0.2624786055541284,5.04647292606013
2018-02-09,-5.161952552325133,31.51,2.83,0.78,1.3491199359021155,5.056592104310309,1.931241732626221,3.7724061963840816,9.624930927557207
2018-02-16,4.301117358891604,21.686,2.87,0.66,1.593605633700509,-5.268974038735719,-2.280565227612874,1.0101711411306225,6.323063721738564
2018-02-23,0.551934993766956,18.9575,2.88,0.63,1.6154535362911016,-3.87398281036041,-3.0531840520624742,1.9659305065227173,6.638149084759282
2018-03-02,-2.0401866498722443,19.26,2.86,0.61,1.6751311626336336,-3.2245250087087673,1.3551312848351094,4.108874245239202,8.276079162796112
2018-03-09,3.541851123432416,17.206,2.9,0.63,1.323321895965941,-4.674923520152074,-2.641243387056935,1.1573367691768643,3.552754733287111
2018-03-16,-1.2402364823396517,16.35,2.85,0.54,0.9313594365193634,-2.974920763259592,-1.1148190425091409,3.210020587757545,0.5494119931693797
2018-03-23,-5.950196380788086,20.658,2.82,0.54,0.9938088177124004,3.1546251935926417,5.6547683335387955,9.466592174154753,6.935934521798881
2018-03-30,2.032643831121095,21.5925,2.74,0.47,1.2587138495704924,0.8538778390023483,5.2316057200311405,7.923894638478424,0.6747709439692606
2018-04-06,-1.3783391408563772,21.042,2.77,0.5,1.393426984255345,4.732248840892805,6.726510321750934,10.375238483942773,4.553329054456601
2018-04-13,1.9900432221534592,19.676,2.82,0.45,1.4613864977575473,2.1334156847228725,3.7111708832692214,9.231636720080228,4.6948747748778885
2018-04-20,0.5210195947594753,16.05,2.96,0.5,1.471568669492282,1.9171349669417026,1.8062808148529674,7.547920602313596,2.476654018650404
2018-04-27,-0.0086130494282077,16.77,2.96,0.47,1.1666860549391491,2.423684963475048,3.3675352056716346,8.804419478470571,-1.3989181187809452
2018-05-04,-0.2430789969706359,15.612,2.95,0.44,0.9147502475876764,4.3406639138032554,5.177183499539084,9.99654608772933,3.632547733287539
2018-05-11,2.414191179544045,13.752,2.97,0.43,0.7497956091905936,1.9041522577136538,2.716925058944808,6.828413904877939,-3.469560423892404
2018-05-18,-0.540744657018366,13.566,3.06,0.51,0.698037983185125,1.5447982307932984,3.901631746731682,6.3620349476819715,-4.1659148738000145
2018-05-25,0.308153334248229,12.925999999999998,2.93,0.45,0.6053590855325213,-0.10876890537067085,4.373597326100764,1.682993366209229,-11.197096720712585
2018-06-01,0.4883655668722397,15.2125,2.89,0.42,0.6546631057182689,0.921515606993828,3.6078105141289507,1.2125966565140311,-9.101085938367593
2018-06-08,1.6239883496158125,12.218,2.93,0.43,0.6369573849482268,0.8017196310222019,2.5584413542164564,-4.3302910231982406,-8.891234901594125
2018-06-15,0.0226655633749794,12.346,2.93,0.38,0.5969645401284975,0.7975855578246094,3.418764607960978,-2.036215051670631,-6.5979259385215645
2018-06-22,-0.891477018066944,13.372,2.9,0.34,0.5837237850851674,2.320979072292517,5.3229230658522475,0.9485033128358245,-3.0553027883404305
2018-06-29,-1.325276134643183,16.82,2.85,0.33,0.5881632157979183,4.487246960872038,5.6397697092014365,0.6584792199771705,-1.9721415815643795
2018-07-06,1.5248089621717975,15.02,2.82,0.29,0.5258085945110793,2.6617663151195847,5.259760002965264,-4.611170533348474,-1.9309243987844171
2018-07-13,1.5033585236243097,12.744,2.83,0.24,0.6141601369976352,1.7427497562785943,4.5821369500842035,-1.468603469742391,-3.33523151050803
2018-07-20,0.0185634406892898,12.544,2.89,0.29,0.6325224838360357,2.600438329579502,4.0027374686048445,-6.022849184092161,-0.9361731346071989
2018-07-27,0.6063890300494146,12.498,2.96,0.29,0.5404509854870059,2.933849950203049,2.3680120894999046,-7.76460050232608,-0.927698322354964
2018-08-03,0.7637958001840861,12.813999999999998,2.95,0.32,0.5352969894553381,1.1030271940852376,-2.5778587964972677,-14.918230707489055,-1.2906914637125233
2018-08-10,-0.2489153842411551,11.496,2.87,0.26,0.4448804251792241,2.530634121247388,-2.3118081983677263,-12.26634979489647,-3.183940874347202
2018-08-17,0.5947119007437607,13.764,2.87,0.26,0.4899950941335886,2.7907513809163786,-6.716884818502988,-11.164050569241436,-0.9701278005079361
2018-08-24,0.8617171709211391,12.4,2.82,0.19,0.4866692532832136,1.3667574543110517,-5.274651732990899,-9.685563915265972,-2.573494254220643
2018-08-31,0.9333207640429996,12.66,2.86,0.24,0.4549620818919043,-0.5497101886083988,-4.153340626789637,-7.954798072737013,-2.3132743091789365
2018-09-07,-1.0284295021147472,14.15,2.94,0.23,0.4677941732571208,-3.6407277731817067,-4.7153553088353455,-7.205535672521268,0.7333706783164473
2018-09-14,1.159601683363798,12.992,2.99,0.21,0.4008916205934037,-4.72292243300545,-9.377686720961254,-6.831370698115902,0.0836471045226439
2018-09-21,0.8499177816112091,12.34,3.07,0.26,0.3901507996912549,-9.249505497033006,-5.7856347138083075,-7.570478756205878,-0.8410467129469579
2018-09-28,-0.5355532133192842,12.408,3.05,0.24,0.3727716577015548,-6.551861136818382,-9.639733430789166,-4.748827505336517,0.8888153836795976
2018-10-05,-0.9749522062538318,12.94,3.23,0.35,0.3686827378214899,-3.623549458745212,-9.898221509827776,-3.2194729042637316,2.081731609203441
2018-10-12,-4.10456799665293,21.3,3.15,0.3,0.7893102481679317,-1.1152300249052338,-12.666906884354246,1.3212266912672188,4.12955026943318
2018-10-19,0.0234953367535428,19.254,3.2,0.28,1.1007445636505546,-4.885502795447072,-10.190117569933776,-0.8927718487721004,3.3149310649267516
2018-10-26,-3.941429114160422,22.792,3.08,0.27,1.264849001823089,3.816916703535389,-4.767385546768876,6.160554358432169,6.295210080005531
2018-11-02,2.4211216277988834,21.626,3.22,0.31,1.489388247224556,-3.3043700297678225,-4.656527806941114,2.8515677463188283,1.0649783470062735
2018-11-09,2.128118731314421,18.062,3.19,0.25,1.4589952421693675,-6.510586368188176,-3.9661866890374653,1.919802244171942,3.3200196259912884
2018-11-16,-1.6087676807084006,19.8475,3.08,0.27,1.2939049674311514,-11.681957557628364,-2.6134120264152516,5.718367324359663,5.507861426750527
2018-11-23,-3.790194688288351,21.225,3.05,0.24,1.3069738106314417,-5.577083336811017,2.8098113264940494,10.440402019258954,12.075694201391386
2018-11-30,4.847367598117258,18.654,3.01,0.21,1.1284457289127938,-8.268693121389848,-1.8944499991862207,5.248231504655698,6.578945971821515
2018-12-07,-4.604421008387305,20.4,2.85,0.13,1.3118968574704322,-1.3983649287868882,5.412673192709683,11.651746076251968,13.570792508476593
2018-12-14,-1.2582270941306373,21.628,2.89,0.16,1.3482916386531436,2.7215912265438735,7.41244925181197,13.296022919611872,15.916462860096757
2018-12-21,-7.0512831949608445,26.834,2.79,0.16,1.4164258186483951,10.26805540570086,16.01699089839692,19.23263742822636,23.172445940162987
2018-12-28,2.8601877703194,31.195,2.72,0.2,1.7989099587106223,8.882266042703947,10.352252413203411,15.037374807139647,21.728745536920503
2019-01-04,1.8585995057157636,23.8675,2.67,0.17,1.869853055523344,6.948819698643094,11.47499726637009,11.616393911150325,15.802511776786087
2019-01-11,2.5403473165975354,19.908,2.71,0.16,1.9301252548372625,6.907632025145882,7.874787209403311,6.000941671562043,12.417473264059954
2019-01-18,2.867584559783598,18.514,2.79,0.17,1.8533429928023344,4.566574533413115,6.1290796754578825,7.587125892247593,8.161499147837459
2019-01-25,-0.2227853738856144,19.1575,2.76,0.16,1.5403604980161831,5.213600141531849,8.555366323168489,8.33921140698408,6.843021397348559
2019-02-01,1.5674964866694951,17.674,2.7,0.18,1.1427322664592423,1.3500695971214727,7.422045225365048,9.012644567036098,8.125900295211586
2019-02-08,0.0498739530326197,15.754,2.63,0.18,0.7367081976267766,4.23209679216725,7.280609001002181,8.63701999625659,10.001554346779407
2019-02-15,2.5008574151898166,15.636,2.66,0.14,0.7688201863634218,0.9046643031340729,5.918712328010423,7.739220597178709,8.350979491519706
2019-02-22,0.6149958069667116,14.2175,2.65,0.17,0.6706866470410715,1.4942682678636299,5.477552843066458,7.91715826938133,7.140125831644961
2019-03-01,0.3946051570552722,14.614,2.76,0.21,0.5784675791151426,3.1761732106318163,2.7717030970451084,6.167592338291605,5.639000779699299
2019-03-08,-2.162146111508667,15.55,2.62,0.17,0.5420902470789962,5.9910917203909175,4.245606493280496,10.309253209548341,7.617010728829676
2019-03-15,2.8949283150054628,13.578,2.59,0.16,0.5908433742586756,2.9247346092571513,0.12684157725730838,3.8820494429574692,5.236176698690143
2019-03-22,-0.7713081999481397,14.136,2.44,0.13,0.5790149745694833,4.969094401635732,-1.737056068721432,4.211073015456801,6.622963206525112
2019-03-29,1.2029071869681385,14.86,2.41,0.14,0.7382971386269388,3.924639926158302,1.373842326013186,1.9150448478350457,6.638094586751686
2019-04-05,2.058287111934476,13.38,2.5,0.15,0.7441949612397043,-0.39201891386394516,-0.19911951247155724,-1.5773931624183612,6.020932488332265
2019-04-12,0.5071289477977414,13.157999999999998,2.56,0.16,0.6625333429412091,-1.6468225761038902,1.4807010407724919,0.6552240449061442,6.38610211935744
2019-04-19,-0.0818557714406864,12.2975,2.57,0.19,0.6552973676964557,-2.7183874144749764,1.2643580306686442,2.536288124307551,7.415755757015963
2019-04-26,1.199638322639296,12.764,2.51,0.23,0.4218816302863075,-6.3886904127208215,1.7187787022282741,2.296352655777234,5.796500640936886
2019-05-03,0.1959267043289747,13.663999999999998,2.54,0.21,0.3860663137141628,-2.454468547552857,2.3129143221066073,1.5762339415023696,6.631499267198571
2019-05-10,-2.1808500895250327,17.86,2.47,0.21,0.549767151985276,0.19365857965294442,3.3043037518214913,2.7899680517570635,9.179913192558598
2019-05-17,-0.7590016585023784,17.259999999999998,2.39,0.19,0.8121535686644501,3.1798907760721695,5.816692827873471,3.2340971950376662,10.815414294050862
2019-05-24,-1.1704710340585178,15.756,2.32,0.16,0.8657299449248743,4.094037238169945,3.750450734833821,5.102862570063649,13.982714589087863
2019-05-31,-2.618486460504399,17.8525,2.14,0.19,0.8947224716585829,8.66077950484183,6.053277915567157,8.50780461156675,17.730716283380808
2019-06-07,4.406881634656146,16.830000000000002,2.09,0.24,0.9913102711249508,4.887341120268052,0.5338680170386745,5.192909867033446,12.581525287910388
2019-06-14,0.4747051222933507,15.788,2.09,0.25,0.8931909324414644,3.104632784414818,-1.3810235372813784,6.2324620488504845,13.106087321259064
2019-06-21,2.19883687792124,14.996,2.07,0.3,0.8119391486693426,2.5555387120188566,-0.8134324924841563,4.833826558425214,12.850882956212795
2019-06-28,-0.2948676235928538,15.73,2.0,0.25,0.7463289809231465,-0.330073184259283,1.256049135524795,6.074593120399152,12.02375311933357
2019-07-05,1.65376856651287,13.21,2.04,0.17,0.5446864984886542,-2.3996713452239415,0.5678144792120587,4.008819207951464,7.862136440553491
2019-07-12,0.7811674020768988,13.28,2.12,0.28,0.4937077962397099,-4.15061823164865,-0.7200267781298786,4.220957807433701,10.416851298264573
2019-07-19,-1.23300423949253,13.498,2.05,0.25,0.4934394785341495,-4.350586584286087,-0.4978840971621712,5.6876714980362175,13.557361902430198
2019-07-26,1.654566712556682,12.622,2.08,0.22,0.4759134932936041,-3.2850212156393055,-2.4406315901752795,4.723944145852732,10.307478915271574
2019-08-02,-3.1002774504892416,15.674,1.86,0.14,0.5095706187256077,1.5913750219926692,1.3035238166688279,9.86238014561087,0.7561235826742285
2019-08-09,-0.4570231156091897,19.826,1.74,0.11,0.9353356589406144,3.0404465490401655,2.3144279405995283,11.010916962991413,1.840584401733536
2019-08-16,-1.0268436333887965,20.072,1.55,0.07,1.1970805565306333,3.579148232598728,4.634300800209079,11.98368023483376,-6.150211041500542
2019-08-23,-1.4390595428528608,17.346,1.52,0.01,1.366907904444275,4.027941572813631,7.720102012019958,14.689982981132466,-19.04352712364329
2019-08-30,2.787031429124398,19.168,1.5,0.0,1.4800866476966552,0.8730701656324502,5.693572418948212,13.776376975301163,-13.155484625562453
2019-09-06,1.7854336193706688,17.064999999999998,1.55,0.02,1.3138955351013657,-0.28334216882240915,4.758771476877444,10.634134035189202,-16.45209050294748
2019-09-13,0.9628306218709026,14.608,1.9,0.11,1.1194396010234064,-0.7045957512374357,3.4215765218311045,7.25313759587487,-7.234506731424661
2019-09-20,-0.5094059887797542,14.486,1.74,0.05,0.8792904351056338,1.0186920684468914,4.976819015171885,11.217648146928783,-3.927381614764691
2019-09-27,-1.0120093649236717,16.242,1.69,0.06,0.5828868859913042,3.5492007083712362,6.216506592923587,14.125574991105783,-4.222110520288869
2019-10-04,-0.3302067049955615,18.304,1.52,0.12,0.6439741466948331,4.778780149548867,7.343811109899079,13.067028531688575,-4.1090663116604365
2019-10-11,0.6185619190049785,17.986,1.76,0.13,0.8103831606254964,5.056440674371809,8.448725183964179,-0.5403565575717639,-1.3625014034755134
2019-10-18,0.5363125754856091,13.815,1.76,0.18,0.9019871123824186,4.155451407127919,8.499768016531139,-0.46312484798436415,-4.102203536368232
2019-10-25,1.217269380839192,13.766,1.8,0.17,0.8996799221265324,3.918212427501122,7.023872074854021,-10.306860904343262,-2.2199830134248533
2019-11-01,1.4676303970036386,12.832,1.73,0.17,0.7925929673616551,2.5758826396587997,6.470362391909701,-24.84552895491764,-0.7368932953129792
2019-11-08,0.8533072951472986,12.67,1.94,0.26,0.5255851657610368,2.4480443050483913,7.647394606281566,-17.833683367042198,3.2604992747798933
2019-11-15,0.8851979942626542,12.695,1.84,0.23,0.3625320213434211,3.229011460712772,5.6084683654471945,-20.247337459953496,-2.5364819076213574
2019-11-22,-0.3259109875566102,12.714,1.77,0.16,0.333271005868248,4.170993021212044,3.704798556454958,-10.303539756045376,-0.40350091697257673
2019-11-29,0.986722814297436,11.945,1.78,0.17,0.3547033794262042,2.988561460792627,5.944959268440941,-8.482063672218597,-4.200279290571462
2019-12-06,0.1569552073327429,14.762,1.84,0.23,0.4298083775100226,3.796681687772452,7.446176354202505,-9.827678811937012,-0.5054150559921311
2019-12-13,0.7276157728052013,14.62,1.82,0.21,0.4860027972223433,5.0751093751986165,5.331669672068928,-10.669341160091717,0.5124965281536165
2019-12-20,1.6542514853338908,12.404,1.92,0.29,0.498722356929059,2.30502730876192,-8.28878506989138,-9.046880515005306,0.1089652304887112
2019-12-27,0.5836313259917292,12.84,1.88,0.29,0.4837319816986356,-0.44752809898063184,-8.260748412982688,-11.614745158698703,-0.7527773461806664
2020-01-03,-0.1595645040411764,13.7725,1.8,0.27,0.4473170274648125,2.870607925496449,-16.193333920002374,-8.637189917604182,1.1212272110391996
2020-01-10,0.9428566727743616,13.238,1.83,0.27,0.4386228156794375,3.5160032161798416,-29.41277801944151,-6.769260031907587,2.6315687160866075
2020-01-17,1.9682428410166648,12.31,1.84,0.26,0.4386743968756047,0.24416847947712483,-23.67087291477916,-4.075245246340287,1.2983457255558495
2020-01-24,-1.025646929152424,13.325,1.7,0.21,0.4656353816772598,-10.355123943890444,-24.482701269683528,-7.712402612339542,3.085749295556628
2020-01-31,-2.122609272538767,17.046,1.51,0.18,0.6630975787482527,-7.848343858071571,-13.507897905876066,-3.961532668318246,8.757967351739659
2020-02-07,3.168169497862894,15.919999999999998,1.59,0.18,0.8138264069710968,-18.531961879048865,-13.617469901616241,-9.575952106703445,2.982531565702873
2020-02-14,1.576157531382294,14.358,1.59,0.17,0.8403103109987591,-31.81032904337876,-16.076751869880635,-7.4005345560010705,-1.1594108688720017
2020-02-21,-1.254671767375326,15.4625,1.46,0.12,0.8442265471210321,-23.856790631319758,-15.191073000149814,-4.575236639577573,-0.5476752092539949
2020-02-28,-11.490675733559286,31.942,1.13,0.27,1.3555295286715443,-15.75949228481337,-0.8266114953243697,9.156732147513114,11.652483350873988
2020-03-06,0.6143803326891462,36.758,0.74,0.25,2.1188777244720485,-6.141565203220933,-3.65601058183328,8.184033482854925,12.651513434111727
2020-03-13,-8.792649883842296,57.792,0.94,0.45,3.411643815204596,6.032417240901711,9.016161071465923,20.66012399838688,28.259469407361237
2020-03-20,-14.979605267779128,74.61800000000001,0.92,0.55,5.282199460279206,23.07325574793726,32.07877764869473,45.39680955903593,51.146685207169696
2020-03-27,10.262831544954354,62.75,0.72,0.47,5.886837598686296,11.380814787056238,25.672542601673555,32.71256936091651,36.3537611116997
2020-04-03,-2.0783274627778403,53.078,0.62,0.39,6.0297682750273776,17.72648479277501,22.207227932282404,36.50613969084253,31.394936582197918
2020-04-10,12.101749054054988,44.24,0.73,0.5,5.79594735497388,2.6481952599884284,11.037268150991508,25.7432351839306,25.7944905196005
2020-04-17,3.037471527122837,39.606,0.65,0.45,4.15444061137227,2.8139920867646273,4.678628642052707,19.216850268697684,24.719951201771863
2020-04-24,-1.3156819683175058,41.706,0.6,0.38,3.288018432122594,7.317204575461478,10.338276350347474,17.774980513003946,25.40945068316156
2020-05-01,-0.2125689812120135,33.886,0.64,0.44,2.581822294746447,12.831408929752385,12.517357235979375,17.26634012351276,28.53136308077522
2020-05-08,3.500538354618543,32.624,0.69,0.53,2.0128020049585253,3.8060621171136733,10.066554943180916,12.583108265590749,26.25844957122887
2020-05-15,-2.25612999367274,32.078,0.64,0.48,1.757189750570829,8.17264528592554,12.289343773484696,16.9263532830934,27.927507190072376
2020-05-22,3.203897110884624,29.102,0.66,0.49,1.6092508691807,1.8136019402053227,10.680951165843911,17.651794143879606,25.51083501307623
2020-05-29,3.006652418073963,27.9325,0.65,0.49,1.5056408439161186,2.8150861614753664,10.083400336854087,14.436768645143093,21.638728885069437
2020-06-05,4.914738320576606,26.212,0.91,0.69,1.2768709361043609,-0.27833711973632713,5.601881376393236,8.499245968056023,17.60026515140225
2020-06-12,-4.778435229118472,31.565999999999995,0.71,0.52,1.5203728669315395,6.03095108164704,11.700545049989541,7.518138497509019,25.75764581560267
2020-06-19,1.8554481638980656,33.92,0.7,0.51,1.7606319030205149,3.80567423185203,13.24417222958112,13.29033270932225,21.645135223724644
2020-06-26,-2.8630531189139496,32.786,0.64,0.47,1.778955008984117,8.709395460585267,13.88843340349657,19.14557232904741,27.66387758153721
2020-07-03,4.019872018566395,29.6275,0.68,0.52,1.9199429538599715,7.069307089782062,6.739913299935263,13.659062685517975,18.66543489145249
2020-07-10,1.7581422783052192,28.4,0.65,0.49,1.7309390758482903,5.8966310090416085,4.220666930146155,14.232475982536762,22.03394715468219
2020-07-17,1.2461363411284676,28.630000000000003,0.64,0.5,1.2401414222188376,5.3471122445904795,2.286392377510982,14.711003389182697,22.02045138529789
2020-07-24,-0.2821971982574278,25.108,0.59,0.45,1.1633498248269198,9.092468275527988,4.129518753767658,13.926667385405423,21.491281749146964
2020-07-31,1.7256412086351869,24.7,0.55,0.44,0.8761503237409778,4.764112541485965,6.298141554268577,13.398767982226056,16.509017272669468
2020-08-07,2.4505340445369006,23.178,0.57,0.44,0.7675138344266891,-0.307645392316358,3.9546092280650313,10.496885554821244,14.640970250770602
2020-08-14,0.6436367051040115,22.524,0.71,0.57,0.6894997717316393,-1.5826415466912769,2.743667588019383,11.361903423144115,16.914181588763768
2020-08-21,0.7207499221509206,22.132,0.64,0.48,0.6534020286754677,-2.9053666511268172,-3.744302725298976,12.584630414580378,15.18739767615218
2020-08-28,3.263022657871306,23.02,0.74,0.6,0.5413991964778413,-4.549305373883095,0.04076190309161287,7.4184506175841936,13.298993674423487
2020-09-04,-2.3104280946319222,28.69,0.72,0.58,0.7482121760489273,1.4642695628955371,4.6160428837626055,12.095560335996147,17.30134471976146
2020-09-11,-2.5092207441738235,29.2125,0.67,0.54,1.3084166695601158,4.275407715219992,6.482251270094341,11.17250447637792,23.580871450292328
2020-09-18,-0.6435256883040807,25.954,0.7,0.56,1.3822311978975557,4.395880160473076,9.606356730667454,17.091888537304566,26.08850966520986
2020-09-25,-0.6329326654873957,27.622000000000003,0.66,0.54,1.4702642063638849,-0.8640395923405375,12.146885546433083,19.29294654850464,26.730958428456873
2020-10-02,1.5146450625188157,26.632,0.7,0.57,1.5246443354202417,4.808835907328013,9.408617987378554,16.673238485269604,24.869939237898308
2020-10-09,3.844200360361194,27.372000000000003,0.79,0.63,1.2801223169950846,3.1062888782867226,6.6799158707138595,9.6058835734093,21.726482926115075
2020-10-16,0.1918290957997559,26.7125,0.76,0.62,1.2047336846729677,2.1163605141697017,6.2933970656397165,10.2798337678909,19.80705111521024
2020-10-23,-0.5287362314769894,28.568,0.85,0.67,1.1259311476601106,4.991074898918479,8.388094407610636,13.79210449987558,19.924741287608462
2020-10-30,-5.639478895554584,36.34,0.88,0.74,1.1937847039209168,13.12432449866936,16.96412119199424,19.66813491301471,28.56762509336437
2020-11-06,7.323636476579076,30.938,0.83,0.67,1.3749317899080626,4.38873501478223,7.374682653496056,13.252829665746635,20.528922202435762
2020-11-13,2.1573231684131056,24.75,0.89,0.72,1.4168437163301215,3.4659641340070824,7.1494937545514725,12.125579869325831,18.473147765161315
2020-11-20,-0.7701174018748924,23.162,0.83,0.67,1.4388709544050975,4.090467512196905,4.4047276896753695,16.057718517640062,17.116045063837436
2020-11-27,2.271515083637543,21.5975,0.84,0.68,1.3345744859716395,3.235531698254035,6.829468682214368,15.037588536076907,17.654983176853612
2020-12-04,1.6702631110292687,20.916,0.97,0.81,0.994286609465478,3.3943156879314706,6.372054798715543,13.004438608315505,17.658786572714735
2020-12-11,-0.964017256003924,22.016,0.9,0.79,0.7902365092065687,2.860411746814462,6.639897872331391,14.13172155442406,19.273851803454868
2020-12-18,1.2542774224865827,22.722,0.95,0.82,0.6914242755806974,3.560136564110672,2.7427540402651607,14.104404688166738,16.653598787342915
2020-12-25,-0.1711823084015518,23.5575,0.94,0.81,0.5927518960780055,0.30191062158657633,3.7504085976190815,12.713540466888373,19.139035534246474
2021-01-01,1.4315190390337795,22.575,0.93,0.8,0.5398623767027664,3.4812984685011594,4.985796753601246,10.643832187520896,17.0175126031346
2021-01-08,1.8266396002356355,24.262,1.13,0.99,0.6523261858805337,2.879983383004925,2.311831776670936,9.920566908140295,15.997157901476179
2021-01-15,-1.4754157903199785,23.442,1.11,0.98,0.6760958671491779,3.674383624693145,5.474425504212821,12.250783167750189,18.569627811318167
2021-01-22,1.9430762476779773,22.0125,1.1,0.97,0.7116609761939644,-0.7892829721593775,4.644059379480736,10.56808913773224,15.624226031943067
2021-01-29,-3.312012886709159,29.344,1.11,1.0,0.877917636905751,3.4381179328107025,11.161363173707194,12.17504001537575,21.407613106415056
2021-02-05,4.646713414976023,24.27,1.19,1.1,1.0862061659794893,1.4538842354766546,7.683385450768498,10.133453463895737,16.68712252965612
2021-02-12,1.2349395017328568,21.216,1.2,1.09,1.048222658156584,-0.5522469849347345,6.235081029646539,10.610617417663558,13.310612900711849
2021-02-19,-0.7146462904161655,21.875,1.34,1.23,0.9989782170237036,1.7362455570856472,7.025347765300616,11.847304979838547,13.471188767522557
2021-02-26,-2.446049477674006,24.948,1.44,1.3,1.0023201816875325,5.476567970086732,11.058347378394085,13.539489842394214,16.906448044165213
2021-03-05,0.8078936764876365,25.47,1.56,1.42,1.0223275813183643,7.466536896884768,8.63912922408967,14.832353091070715,13.407291772179807
2021-03-12,2.6392954609087305,22.932,1.64,1.5,1.1428626811919245,6.14022938819474,5.389334185079253,11.460327226711865,11.360921094153408
2021-03-19,-0.766862344113739,20.316,1.74,1.58,1.19102319305919,6.825018976098018,7.43680862647238,13.376093348302032,14.266694068613894
2021-03-26,1.57010911739901,19.81,1.67,1.53,1.1657259963358428,5.198837621000241,6.424645245654093,12.415523710610099,14.35033633264846
2021-04-02,1.140511296388702,19.27,1.69,1.52,0.9358809975554784,5.2919615377420515,5.661123807103685,10.492871470748156,14.56539013839211
2021-04-09,2.709781269654865,17.366,1.67,1.51,0.7767340328624761,1.0911232101300072,0.9118967352752749,9.217456173775428,13.774704693190909
2021-04-16,1.3725637676089475,16.674,1.59,1.43,0.7346394986829917,-0.7074557945123461,2.2752516582489557,8.361305730867885,11.883488766651462
2021-04-23,-0.1266355438381272,17.901999999999997,1.58,1.42,0.7073066783058054,0.5727025899347149,4.11873022132494,6.6602593065193005,12.386817970075414
2021-04-30,0.0239224724996711,17.740000000000002,1.65,1.49,0.6635037588340165,1.1652292481311166,4.505434754682747,6.02272371621464,9.888385381072817
2021-05-07,1.23004270915128,18.404,1.6,1.46,0.624086115580186,0.3506082173512448,2.2340891275344,5.26579118438133,7.225584063430612
2021-05-14,-1.3880356906983082,22.206,1.63,1.47,0.8141237173259425,-0.17729200068555828,5.700730400927911,4.3889918689010265,12.893848827421994
2021-05-21,-0.4310225320526495,20.812,1.63,1.46,0.9152902965545407,3.0039591357318374,5.760538377603797,5.666215613989101,11.183733059529422
2021-05-28,1.1610112368395376,17.619999999999997,1.58,1.44,0.9064498161706884,3.525835082555573,5.528165623830916,6.35711869093869,12.40881405925216
2021-06-04,0.6132159785514846,17.46,1.56,1.42,0.877646514730282,3.3017327508436667,5.6292209864806875,7.447232799038184,12.67858080773976
