train_loss_step,epoch,step,val_loss,val_SMAPE,val_MAE,val_RMSE,val_MAPE,train_loss_epoch,val_pred_std,val_pct_positive,val_num_unique,val_dir_acc,val_sharpe,val_composite,val_pred_std_avg,val_dir_acc_avg,val_composite_avg
1.2164990901947021,0,49,,,,,,,,,,,,,,,
,0,66,1.2470901012420654,1.2818493843078613,1.0003480911254883,1.3599493503570557,6.986729621887207,,,,,,,,,,
,0,66,,,,,,1.3040719032287598,0.01298986840993166,100.0,888.0,0.567627489566803,735.0307006835938,0.44491422176361084,0.008442900143563747,0.5662971138954163,0.4434950053691864
1.0377535820007324,1,99,,,,,,,,,,,,,,,
,1,133,0.9942437410354614,1.3269902467727661,0.8493518233299255,1.2021483182907104,3.643343210220337,,,,,,,,,,
,1,133,,,,,,1.1087974309921265,0.009847356006503105,100.0,889.0,0.567627489566803,440.30401611328125,0.44491422176361084,0.006843586917966604,0.5662971138954163,0.4434950053691864
0.9590519070625305,2,149,,,,,,,,,,,,,,,
0.7532126903533936,2,199,,,,,,,,,,,,,,,
,2,200,0.7606468200683594,1.7989050149917603,0.8290112018585205,1.166922926902771,1.2081495523452759,,,,,,,,,,
,2,200,,,,,,0.8772377967834473,0.007406177930533886,0.0,886.0,0.432372510433197,-133.447265625,0.3096592426300049,0.0054979464039206505,0.48858094215393066,0.36985406279563904
0.6745303869247437,3,249,,,,,,,,,,,,,,,
,3,267,0.6088883280754089,1.7517129182815552,0.8390088081359863,1.1737369298934937,1.4146599769592285,,,,,,,,,,
,3,267,,,,,,0.6848852634429932,0.00627611530944705,0.0,878.0,0.432372510433197,-318.12255859375,0.3096592426300049,0.004333054646849632,0.4473392367362976,0.3249903619289398
0.49410170316696167,4,299,,,,,,,,,,,,,,,
,4,334,0.5380834937095642,1.7911887168884277,0.8262999057769775,1.1652640104293823,1.2123076915740967,,,,,,,,,,
,4,334,,,,,,0.5679973363876343,0.005370395723730326,0.0,875.0,0.432372510433197,-137.6436767578125,0.3096592426300049,0.0031854421831667423,0.5074279308319092,0.3934975266456604
0.6073356866836548,5,349,,,,,,,,,,,,,,,
0.678655743598938,5,399,,,,,,,,,,,,,,,
,5,401,0.5164456963539124,1.7862300872802734,0.8233305811882019,1.1635724306106567,1.2320297956466675,,,,,,,,,,
,5,401,,,,,,0.5095958709716797,0.005285448394715786,0.0,879.0,0.432372510433197,-31.319591522216797,0.3096592426300049,0.0026835878379642963,0.5344789624214172,0.41931620240211487
0.4160779118537903,6,449,,,,,,,,,,,,,,,
,6,468,0.5094277858734131,1.7291136980056763,0.8217804431915283,1.162803053855896,1.3073639869689941,,,,,,,,,,
,6,468,,,,,,0.4867439866065979,0.006791803520172834,100.0,879.0,0.567627489566803,42.70606994628906,0.44491422176361084,0.003178264945745468,0.5662971138954163,0.4434950053691864
0.44950181245803833,7,499,,,,,,,,,,,,,,,
,7,535,0.507468044757843,1.6973320245742798,0.8211590647697449,1.1625653505325317,1.3580378293991089,,,,,,,,,,
,7,535,,,,,,0.47756510972976685,0.009559821337461472,100.0,882.0,0.567627489566803,61.49649429321289,0.44491422176361084,0.004504143260419369,0.5662971138954163,0.4434950053691864
0.4455416202545166,8,549,,,,,,,,,,,,,,,
0.5640548467636108,8,599,,,,,,,,,,,,,,,
,8,602,0.506476640701294,1.7346930503845215,0.8221514821052551,1.1629565954208374,1.296052098274231,,,,,,,,,,
,8,602,,,,,,0.47416922450065613,0.015573290176689625,96.00887298583984,892.0,0.5609756112098694,32.27879333496094,0.4508950412273407,0.00821535475552082,0.5656319260597229,0.44409307837486267
0.41082391142845154,9,649,,,,,,,,,,,,,,,
,9,669,0.5036671757698059,1.7344130277633667,0.8228626847267151,1.1635808944702148,1.3300652503967285,,,,,,,,,,
,9,669,,,,,,0.47294169664382935,0.030886519700288773,80.37693786621094,897.0,0.5310420989990234,17.71912384033203,0.4683414697647095,0.01911650411784649,0.5539911389350891,0.4520624876022339
0.5290981531143188,10,699,,,,,,,,,,,,,,,
,10,736,0.4984668791294098,1.710115671157837,0.8230481147766113,1.1639968156814575,1.3834402561187744,,,,,,,,,,
,10,736,,,,,,0.47002527117729187,0.0472501665353775,77.161865234375,887.0,0.521064281463623,13.789085388183594,0.4679180681705475,0.029111569747328758,0.5450111031532288,0.45627257227897644
0.46142712235450745,11,749,,,,,,,,,,,,,,,
0.4477597773075104,11,799,,,,,,,,,,,,,,,
,11,803,0.49405261874198914,1.6777361631393433,0.8212294578552246,1.1628698110580444,1.3775417804718018,,,,,,,,,,
,11,803,,,,,,0.46448373794555664,0.032336290925741196,90.02217102050781,891.0,0.5498891472816467,29.00147819519043,0.45844414830207825,0.018263425678014755,0.5624168515205383,0.4466211497783661
0.4927818775177002,12,849,,,,,,,,,,,,,,,
,12,870,0.49222269654273987,1.7325506210327148,0.8228623867034912,1.1635854244232178,1.272882342338562,,,,,,,,,,
,12,870,,,,,,0.46112826466560364,0.038825180381536484,78.49224090576172,897.0,0.5321508049964905,14.00187873840332,0.4743339419364929,0.025128284469246864,0.5482261776924133,0.4573158919811249
0.43266957998275757,13,899,,,,,,,,,,,,,,,
,13,937,0.48920008540153503,1.6758153438568115,0.8217053413391113,1.1635791063308716,1.4047683477401733,,,,,,,,,,
,13,937,,,,,,0.4571932256221771,0.04173006862401962,84.92239379882812,897.0,0.5432372689247131,19.03489112854004,0.4667504131793976,0.027369260787963867,0.5546563267707825,0.4537107050418854
0.4796270728111267,14,949,,,,,,,,,,,,,,,
0.4664704203605652,14,999,,,,,,,,,,,,,,,
,14,1004,0.4892975091934204,1.6965795755386353,0.8225138187408447,1.163918375968933,1.3708909749984741,,,,,,,,,,
,14,1004,,,,,,0.45482462644577026,0.043504562228918076,80.48780822753906,893.0,0.5365853905677795,13.406229972839355,0.4729327857494354,0.03090820088982582,0.5506651997566223,0.4604904353618622
0.4032328724861145,15,1049,,,,,,,,,,,,,,,
,15,1071,0.4883440136909485,1.7161089181900024,0.8223242163658142,1.1636359691619873,1.3256624937057495,,,,,,,,,,
,15,1071,,,,,,0.4521540105342865,0.03442131727933884,84.70066833496094,898.0,0.5454545617103577,14.776335716247559,0.46926021575927734,0.023744923993945122,0.5556541085243225,0.45571210980415344
0.4100049138069153,16,1099,,,,,,,,,,,,,,,
,16,1138,0.4960046708583832,1.7238401174545288,0.8230606913566589,1.1642178297042847,1.3217772245407104,,,,,,,,,,
,16,1138,,,,,,0.4504081904888153,0.03936043009161949,77.49445343017578,898.0,0.5310420989990234,9.371094703674316,0.47599509358406067,0.030872682109475136,0.5476718544960022,0.46469831466674805
0.41436782479286194,17,1149,,,,,,,,,,,,,,,
0.4529884457588196,17,1199,,,,,,,,,,,,,,,
,17,1205,0.49231722950935364,1.6774743795394897,0.8217114806175232,1.1638606786727905,1.419891595840454,,,,,,,,,,
,17,1205,,,,,,0.4493839740753174,0.03694946691393852,85.47671508789062,898.0,0.5465632081031799,17.337921142578125,0.4680931866168976,0.029499854892492294,0.5557649731636047,0.4564190208911896
0.4607694745063782,18,1249,,,,,,,,,,,,,,,
,18,1272,0.49517330527305603,1.692859411239624,0.8219895958900452,1.1638725996017456,1.375842571258545,,,,,,,,,,
,18,1272,,,,,,0.44817835092544556,0.03348620980978012,89.0243911743164,899.0,0.5576496720314026,19.183156967163086,0.4676961898803711,0.02744942344725132,0.5586474537849426,0.45638105273246765
0.4353155195713043,19,1299,,,,,,,,,,,,,,,
,19,1339,0.4946962296962738,1.6754409074783325,0.821331799030304,1.1636381149291992,1.3868740797042847,,,,,,,,,,
,19,1339,,,,,,0.4464125335216522,0.03223618492484093,92.35033416748047,898.0,0.5576496720314026,24.668800354003906,0.4584226608276367,0.02668512426316738,0.5606430172920227,0.45354676246643066
0.5103263854980469,20,1349,,,,,,,,,,,,,,,
0.44044026732444763,20,1399,,,,,,,,,,,,,,,
,20,1406,0.49631091952323914,1.658116340637207,0.8206323385238647,1.163362979888916,1.4117703437805176,,,,,,,,,,
,20,1406,,,,,,0.44512489438056946,0.02983393333852291,94.90022277832031,899.0,0.5587583184242249,32.3631477355957,0.4522101581096649,0.02522619441151619,0.5633037686347961,0.4517301321029663
0.4056687355041504,21,1449,,,,,,,,,,,,,,,
,21,1473,0.4922510087490082,1.7029165029525757,0.8212844729423523,1.1631299257278442,1.311489462852478,,,,,,,,,,
,21,1473,,,,,,0.44488459825515747,0.027108069509267807,95.1219482421875,900.0,0.5609756112098694,28.625654220581055,0.4533827304840088,0.023116491734981537,0.564190685749054,0.4521307051181793
0.48111242055892944,22,1499,,,,,,,,,,,,,,,
,22,1540,0.4912196397781372,1.6798243522644043,0.8206990957260132,1.1629258394241333,1.3604648113250732,,,,,,,,,,
,22,1540,,,,,,0.444521427154541,0.02655818499624729,96.34146118164062,897.0,0.5665188431739807,34.235992431640625,0.4544084072113037,0.022477151826024055,0.5645232796669006,0.4510570168495178
0.41639286279678345,23,1549,,,,,,,,,,,,,,,
0.4708193838596344,23,1599,,,,,,,,,,,,,,,
,23,1607,0.49704137444496155,1.661592721939087,0.8203980326652527,1.1630768775939941,1.404071569442749,,,,,,,,,,
,23,1607,,,,,,0.4439754784107208,0.027427539229393005,96.34146118164062,897.0,0.5665188431739807,37.498836517333984,0.4544084072113037,0.023381393402814865,0.5647450089454651,0.45091986656188965
0.4220871925354004,24,1649,,,,,,,,,,,,,,,
,24,1674,0.4944840967655182,1.6741251945495605,0.8205358386039734,1.1629408597946167,1.3695236444473267,,,,,,,,,,
,24,1674,,,,,,0.44340288639068604,0.02738366648554802,96.23059844970703,898.0,0.567627489566803,35.80485916137695,0.45561230182647705,0.023389099165797234,0.5648558735847473,0.451605886220932
0.40655285120010376,25,1699,,,,,,,,,,,,,,,
,25,1741,0.49355968832969666,1.6816984415054321,0.8205199837684631,1.162805199623108,1.346286416053772,,,,,,,,,,
,25,1741,,,,,,0.4433821737766266,0.027394553646445274,96.45233154296875,896.0,0.5654101967811584,35.40275955200195,0.45320573449134827,0.023371178656816483,0.5648558735847473,0.4506640136241913
0.35789594054222107,26,1749,,,,,,,,,,,,,,,
0.4981459081172943,26,1799,,,,,,,,,,,,,,,
,26,1808,0.493469774723053,1.6765958070755005,0.8204825520515442,1.1628644466400146,1.358502745628357,,,,,,,,,,
,26,1808,,,,,,0.44268032908439636,0.02762586809694767,96.45233154296875,890.0,0.5654101967811584,36.80229187011719,0.45320573449134827,0.023520488291978836,0.5643015503883362,0.45075491070747375
0.481483519077301,27,1849,,,,,,,,,,,,,,,
,27,1875,0.49314048886299133,1.6860463619232178,0.8207454681396484,1.162939429283142,1.339111089706421,,,,,,,,,,
,27,1875,,,,,,0.4419715106487274,0.02796831913292408,96.34146118164062,895.0,0.5665188431739807,34.71379852294922,0.4544084072113037,0.023860197514295578,0.5646341443061829,0.45155081152915955
0.4008367657661438,28,1899,,,,,,,,,,,,,,,
,28,1942,0.4934561252593994,1.6639747619628906,0.8202829360961914,1.1628915071487427,1.38888680934906,,,,,,,,,,
,28,1942,,,,,,0.44187965989112854,0.028242958709597588,96.45233154296875,893.0,0.5654101967811584,39.103370666503906,0.45320573449134827,0.024053189903497696,0.5644124150276184,0.45087382197380066
0.45872706174850464,29,1949,,,,,,,,,,,,,,,
0.3963942229747772,29,1999,,,,,,,,,,,,,,,
,29,2009,0.4920564293861389,1.6695548295974731,0.8204280734062195,1.1628830432891846,1.3776681423187256,,,,,,,,,,
,29,2009,,,,,,0.441998690366745,0.02823987416923046,96.56319427490234,896.0,0.5643015503883362,38.419219970703125,0.4520042836666107,0.02384488843381405,0.5643015503883362,0.45075368881225586
0.4264143407344818,30,2049,,,,,,,,,,,,,,,
,30,2076,0.49097803235054016,1.6708635091781616,0.8203660845756531,1.162795901298523,1.3693499565124512,,,,,,,,,,
,30,2076,,,,,,0.4413534700870514,0.02788945473730564,96.67405700683594,899.0,0.5654101967811584,38.83341598510742,0.45257890224456787,0.023614417761564255,0.5646341443061829,0.4507389962673187
0.5067847967147827,31,2099,,,,,,,,,,,,,,,
,31,2143,0.49178171157836914,1.683103084564209,0.8206201195716858,1.1627938747406006,1.3452351093292236,,,,,,,,,,
,31,2143,,,,,,0.44172659516334534,0.027491841465234756,96.67405700683594,897.0,0.5654101967811584,37.73597717285156,0.45257890224456787,0.023153338581323624,0.5645232796669006,0.45061957836151123
0.4760894775390625,32,2149,,,,,,,,,,,,,,,
0.44739770889282227,32,2199,,,,,,,,,,,,,,,
,32,2210,0.49126842617988586,1.6708548069000244,0.8203949332237244,1.162806749343872,1.3723002672195435,,,,,,,,,,
,32,2210,,,,,,0.44155627489089966,0.027248969301581383,96.67405700683594,894.0,0.5654101967811584,39.795867919921875,0.45257890224456787,0.02304394170641899,0.5644124150276184,0.4506244361400604
0.4641866683959961,33,2249,,,,,,,,,,,,,,,
,33,2277,0.49195989966392517,1.6835827827453613,0.8207542300224304,1.1628726720809937,1.3510364294052124,,,,,,,,,,
,33,2277,,,,,,0.44085395336151123,0.027115872129797935,96.56319427490234,897.0,0.5643015503883362,37.54903030395508,0.4520042836666107,0.022902050986886024,0.5645232796669006,0.4511176347732544
0.3837042450904846,34,2299,,,,,,,,,,,,,,,
,34,2344,0.49238884449005127,1.6901503801345825,0.8209197521209717,1.1629129648208618,1.3372632265090942,,,,,,,,,,
,34,2344,,,,,,0.44071412086486816,0.027418848127126694,96.56319427490234,896.0,0.5643015503883362,36.325721740722656,0.4520042836666107,0.023222362622618675,0.564190685749054,0.4509463310241699
0.45001736283302307,35,2349,,,,,,,,,,,,,,,
0.47467660903930664,35,2399,,,,,,,,,,,,,,,
,35,2411,0.48911798000335693,1.6919485330581665,0.8208845257759094,1.162774682044983,1.3297603130340576,,,,,,,,,,
,35,2411,,,,,,0.4414201080799103,0.02688298001885414,96.89579010009766,893.0,0.567627489566803,36.70973205566406,0.4537244141101837,0.02237173728644848,0.5646341443061829,0.45055094361305237
0.43612948060035706,36,2449,,,,,,,,,,,,,,,
,36,2478,0.49023371934890747,1.6931089162826538,0.8209465742111206,1.16285240650177,1.3266139030456543,,,,,,,,,,
,36,2478,,,,,,0.44096699357032776,0.02716212347149849,96.67405700683594,900.0,0.5654101967811584,36.13434600830078,0.45257890224456787,0.023020680993795395,0.5644124150276184,0.45106127858161926
0.4737915098667145,37,2499,,,,,,,,,,,,,,,
,37,2545,0.4904261827468872,1.6744575500488281,0.8205865025520325,1.1628305912017822,1.3696788549423218,,,,,,,,,,
,37,2545,,,,,,0.4400021433830261,0.027002738788723946,96.67405700683594,895.0,0.5654101967811584,39.56970977783203,0.45257890224456787,0.023114437237381935,0.5645232796669006,0.45111873745918274
0.4237169325351715,38,2549,,,,,,,,,,,,,,,
0.44136619567871094,38,2599,,,,,,,,,,,,,,,
,38,2612,0.4891725480556488,1.686847448348999,0.8208064436912537,1.1627997159957886,1.338395118713379,,,,,,,,,,
,38,2612,,,,,,0.44070306420326233,0.026949508115649223,96.67405700683594,894.0,0.5654101967811584,37.33967590332031,0.45257890224456787,0.02313951775431633,0.5644124150276184,0.4512485861778259
0.4181472361087799,39,2649,,,,,,,,,,,,,,,
,39,2679,0.4898674488067627,1.672616720199585,0.820497989654541,1.1627883911132812,1.3689305782318115,,,,,,,,,,
,39,2679,,,,,,0.44085201621055603,0.027198556810617447,96.67405700683594,896.0,0.5654101967811584,39.60340118408203,0.45257890224456787,0.023403489962220192,0.5647450089454651,0.4514203369617462
0.4061599671840668,40,2699,,,,,,,,,,,,,,,
,40,2746,0.4897392690181732,1.6835510730743408,0.82072913646698,1.1628069877624512,1.3442866802215576,,,,,,,,,,
,40,2746,,,,,,0.44128626585006714,0.02734663337469101,96.67405700683594,893.0,0.5654101967811584,37.46082305908203,0.45257890224456787,0.02350562810897827,0.564190685749054,0.4511340260505676
0.43039870262145996,41,2749,,,,,,,,,,,,,,,
0.414372980594635,41,2799,,,,,,,,,,,,,,,
,41,2813,0.4897342920303345,1.6844803094863892,0.8207992315292358,1.1628477573394775,1.3453534841537476,,,,,,,,,,
,41,2813,,,,,,0.43931907415390015,0.027202287688851357,96.67405700683594,896.0,0.5654101967811584,37.4423713684082,0.45257890224456787,0.023273702710866928,0.5644124150276184,0.4512489438056946
0.3937554955482483,42,2849,,,,,,,,,,,,,,,
,42,2880,0.49024489521980286,1.673270583152771,0.8205291032791138,1.1627949476242065,1.3706835508346558,,,,,,,,,,
,42,2880,,,,,,0.4408540427684784,0.027246728539466858,96.67405700683594,897.0,0.5654101967811584,39.65462112426758,0.45257890224456787,0.02329845353960991,0.5646341443061829,0.4512382447719574
0.4330666661262512,43,2899,,,,,,,,,,,,,,,
,43,2947,0.4895670413970947,1.6795201301574707,0.8206688761711121,1.1628185510635376,1.3545565605163574,,,,,,,,,,
,43,2947,,,,,,0.4392160475254059,0.027253011241555214,96.67405700683594,892.0,0.5654101967811584,38.29136276245117,0.45257890224456787,0.023482730612158775,0.5643015503883362,0.45112892985343933
0.4329683184623718,44,2949,,,,,,,,,,,,,,,
0.40182819962501526,44,2999,,,,,,,,,,,,,,,
,44,3014,0.49022427201271057,1.685498833656311,0.8208135962486267,1.1628423929214478,1.3435235023498535,,,,,,,,,,
,44,3014,,,,,,0.43967148661613464,0.02733645774424076,96.67405700683594,889.0,0.5654101967811584,37.29960250854492,0.45257890224456787,0.02338460646569729,0.5643015503883362,0.45112892985343933
0.45939379930496216,45,3049,,,,,,,,,,,,,,,
,45,3081,0.4885246753692627,1.6823539733886719,0.8207337260246277,1.162790060043335,1.3493435382843018,,,,,,,,,,
,45,3081,,,,,,0.4398776590824127,0.026580147445201874,96.78491973876953,897.0,0.5665188431739807,38.90087890625,0.45315226912498474,0.022776227444410324,0.5645232796669006,0.4510553181171417
0.38664525747299194,46,3099,,,,,,,,,,,,,,,
,46,3148,0.4897838830947876,1.6879173517227173,0.8208786845207214,1.1628490686416626,1.3386551141738892,,,,,,,,,,
,46,3148,,,,,,0.44037899374961853,0.026838643476366997,96.67405700683594,894.0,0.5654101967811584,37.47127151489258,0.45257890224456787,0.0232210922986269,0.5643015503883362,0.4512541592121124
0.42526474595069885,47,3149,,,,,,,,,,,,,,,
0.42249980568885803,47,3199,,,,,,,,,,,,,,,
,47,3215,0.4897828996181488,1.683939814567566,0.8207300305366516,1.162786841392517,1.3442904949188232,,,,,,,,,,
,47,3215,,,,,,0.4399060904979706,0.02720574103295803,96.67405700683594,898.0,0.5654101967811584,37.95281219482422,0.45257890224456787,0.023471524938941002,0.5644124150276184,0.4511863887310028
0.43467968702316284,48,3249,,,,,,,,,,,,,,,
,48,3282,0.4898202419281006,1.683851957321167,0.8207418322563171,1.1628029346466064,1.3445194959640503,,,,,,,,,,
,48,3282,,,,,,0.4404257535934448,0.02715308591723442,96.67405700683594,894.0,0.5654101967811584,38.02845764160156,0.45257890224456787,0.023453114554286003,0.5644124150276184,0.4511863887310028
0.43616971373558044,49,3299,,,,,,,,,,,,,,,
0.40331417322158813,49,3349,,,,,,,,,,,,,,,
,49,3349,0.4899938404560089,1.679652452468872,0.820632815361023,1.1627821922302246,1.3532384634017944,,,,,,,,,,
,49,3349,,,,,,0.4400344789028168,0.027285441756248474,96.67405700683594,899.0,0.5654101967811584,38.706214904785156,0.45257890224456787,0.023627223446965218,0.5643015503883362,0.45106637477874756
0.4027790129184723,50,3399,,,,,,,,,,,,,,,
,50,3416,0.48980897665023804,1.6788647174835205,0.8206194639205933,1.1627838611602783,1.3544623851776123,,,,,,,,,,
,50,3416,,,,,,0.4392738342285156,0.027236245572566986,96.78491973876953,893.0,0.5665188431739807,38.78483581542969,0.45315226912498474,0.023606713861227036,0.5644124150276184,0.4511237144470215
0.3864942789077759,51,3449,,,,,,,,,,,,,,,
,51,3483,0.4899626672267914,1.6760426759719849,0.8205501437187195,1.162770390510559,1.360421895980835,,,,,,,,,,
,51,3483,,,,,,0.4393996000289917,0.02733822725713253,96.78491973876953,894.0,0.5665188431739807,39.149898529052734,0.45315226912498474,0.023788239806890488,0.5644124150276184,0.4511237144470215
0.429813951253891,52,3499,,,,,,,,,,,,,,,
0.3991495668888092,52,3549,,,,,,,,,,,,,,,
,52,3550,0.4897553026676178,1.6765683889389038,0.8205641508102417,1.1627730131149292,1.3590619564056396,,,,,,,,,,
,52,3550,,,,,,0.43954968452453613,0.027286620810627937,96.78491973876953,897.0,0.5665188431739807,39.08430862426758,0.45315226912498474,0.023790085688233376,0.5644124150276184,0.4511237144470215
0.41119733452796936,53,3599,,,,,,,,,,,,,,,
,53,3617,0.4901595115661621,1.6763619184494019,0.8205651640892029,1.1627799272537231,1.3605092763900757,,,,,,,,,,
,53,3617,,,,,,0.4390931725502014,0.027293359860777855,96.78491973876953,894.0,0.5665188431739807,39.11542892456055,0.45315226912498474,0.023863689973950386,0.5643015503883362,0.4510664939880371
0.3703576326370239,54,3649,,,,,,,,,,,,,,,
,54,3684,0.48995423316955566,1.6838983297348022,0.8207326531410217,1.1627998352050781,1.3435767889022827,,,,,,,,,,
,54,3684,,,,,,0.4397270679473877,0.027313144877552986,96.67405700683594,898.0,0.5654101967811584,37.77382278442383,0.45257890224456787,0.023746807128190994,0.5643015503883362,0.45112892985343933
0.4784741997718811,55,3699,,,,,,,,,,,,,,,
0.41815415024757385,55,3749,,,,,,,,,,,,,,,
,55,3751,0.4900296628475189,1.6772688627243042,0.8205921649932861,1.1627943515777588,1.3578342199325562,,,,,,,,,,
,55,3751,,,,,,0.43914926052093506,0.027360934764146805,96.78491973876953,896.0,0.5665188431739807,38.790462493896484,0.45315226912498474,0.0238884836435318,0.5644124150276184,0.4511237144470215
0.46961531043052673,56,3799,,,,,,,,,,,,,,,
,56,3818,0.4895845949649811,1.68247652053833,0.8207073211669922,1.1627910137176514,1.3477556705474854,,,,,,,,,,
,56,3818,,,,,,0.44020533561706543,0.027067968621850014,96.89579010009766,898.0,0.567627489566803,38.32489013671875,0.4537244141101837,0.023473890498280525,0.5647450089454651,0.4512957036495209
0.4192325174808502,57,3849,,,,,,,,,,,,,,,
,57,3885,0.48969101905822754,1.682632327079773,0.8207247853279114,1.1627997159957886,1.3486237525939941,,,,,,,,,,
,57,3885,,,,,,0.4397209882736206,0.02701197750866413,96.89579010009766,898.0,0.567627489566803,38.36090087890625,0.4537244141101837,0.023455029353499413,0.5647450089454651,0.4512957036495209
0.4106791615486145,58,3899,,,,,,,,,,,,,,,
0.430544376373291,58,3949,,,,,,,,,,,,,,,
,58,3952,0.48969972133636475,1.679308533668518,0.8206541538238525,1.162796139717102,1.3553073406219482,,,,,,,,,,
,58,3952,,,,,,0.4397515058517456,0.026994382962584496,96.89579010009766,896.0,0.567627489566803,38.923248291015625,0.4537244141101837,0.023513222113251686,0.5647450089454651,0.4512957036495209
0.4089888036251068,59,3999,,,,,,,,,,,,,,,
,59,4019,0.4902024567127228,1.6794763803482056,0.8206603527069092,1.1628049612045288,1.3554104566574097,,,,,,,,,,
,59,4019,,,,,,0.4396473169326782,0.027103455737233162,96.89579010009766,897.0,0.567627489566803,38.798683166503906,0.4537244141101837,0.023621797561645508,0.5645232796669006,0.45118117332458496
0.37795490026474,60,4049,,,,,,,,,,,,,,,
,60,4086,0.4901506304740906,1.6816084384918213,0.8207012414932251,1.1628047227859497,1.3504958152770996,,,,,,,,,,
,60,4086,,,,,,0.4399982988834381,0.027124682441353798,96.89579010009766,890.0,0.567627489566803,38.41728210449219,0.4537244141101837,0.023563455790281296,0.5647450089454651,0.4512957036495209
0.4224461615085602,61,4099,,,,,,,,,,,,,,,
0.39147016406059265,61,4149,,,,,,,,,,,,,,,
,61,4153,0.48993149399757385,1.6799982786178589,0.820677638053894,1.1628128290176392,1.3537418842315674,,,,,,,,,,
,61,4153,,,,,,0.43921220302581787,0.027153510600328445,96.89579010009766,897.0,0.567627489566803,38.55488586425781,0.4537244141101837,0.023676522076129913,0.5645232796669006,0.45118117332458496
0.4075504243373871,62,4199,,,,,,,,,,,,,,,
,62,4220,0.489982545375824,1.6816028356552124,0.8207079172134399,1.1628159284591675,1.3498620986938477,,,,,,,,,,
,62,4220,,,,,,0.4395717680454254,0.027189169079065323,96.89579010009766,897.0,0.567627489566803,38.227962493896484,0.4537244141101837,0.023737404495477676,0.5645232796669006,0.45118117332458496
0.4850899279117584,63,4249,,,,,,,,,,,,,,,
,63,4287,0.48994481563568115,1.6764682531356812,0.8205889463424683,1.162793755531311,1.3612549304962158,,,,,,,,,,
,63,4287,,,,,,0.439044326543808,0.027202587574720383,97.00665283203125,892.0,0.5665188431739807,39.216556549072266,0.45252421498298645,0.02375430427491665,0.5644124150276184,0.450998455286026
0.4433191418647766,64,4299,,,,,,,,,,,,,,,
0.4070765972137451,64,4349,,,,,,,,,,,,,,,
,64,4354,0.4902080297470093,1.6790789365768433,0.8206470608711243,1.162811040878296,1.3549398183822632,,,,,,,,,,
,64,4354,,,,,,0.43942272663116455,0.027324505150318146,96.89579010009766,893.0,0.567627489566803,38.533241271972656,0.4537244141101837,0.023877913132309914,0.5646341443061829,0.4512385129928589
0.3900917172431946,65,4399,,,,,,,,,,,,,,,
,65,4421,0.48996275663375854,1.6759790182113647,0.8205768465995789,1.1627929210662842,1.362237811088562,,,,,,,,,,
,65,4421,,,,,,0.4395331144332886,0.027201347053050995,97.00665283203125,888.0,0.5665188431739807,39.28285217285156,0.45252421498298645,0.0237995944917202,0.5643015503883362,0.45087844133377075
0.5100396871566772,66,4449,,,,,,,,,,,,,,,
,66,4488,0.4899667501449585,1.6774790287017822,0.8206162452697754,1.1628036499023438,1.3590489625930786,,,,,,,,,,
,66,4488,,,,,,0.4386788606643677,0.027214832603931427,96.89579010009766,898.0,0.567627489566803,38.95024108886719,0.4537244141101837,0.023839622735977173,0.5646341443061829,0.4512385129928589
0.37441903352737427,67,4499,,,,,,,,,,,,,,,
0.3974241018295288,67,4549,,,,,,,,,,,,,,,
,67,4555,0.4900309145450592,1.6773600578308105,0.8206085562705994,1.1627981662750244,1.359352946281433,,,,,,,,,,
,67,4555,,,,,,0.4394380748271942,0.027248602360486984,97.00665283203125,892.0,0.5665188431739807,38.992183685302734,0.45252421498298645,0.023825272917747498,0.5643015503883362,0.45087844133377075
0.41639918088912964,68,4599,,,,,,,,,,,,,,,
,68,4622,0.4900529980659485,1.677033543586731,0.8206058144569397,1.1628047227859497,1.359895944595337,,,,,,,,,,
,68,4622,,,,,,0.43926766514778137,0.027256079018115997,97.00665283203125,898.0,0.5665188431739807,39.002037048339844,0.45252421498298645,0.023876212537288666,0.5644124150276184,0.450998455286026
0.4639054238796234,69,4649,,,,,,,,,,,,,,,
,69,4689,0.49008795619010925,1.6770036220550537,0.820611298084259,1.162807583808899,1.3605204820632935,,,,,,,,,,
,69,4689,,,,,,0.4398784041404724,0.0272452924400568,96.89579010009766,896.0,0.567627489566803,39.0256462097168,0.4537244141101837,0.023873867467045784,0.5645232796669006,0.45111846923828125
0.39955243468284607,70,4699,,,,,,,,,,,,,,,
0.4588823914527893,70,4749,,,,,,,,,,,,,,,
,70,4756,0.4900713562965393,1.6758791208267212,0.8205819725990295,1.1628013849258423,1.3627570867538452,,,,,,,,,,
,70,4756,,,,,,0.4396781921386719,0.02724563702940941,97.00665283203125,899.0,0.5665188431739807,39.269710540771484,0.45252421498298645,0.023838814347982407,0.5643015503883362,0.45087844133377075
0.4190242290496826,71,4799,,,,,,,,,,,,,,,
,71,4823,0.4901078939437866,1.6763662099838257,0.8205914497375488,1.1628056764602661,1.361207365989685,,,,,,,,,,
,71,4823,,,,,,0.43913447856903076,0.02731824479997158,97.00665283203125,895.0,0.5665188431739807,39.065399169921875,0.45252421498298645,0.023915881291031837,0.5643015503883362,0.45087844133377075
0.43140944838523865,72,4849,,,,,,,,,,,,,,,
,72,4890,0.4901844561100006,1.678662896156311,0.820630669593811,1.1628066301345825,1.355478048324585,,,,,,,,,,
,72,4890,,,,,,0.43885987997055054,0.027414988726377487,97.00665283203125,893.0,0.5665188431739807,38.574729919433594,0.45252421498298645,0.023966370150446892,0.5643015503883362,0.45087844133377075
0.4857499599456787,73,4899,,,,,,,,,,,,,,,
0.43209466338157654,73,4949,,,,,,,,,,,,,,,
,73,4957,0.4898297190666199,1.6774961948394775,0.8206076622009277,1.1628013849258423,1.3579622507095337,,,,,,,,,,
,73,4957,,,,,,0.4386155307292938,0.027305999770760536,97.00665283203125,897.0,0.5665188431739807,38.86376953125,0.45252421498298645,0.02392282895743847,0.5643015503883362,0.45087844133377075
0.4740610718727112,74,4999,,,,,,,,,,,,,,,
,74,5024,0.4900011718273163,1.6787973642349243,0.8206434845924377,1.162812352180481,1.3556804656982422,,,,,,,,,,
,74,5024,,,,,,0.43916359543800354,0.027347508817911148,97.00665283203125,896.0,0.5665188431739807,38.603118896484375,0.45252421498298645,0.023932579904794693,0.5643015503883362,0.45087844133377075
0.5027919411659241,75,5049,,,,,,,,,,,,,,,
,75,5091,0.48984494805336,1.6770250797271729,0.8206033706665039,1.162805438041687,1.3593250513076782,,,,,,,,,,
,75,5091,,,,,,0.43961694836616516,0.02733255922794342,97.00665283203125,893.0,0.5665188431739807,38.939083099365234,0.45252421498298645,0.023929011076688766,0.5643015503883362,0.45087844133377075
0.4868171811103821,76,5099,,,,,,,,,,,,,,,
0.4128720164299011,76,5149,,,,,,,,,,,,,,,
,76,5158,0.4898635149002075,1.6769627332687378,0.8205941319465637,1.162796139717102,1.3594247102737427,,,,,,,,,,
,76,5158,,,,,,0.4396541118621826,0.027355428785085678,97.00665283203125,896.0,0.5665188431739807,38.951416015625,0.45252421498298645,0.023941289633512497,0.5643015503883362,0.45087844133377075
0.4074295163154602,77,5199,,,,,,,,,,,,,,,
,77,5225,0.49004900455474854,1.6773254871368408,0.8206027746200562,1.1628010272979736,1.3585541248321533,,,,,,,,,,
,77,5225,,,,,,0.43952128291130066,0.027365457266569138,97.00665283203125,892.0,0.5665188431739807,38.898189544677734,0.45252421498298645,0.02393253520131111,0.5643015503883362,0.45087844133377075
0.4785653054714203,78,5249,,,,,,,,,,,,,,,
,78,5292,0.4899526536464691,1.6757454872131348,0.8205649852752686,1.1627933979034424,1.361798644065857,,,,,,,,,,
,78,5292,,,,,,0.43969160318374634,0.027345772832632065,97.00665283203125,896.0,0.5665188431739807,39.212379455566406,0.45252421498298645,0.023921338841319084,0.5643015503883362,0.45087844133377075
0.5105707049369812,79,5299,,,,,,,,,,,,,,,
0.4422157406806946,79,5349,,,,,,,,,,,,,,,
,79,5359,0.4899897873401642,1.6776390075683594,0.8206100463867188,1.16280198097229,1.3578492403030396,,,,,,,,,,
,79,5359,,,,,,0.43952104449272156,0.027361813932657242,97.00665283203125,891.0,0.5665188431739807,38.83864212036133,0.45252421498298645,0.023966530337929726,0.5643015503883362,0.45087844133377075
0.38794782757759094,80,5399,,,,,,,,,,,,,,,
,80,5426,0.49007922410964966,1.676665186882019,0.8205898404121399,1.162800908088684,1.3600263595581055,,,,,,,,,,
,80,5426,,,,,,0.4397372603416443,0.027345402166247368,97.00665283203125,898.0,0.5665188431739807,39.050209045410156,0.45252421498298645,0.023948315531015396,0.5643015503883362,0.45087844133377075
0.47137969732284546,81,5449,,,,,,,,,,,,,,,
,81,5493,0.48987865447998047,1.6762375831604004,0.8205792307853699,1.1627970933914185,1.3606553077697754,,,,,,,,,,
,81,5493,,,,,,0.4387969374656677,0.02725503221154213,97.00665283203125,894.0,0.5665188431739807,39.24237060546875,0.45252421498298645,0.023886989802122116,0.5643015503883362,0.45087844133377075
0.49325305223464966,82,5499,,,,,,,,,,,,,,,
0.44384241104125977,82,5549,,,,,,,,,,,,,,,
,82,5560,0.4898604452610016,1.6773167848587036,0.8205959796905518,1.1627936363220215,1.358005404472351,,,,,,,,,,
,82,5560,,,,,,0.4393785297870636,0.027298331260681152,97.00665283203125,895.0,0.5665188431739807,39.034149169921875,0.45252421498298645,0.0238767359405756,0.5643015503883362,0.45087844133377075
0.48281121253967285,83,5599,,,,,,,,,,,,,,,
,83,5627,0.48998913168907166,1.6773302555084229,0.8206015825271606,1.162798523902893,1.3584431409835815,,,,,,,,,,
,83,5627,,,,,,0.44004037976264954,0.027285734191536903,97.00665283203125,894.0,0.5665188431739807,39.0362663269043,0.45252421498298645,0.02390635386109352,0.5643015503883362,0.45087844133377075
0.4338189959526062,84,5649,,,,,,,,,,,,,,,
,84,5694,0.49007174372673035,1.6783778667449951,0.8206263780593872,1.162805199623108,1.3560805320739746,,,,,,,,,,
,84,5694,,,,,,0.43920761346817017,0.027323642745614052,97.00665283203125,897.0,0.5665188431739807,38.762691497802734,0.45252421498298645,0.023956753313541412,0.5643015503883362,0.45087844133377075
0.4338652193546295,85,5699,,,,,,,,,,,,,,,
0.4591448903083801,85,5749,,,,,,,,,,,,,,,
,85,5761,0.4899776875972748,1.6808114051818848,0.8206709027290344,1.1628031730651855,1.3503000736236572,,,,,,,,,,
,85,5761,,,,,,0.43971359729766846,0.02729862742125988,97.00665283203125,900.0,0.5665188431739807,38.40034866333008,0.45252421498298645,0.02388790436089039,0.5643015503883362,0.45087844133377075
0.4034888744354248,86,5799,,,,,,,,,,,,,,,
,86,5828,0.4900586009025574,1.6789071559906006,0.820634663105011,1.1628031730651855,1.3548359870910645,,,,,,,,,,
,86,5828,,,,,,0.43931901454925537,0.0273580439388752,97.00665283203125,897.0,0.5665188431739807,38.613101959228516,0.45252421498298645,0.02399614453315735,0.5643015503883362,0.45087844133377075
0.4237435460090637,87,5849,,,,,,,,,,,,,,,
,87,5895,0.4899016320705414,1.678484559059143,0.8206202983856201,1.1627968549728394,1.3553744554519653,,,,,,,,,,
,87,5895,,,,,,0.43895095586776733,0.027325697243213654,97.00665283203125,891.0,0.5665188431739807,38.73768997192383,0.45252421498298645,0.023975450545549393,0.5643015503883362,0.45087844133377075
0.417916864156723,88,5899,,,,,,,,,,,,,,,
0.4443107545375824,88,5949,,,,,,,,,,,,,,,
,88,5962,0.489920049905777,1.6775718927383423,0.820601224899292,1.1627936363220215,1.3577136993408203,,,,,,,,,,
,88,5962,,,,,,0.43892449140548706,0.027278626337647438,97.00665283203125,892.0,0.5665188431739807,38.99518585205078,0.45252421498298645,0.02393598109483719,0.5643015503883362,0.45087844133377075
0.43741607666015625,89,5999,,,,,,,,,,,,,,,
,89,6029,0.4900016486644745,1.6783636808395386,0.8206226825714111,1.1628013849258423,1.3560805320739746,,,,,,,,,,
,89,6029,,,,,,0.43892794847488403,0.02730843797326088,97.00665283203125,892.0,0.5665188431739807,38.822166442871094,0.45252421498298645,0.02396562322974205,0.5643015503883362,0.45087844133377075
0.4686886668205261,90,6049,,,,,,,,,,,,,,,
,90,6096,0.48979464173316956,1.677868366241455,0.8206071257591248,1.1627964973449707,1.3564471006393433,,,,,,,,,,
,90,6096,,,,,,0.4391802251338959,0.027300143614411354,97.00665283203125,897.0,0.5665188431739807,38.918453216552734,0.45252421498298645,0.02394993230700493,0.5643015503883362,0.45087844133377075
0.4557131826877594,91,6099,,,,,,,,,,,,,,,
0.4680418074131012,91,6149,,,,,,,,,,,,,,,
,91,6163,0.49009621143341064,1.6762375831604004,0.8205770254135132,1.1628038883209229,1.3601967096328735,,,,,,,,,,
,91,6163,,,,,,0.4392892122268677,0.027415167540311813,97.00665283203125,897.0,0.5665188431739807,39.018310546875,0.45252421498298645,0.024134092032909393,0.5643015503883362,0.45087844133377075
0.46466755867004395,92,6199,,,,,,,,,,,,,,,
,92,6230,0.48986542224884033,1.6773093938827515,0.8205878138542175,1.1627954244613647,1.356994867324829,,,,,,,,,,
,92,6230,,,,,,0.4392482340335846,0.027387836948037148,97.00665283203125,891.0,0.5665188431739807,38.88718032836914,0.45252421498298645,0.024068156257271767,0.5643015503883362,0.45087844133377075
0.44328469038009644,93,6249,,,,,,,,,,,,,,,
,93,6297,0.4900458753108978,1.67758047580719,0.8206034898757935,1.1628096103668213,1.3566914796829224,,,,,,,,,,
,93,6297,,,,,,0.43834900856018066,0.027458976954221725,97.00665283203125,895.0,0.5665188431739807,38.702449798583984,0.45252421498298645,0.024163231253623962,0.5643015503883362,0.4509413540363312
0.40984782576560974,94,6299,,,,,,,,,,,,,,,
0.4260109066963196,94,6349,,,,,,,,,,,,,,,
,94,6364,0.4900311827659607,1.678134799003601,0.8206068873405457,1.1628061532974243,1.3547786474227905,,,,,,,,,,
,94,6364,,,,,,0.4392796456813812,0.02748475968837738,97.00665283203125,900.0,0.5665188431739807,38.5968132019043,0.45252421498298645,0.024161916226148605,0.5643015503883362,0.45087844133377075
0.41383305191993713,95,6399,,,,,,,,,,,,,,,
,95,6431,0.4897313117980957,1.6792250871658325,0.8206307291984558,1.1628057956695557,1.3520830869674683,,,,,,,,,,
,95,6431,,,,,,0.43805861473083496,0.027417639270424843,97.00665283203125,894.0,0.5665188431739807,38.4778938293457,0.45252421498298645,0.02407769486308098,0.5643015503883362,0.45087844133377075
0.3802538216114044,96,6449,,,,,,,,,,,,,,,
,96,6498,0.4897230267524719,1.6785610914230347,0.8206103444099426,1.1627954244613647,1.353598952293396,,,,,,,,,,
,96,6498,,,,,,0.43856167793273926,0.02739572338759899,97.00665283203125,895.0,0.5665188431739807,38.686649322509766,0.45252421498298645,0.024042828008532524,0.5643015503883362,0.45087844133377075
0.39297038316726685,97,6499,,,,,,,,,,,,,,,
0.431734561920166,97,6549,,,,,,,,,,,,,,,
,97,6565,0.48993536829948425,1.6782901287078857,0.820611834526062,1.1628000736236572,1.3550060987472534,,,,,,,,,,
,97,6565,,,,,,0.4391871392726898,0.027401652187108994,97.00665283203125,892.0,0.5665188431739807,38.70719528198242,0.45252421498298645,0.024086182937026024,0.5643015503883362,0.45087844133377075
0.4486715793609619,98,6599,,,,,,,,,,,,,,,
,98,6632,0.4900412857532501,1.6791094541549683,0.8206399083137512,1.1628155708312988,1.3535537719726562,,,,,,,,,,
,98,6632,,,,,,0.43855106830596924,0.027439679950475693,97.00665283203125,891.0,0.5665188431739807,38.46726608276367,0.45252421498298645,0.024152006953954697,0.564190685749054,0.4508838951587677
0.3989238739013672,99,6649,,,,,,,,,,,,,,,
0.3765828013420105,99,6699,,,,,,,,,,,,,,,
,99,6699,0.4899532198905945,1.6783090829849243,0.820616602897644,1.16280996799469,1.354775071144104,,,,,,,,,,
,99,6699,,,,,,0.4389822483062744,0.02743501402437687,97.00665283203125,897.0,0.5665188431739807,38.636043548583984,0.45252421498298645,0.0241521168500185,0.5643015503883362,0.45087844133377075
