Actual_Returns,Predicted_Returns,Strategy_Returns,Actual_Direction,Predicted_Direction
0.7525003,0.099618584,0.7525003,1.0,1.0
1.536591,0.10222131,1.536591,1.0,1.0
-3.5125844,0.10387675,-3.5125844,-1.0,1.0
-0.81330276,0.11702049,-0.81330276,-1.0,1.0
-2.7756343,0.118144006,-2.7756343,-1.0,1.0
2.0144987,0.118611164,2.0144987,1.0,1.0
-1.7584797,0.11382865,-1.7584797,-1.0,1.0
0.05330722,0.11302532,0.05330722,1.0,1.0
1.2741829,0.108181134,1.2741829,1.0,1.0
0.52193594,0.10400774,0.52193594,1.0,1.0
-0.46189466,0.10190476,-0.46189466,-1.0,1.0
-0.8412366,0.10199457,-0.8412366,-1.0,1.0
-1.1182582,0.10306209,-1.1182582,-1.0,1.0
-1.1571097,0.102560654,-1.1571097,-1.0,1.0
1.0517945,0.10559336,1.0517945,1.0,1.0
-2.3721454,0.105667755,-2.3721454,-1.0,1.0
0.2987459,0.1085747,0.2987459,1.0,1.0
1.5976723,0.11019515,1.5976723,1.0,1.0
1.6110591,0.106916,1.6110591,1.0,1.0
-0.48126647,0.10452582,-0.48126647,-1.0,1.0
0.8253718,0.10378656,0.8253718,1.0,1.0
0.5292908,0.10368743,0.5292908,1.0,1.0
-0.9577652,0.10436641,-0.9577652,-1.0,1.0
1.7972709,0.106320515,1.7972709,1.0,1.0
-1.3973516,0.107597366,-1.3973516,-1.0,1.0
1.7396754,0.11087762,1.7396754,1.0,1.0
0.80101234,0.10974377,0.80101234,1.0,1.0
0.8793533,0.10591257,0.8793533,1.0,1.0
-0.6306919,0.10153875,-0.6306919,-1.0,1.0
-0.6623141,0.10159715,-0.6623141,-1.0,1.0
-0.15277553,0.10277951,-0.15277553,-1.0,1.0
0.013491956,0.104415596,0.013491956,1.0,1.0
-1.6329862,0.10588318,-1.6329862,-1.0,1.0
0.47273338,0.10956124,0.47273338,1.0,1.0
-0.21957001,0.111598484,-0.21957001,-1.0,1.0
0.52189255,0.11090593,0.52189255,1.0,1.0
0.34457615,0.10929754,0.34457615,1.0,1.0
-1.8589517,0.107399315,-1.8589517,-1.0,1.0
-0.30256188,0.11540525,-0.30256188,-1.0,1.0
-3.5287879,0.12140248,-3.5287879,-1.0,1.0
1.1947331,0.13643079,1.1947331,1.0,1.0
-1.212955,0.13731954,-1.212955,-1.0,1.0
1.2318202,0.13673952,1.2318202,1.0,1.0
1.7799292,0.13462088,1.7799292,1.0,1.0
2.2047048,0.13060448,2.2047048,1.0,1.0
1.9460194,0.11847296,1.9460194,1.0,1.0
-0.02877152,0.109648965,-0.02877152,-1.0,1.0
1.1699889,0.1017078,1.1699889,1.0,1.0
-0.13997945,0.099550776,-0.13997945,-1.0,1.0
-0.99785316,0.09767071,-0.99785316,-1.0,1.0
1.3610336,0.098308526,1.3610336,1.0,1.0
1.1648052,0.09507555,1.1648052,1.0,1.0
-0.47919258,0.09197692,-0.47919258,-1.0,1.0
-1.1563829,0.091150746,-1.1563829,-1.0,1.0
0.39464426,0.09293308,0.39464426,1.0,1.0
-0.6792563,0.09293658,-0.6792563,-1.0,1.0
0.5635931,0.09366034,0.5635931,1.0,1.0
1.6161668,0.09236474,1.6161668,1.0,1.0
-0.15844181,0.09005297,-0.15844181,-1.0,1.0
0.23969793,0.08804932,0.23969793,1.0,1.0
-0.45955485,0.086566575,-0.45955485,-1.0,1.0
1.1271187,0.08544794,1.1271187,1.0,1.0
0.17911668,0.08496292,0.17911668,1.0,1.0
-0.062415726,0.08534218,-0.062415726,-1.0,1.0
0.88362753,0.085957244,0.88362753,1.0,1.0
-0.19356379,0.08528524,-0.19356379,-1.0,1.0
0.2787148,0.08575253,0.2787148,1.0,1.0
-0.79492015,0.085190676,-0.79492015,-1.0,1.0
-0.1285108,0.08723673,-0.1285108,-1.0,1.0
-0.12649973,0.089137256,-0.12649973,-1.0,1.0
-0.4359259,0.0914661,-0.4359259,-1.0,1.0
1.2921249,0.09497615,1.2921249,1.0,1.0
0.17727952,0.093575835,0.17727952,1.0,1.0
0.5757655,0.09164659,0.5757655,1.0,1.0
-0.35111186,0.08963103,-0.35111186,-1.0,1.0
-0.39062786,0.088052765,-0.39062786,-1.0,1.0
-0.20730929,0.09283276,-0.20730929,-1.0,1.0
0.074581124,0.094812416,0.074581124,1.0,1.0
0.3536589,0.094147064,0.3536589,1.0,1.0
0.8722528,0.090446346,0.8722528,1.0,1.0
-0.22273806,0.088487,-0.22273806,-1.0,1.0
0.13415472,0.09004308,0.13415472,1.0,1.0
0.64388454,0.090771504,0.64388454,1.0,1.0
-1.4754827,0.09098764,-1.4754827,-1.0,1.0
0.7082595,0.09832234,0.7082595,1.0,1.0
0.5709843,0.09963514,0.5709843,1.0,1.0
1.4847404,0.098665185,1.4847404,1.0,1.0
0.5491863,0.09315476,0.5491863,1.0,1.0
-0.6554751,0.08842159,-0.6554751,-1.0,1.0
0.041578844,0.09034273,0.041578844,1.0,1.0
0.22756417,0.09090068,0.22756417,1.0,1.0
-0.3753451,0.08932066,-0.3753451,-1.0,1.0
-0.7190028,0.089805074,-0.7190028,-1.0,1.0
0.813638,0.092399515,0.813638,1.0,1.0
1.3935626,0.092045315,1.3935626,1.0,1.0
0.031672332,0.08871067,0.031672332,1.0,1.0
-0.30106115,0.08617658,-0.30106115,-1.0,1.0
0.3615839,0.08609286,0.3615839,1.0,1.0
-0.14888337,0.08842277,-0.14888337,-1.0,1.0
-2.5677884,0.090083525,-2.5677884,-1.0,1.0
0.9760626,0.116902135,0.9760626,1.0,1.0
-1.9311476,0.118342124,-1.9311476,-1.0,1.0
1.6051768,0.12113021,1.6051768,1.0,1.0
1.3898222,0.1169122,1.3898222,1.0,1.0
0.100876905,0.10577326,0.100876905,1.0,1.0
1.0853323,0.09555281,1.0853323,1.0,1.0
0.38974953,0.08903265,0.38974953,1.0,1.0
0.73993486,0.08472875,0.73993486,1.0,1.0
-0.1113525,0.08349248,-0.1113525,-1.0,1.0
-0.034518495,0.084021054,-0.034518495,-1.0,1.0
0.16624552,0.08531118,0.16624552,1.0,1.0
0.4711033,0.084789865,0.4711033,1.0,1.0
-0.056927234,0.082011856,-0.056927234,-1.0,1.0
-0.0320402,0.08220174,-0.0320402,-1.0,1.0
-0.44158357,0.08283604,-0.44158357,-1.0,1.0
-0.18548967,0.08487426,-0.18548967,-1.0,1.0
-0.77328396,0.08510334,-0.77328396,-1.0,1.0
0.12563181,0.0863917,0.12563181,1.0,1.0
1.1351614,0.08679621,1.1351614,1.0,1.0
-2.4478807,0.083858885,-2.4478807,-1.0,1.0
-0.47502145,0.09470815,-0.47502145,-1.0,1.0
2.3790762,0.10113135,2.3790762,1.0,1.0
-0.80808514,0.094900675,-0.80808514,-1.0,1.0
-1.3066223,0.09163484,-1.3066223,-1.0,1.0
-1.3417213,0.09480628,-1.3417213,-1.0,1.0
1.9495968,0.10052881,1.9495968,1.0,1.0
-0.5359231,0.09618619,-0.5359231,-1.0,1.0
1.4154643,0.09399836,1.4154643,1.0,1.0
0.60303134,0.09077098,0.60303134,1.0,1.0
1.0395488,0.08649891,1.0395488,1.0,1.0
0.10153985,0.082987025,0.10153985,1.0,1.0
0.6491921,0.07861601,0.6491921,1.0,1.0
-0.15696836,0.0750953,-0.15696836,-1.0,1.0
0.2879382,0.07290399,0.2879382,1.0,1.0
-1.476054,0.07094262,-1.476054,-1.0,1.0
-0.0602704,0.07325032,-0.0602704,-1.0,1.0
0.7025118,0.07193888,0.7025118,1.0,1.0
-0.7630854,0.067565344,-0.7630854,-1.0,1.0
-0.5467336,0.06733256,-0.5467336,-1.0,1.0
0.5240266,0.067162275,0.5240266,1.0,1.0
1.6631203,0.06480352,1.6631203,1.0,1.0
-0.08680127,0.061226033,-0.08680127,-1.0,1.0
-0.31578326,0.06129878,-0.31578326,-1.0,1.0
0.3622499,0.060167536,0.3622499,1.0,1.0
1.1825202,0.058762442,1.1825202,1.0,1.0
1.4438225,0.05501504,1.4438225,1.0,1.0
-0.097353086,0.0528716,-0.097353086,-1.0,1.0
0.14752328,0.052585427,0.14752328,1.0,1.0
0.4220633,0.0513839,0.4220633,1.0,1.0
0.7719934,0.050375164,0.7719934,1.0,1.0
-0.01960789,0.0492824,-0.01960789,-1.0,1.0
0.32944864,0.048748244,0.32944864,1.0,1.0
-0.40877268,0.048490092,-0.40877268,-1.0,1.0
1.1094191,0.04891393,1.1094191,1.0,1.0
0.36088195,0.049342148,0.36088195,1.0,1.0
-0.530656,0.049091388,-0.530656,-1.0,1.0
-0.680232,0.05011558,-0.680232,-1.0,1.0
0.93060553,0.05332252,0.93060553,1.0,1.0
-0.92106575,0.054127574,-0.92106575,-1.0,1.0
1.0928696,0.05097681,1.0928696,1.0,1.0
0.1782271,0.046083663,0.1782271,1.0,1.0
-0.02148959,0.03476502,-0.02148959,-1.0,1.0
-0.084553994,0.020851111,-0.084553994,-1.0,1.0
0.6762807,0.008434127,0.6762807,1.0,1.0
-0.7194707,-0.0015301624,0.7194707,-1.0,-1.0
0.27480906,-0.0069446447,-0.27480906,1.0,-1.0
-0.66783375,-0.009695227,0.66783375,-1.0,-1.0
0.07034638,-0.0087342365,-0.07034638,1.0,-1.0
0.81654567,-0.0067838016,-0.81654567,1.0,-1.0
0.73733413,-0.005970958,-0.73733413,1.0,-1.0
-1.0435647,-0.00886112,1.0435647,-1.0,-1.0
-0.8673913,-0.0081847375,0.8673913,-1.0,-1.0
-2.1449401,-0.0027423718,2.1449401,-1.0,-1.0
1.2173141,0.013139549,1.2173141,1.0,1.0
1.4917958,0.0183989,1.4917958,1.0,1.0
-0.2530052,0.012235382,-0.2530052,-1.0,1.0
-0.8517293,0.0059404657,-0.8517293,-1.0,1.0
-0.29434115,0.0042813183,-0.29434115,-1.0,1.0
1.0554742,0.0056423345,1.0554742,1.0,1.0
-0.078388065,0.0052413535,-0.078388065,-1.0,1.0
0.9911292,-0.016001124,-0.9911292,1.0,-1.0
-0.21252838,-0.040910654,0.21252838,-1.0,-1.0
0.18768166,-0.060264014,-0.18768166,1.0,-1.0
0.116531454,-0.07403607,-0.116531454,1.0,-1.0
0.07688819,-0.0842253,-0.07688819,1.0,-1.0
-0.049233355,-0.09111971,0.049233355,-1.0,-1.0
0.14469348,-0.095916376,-0.14469348,1.0,-1.0
-0.36287034,-0.09913571,0.36287034,-1.0,-1.0
0.88340956,-0.10158357,-0.88340956,1.0,-1.0
-0.07967387,-0.10257515,0.07967387,-1.0,-1.0
0.017502487,-0.10252479,-0.017502487,1.0,-1.0
-0.18238673,-0.1015604,0.18238673,-1.0,-1.0
0.46522433,-0.09949504,-0.46522433,1.0,-1.0
0.19484347,-0.09656155,-0.19484347,1.0,-1.0
0.1815202,-0.09378645,-0.1815202,1.0,-1.0
-0.20116937,-0.09206164,0.20116937,-1.0,-1.0
-0.53901243,-0.0911724,0.53901243,-1.0,-1.0
-0.04357156,-0.091095045,0.04357156,-1.0,-1.0
-1.3124468,-0.09059218,1.3124468,-1.0,-1.0
1.400229,-0.08741374,-1.400229,1.0,-1.0
0.5124492,-0.103563204,-0.5124492,1.0,-1.0
-0.10832833,-0.12662607,0.10832833,-1.0,-1.0
0.58112496,-0.13947737,-0.58112496,1.0,-1.0
0.33305973,-0.14333409,-0.33305973,1.0,-1.0
0.23149642,-0.14280277,-0.23149642,1.0,-1.0
0.02773362,-0.14058839,-0.02773362,1.0,-1.0
0.13281597,-0.13804905,-0.13281597,1.0,-1.0
0.5221627,-0.13538887,-0.5221627,1.0,-1.0
0.75000817,-0.13335519,-0.75000817,1.0,-1.0
-0.2021856,-0.13147683,0.2021856,-1.0,-1.0
0.33589754,-0.12943701,-0.33589754,1.0,-1.0
-0.85610247,-0.126635,0.85610247,-1.0,-1.0
1.1277947,-0.12387134,-1.1277947,1.0,-1.0
0.34511742,-0.12157297,-0.34511742,1.0,-1.0
-0.35168126,-0.12024051,0.35168126,-1.0,-1.0
0.116493456,-0.11994465,-0.116493456,1.0,-1.0
-0.3262241,-0.11965318,0.3262241,-1.0,-1.0
-0.75388545,-0.11844866,0.75388545,-1.0,-1.0
-1.5869513,-0.11647184,1.5869513,-1.0,-1.0
1.516261,-0.11192642,-1.516261,1.0,-1.0
0.824182,-0.10680875,-0.824182,1.0,-1.0
0.201667,-0.104239926,-0.201667,1.0,-1.0
1.0145452,-0.113689125,-1.0145452,1.0,-1.0
0.23821999,-0.12734163,-0.23821999,1.0,-1.0
-0.47124448,-0.13050935,0.47124448,-1.0,-1.0
-0.01862619,-0.12591897,0.01862619,-1.0,-1.0
0.4206153,-0.118473575,-0.4206153,1.0,-1.0
-0.5406048,-0.11132528,0.5406048,-1.0,-1.0
-0.18428056,-0.10524635,0.18428056,-1.0,-1.0
0.82034266,-0.09976564,-0.82034266,1.0,-1.0
-0.46323878,-0.09518042,0.46323878,-1.0,-1.0
0.6005447,-0.09171091,-0.6005447,1.0,-1.0
0.16752662,-0.089614674,-0.16752662,1.0,-1.0
-0.09399083,-0.09000119,0.09399083,-1.0,-1.0
0.09926793,-0.09188391,-0.09926793,1.0,-1.0
0.12757438,-0.0945161,-0.12757438,1.0,-1.0
0.41463807,-0.09720214,-0.41463807,1.0,-1.0
0.16073066,-0.09968227,-0.16073066,1.0,-1.0
0.26208508,-0.10068688,-0.26208508,1.0,-1.0
-0.7060699,-0.10028505,0.7060699,-1.0,-1.0
-1.0748471,-0.09889512,1.0748471,-1.0,-1.0
0.12566923,-0.09649874,-0.12566923,1.0,-1.0
0.8141567,-0.09322503,-0.8141567,1.0,-1.0
0.852379,-0.098013744,-0.852379,1.0,-1.0
0.14957362,-0.10655549,-0.14957362,1.0,-1.0
0.22201182,-0.114971176,-0.22201182,1.0,-1.0
-0.5824919,-0.11532973,0.5824919,-1.0,-1.0
0.88076323,-0.11089215,-0.88076323,1.0,-1.0
0.4306571,-0.10469754,-0.4306571,1.0,-1.0
-0.1349116,-0.09937787,0.1349116,-1.0,-1.0
0.031168863,-0.09553912,-0.031168863,1.0,-1.0
0.28426385,-0.093242854,-0.28426385,1.0,-1.0
-0.033503115,-0.09166849,0.033503115,-1.0,-1.0
-0.33955744,-0.09105013,0.33955744,-1.0,-1.0
-0.13185668,-0.091614425,0.13185668,-1.0,-1.0
-0.46056086,-0.092343554,0.46056086,-1.0,-1.0
-0.77225786,-0.09183565,0.77225786,-1.0,-1.0
0.22764876,-0.090666056,-0.22764876,1.0,-1.0
-0.5746638,-0.089877255,0.5746638,-1.0,-1.0
0.8473997,-0.08855326,-0.8473997,1.0,-1.0
-0.15511404,-0.087704994,0.15511404,-1.0,-1.0
-0.9110873,-0.08750313,0.9110873,-1.0,-1.0
-1.6977311,-0.08748241,1.6977311,-1.0,-1.0
-0.08123585,-0.08394771,0.08123585,-1.0,-1.0
0.9519611,-0.07984099,-0.9519611,1.0,-1.0
1.2134715,-0.08891375,-1.2134715,1.0,-1.0
0.14610091,-0.1059614,-0.14610091,1.0,-1.0
-0.27763826,-0.117305666,0.27763826,-1.0,-1.0
-2.036411,-0.123747244,2.036411,-1.0,-1.0
0.15691842,-0.12854889,-0.15691842,1.0,-1.0
-1.1909714,-0.13281678,1.1909714,-1.0,-1.0
1.1491477,-0.13659939,-1.1491477,1.0,-1.0
-1.2985898,-0.13894905,1.2985898,-1.0,-1.0
1.0524515,-0.14038922,-1.0524515,1.0,-1.0
0.41027927,-0.14177966,-0.41027927,1.0,-1.0
0.8298281,-0.1429583,-0.8298281,1.0,-1.0
-0.1913723,-0.14414117,0.1913723,-1.0,-1.0
-0.24167806,-0.14579044,0.24167806,-1.0,-1.0
0.30225146,-0.14726491,-0.30225146,1.0,-1.0
1.7063102,-0.14722507,-1.7063102,1.0,-1.0
0.74602103,-0.14525464,-0.74602103,1.0,-1.0
0.337477,-0.14285474,-0.337477,1.0,-1.0
0.7393339,-0.14056264,-0.7393339,1.0,-1.0
0.36640295,-0.1395575,-0.36640295,1.0,-1.0
0.2995872,-0.13980137,-0.2995872,1.0,-1.0
-0.10725537,-0.15818785,0.10725537,-1.0,-1.0
0.47481966,-0.18560861,-0.47481966,1.0,-1.0
0.18197952,-0.2105526,-0.18197952,1.0,-1.0
-0.5051568,-0.23063555,0.5051568,-1.0,-1.0
0.98292816,-0.24556735,-0.98292816,1.0,-1.0
0.19493347,-0.25588453,-0.19493347,1.0,-1.0
0.18000771,-0.26273578,-0.18000771,1.0,-1.0
0.3680363,-0.26762202,-0.3680363,1.0,-1.0
0.64612794,-0.27107188,-0.64612794,1.0,-1.0
0.41819423,-0.27280572,-0.41819423,1.0,-1.0
0.37327996,-0.2738397,-0.37327996,1.0,-1.0
0.088778794,-0.2750542,-0.088778794,1.0,-1.0
-0.3498776,-0.27711645,0.3498776,-1.0,-1.0
-0.82258236,-0.28008214,0.82258236,-1.0,-1.0
0.7222656,-0.28445467,-0.7222656,1.0,-1.0
-0.0010739783,-0.28666112,0.0010739783,-1.0,-1.0
0.38652295,-0.28789163,-0.38652295,1.0,-1.0
-0.26016253,-0.28844887,0.26016253,-1.0,-1.0
0.33847803,-0.28932947,-0.33847803,1.0,-1.0
-0.13986656,-0.2908399,0.13986656,-1.0,-1.0
-0.31971365,-0.30606562,0.31971365,-1.0,-1.0
0.1657133,-0.3293871,-0.1657133,1.0,-1.0
0.22938506,-0.35362992,-0.22938506,1.0,-1.0
-2.2724822,-0.37028027,2.2724822,-1.0,-1.0
1.32002,-0.39079916,-1.32002,1.0,-1.0
-1.896131,-0.40640002,1.896131,-1.0,-1.0
-1.1815188,-0.42054084,1.1815188,-1.0,-1.0
1.4194436,-0.4351806,-1.4194436,1.0,-1.0
-0.8448564,-0.44568086,0.8448564,-1.0,-1.0
1.1730874,-0.45419893,-1.1730874,1.0,-1.0
2.070708,-0.45876542,-2.070708,1.0,-1.0
0.30852854,-0.4574753,-0.30852854,1.0,-1.0
-0.718108,-0.45223248,0.718108,-1.0,-1.0
0.9549073,-0.44642207,-0.9549073,1.0,-1.0
-0.9136168,-0.43874076,0.9136168,-1.0,-1.0
-0.74706775,-0.431579,0.74706775,-1.0,-1.0
1.6348464,-0.42674577,-1.6348464,1.0,-1.0
-0.87434155,-0.42147583,0.87434155,-1.0,-1.0
-1.0287681,-0.41756308,1.0287681,-1.0,-1.0
-1.1388057,-0.41532603,1.1388057,-1.0,-1.0
1.7777934,-0.41559637,-1.7777934,1.0,-1.0
1.0180197,-0.42183676,-1.0180197,1.0,-1.0
0.62237,-0.42809507,-0.62237,1.0,-1.0
1.3838935,-0.42897454,-1.3838935,1.0,-1.0
-0.10101549,-0.4256481,0.10101549,-1.0,-1.0
0.14018951,-0.42056558,-0.14018951,1.0,-1.0
-0.29897556,-0.41486302,0.29897556,-1.0,-1.0
-0.262618,-0.4098214,0.262618,-1.0,-1.0
0.6374053,-0.40548363,-0.6374053,1.0,-1.0
-0.0629622,-0.40148088,0.0629622,-1.0,-1.0
-1.9392757,-0.39837798,1.9392757,-1.0,-1.0
-0.09637691,-0.39884746,0.09637691,-1.0,-1.0
-0.4050217,-0.40091732,0.4050217,-1.0,-1.0
-0.14410312,-0.40292677,0.14410312,-1.0,-1.0
0.91599846,-0.4048856,-0.91599846,1.0,-1.0
0.28177544,-0.40567467,-0.28177544,1.0,-1.0
-1.4243616,-0.40465784,1.4243616,-1.0,-1.0
0.08199803,-0.40527344,-0.08199803,1.0,-1.0
-1.8387946,-0.4056811,1.8387946,-1.0,-1.0
-0.9689542,-0.4094496,0.9689542,-1.0,-1.0
-1.1037378,-0.415828,1.1037378,-1.0,-1.0
-1.8914822,-0.42417684,1.8914822,-1.0,-1.0
0.2771739,-0.43534467,-0.2771739,1.0,-1.0
-1.2171906,-0.45122918,1.2171906,-1.0,-1.0
-0.14966358,-0.467011,0.14966358,-1.0,-1.0
-0.5384089,-0.47877064,0.5384089,-1.0,-1.0
2.4347646,-0.48565248,-2.4347646,1.0,-1.0
1.8885952,-0.48802856,-1.8885952,1.0,-1.0
0.68630034,-0.4865819,-0.68630034,1.0,-1.0
0.94225156,-0.48202273,-0.94225156,1.0,-1.0
-2.4391081,-0.47655234,2.4391081,-1.0,-1.0
0.515693,-0.47267184,-0.515693,1.0,-1.0
-0.37017125,-0.46914437,0.37017125,-1.0,-1.0
0.84012073,-0.465767,-0.84012073,1.0,-1.0
1.4517208,-0.4616507,-1.4517208,1.0,-1.0
-1.8115726,-0.45624834,1.8115726,-1.0,-1.0
-1.8969455,-0.452625,1.8969455,-1.0,-1.0
-0.38405967,-0.45313826,0.38405967,-1.0,-1.0
1.5766721,-0.45631048,-1.5766721,1.0,-1.0
0.08812077,-0.45882607,-0.08812077,1.0,-1.0
-2.1173139,-0.45984644,2.1173139,-1.0,-1.0
-0.71661615,-0.46258467,0.71661615,-1.0,-1.0
-1.0142945,-0.46556076,1.0142945,-1.0,-1.0
-1.8412123,-0.4717904,1.8412123,-1.0,-1.0
1.4956857,-0.47826448,-1.4956857,1.0,-1.0
2.2372677,-0.48329374,-2.2372677,1.0,-1.0
-0.24426034,-0.48539647,0.24426034,-1.0,-1.0
-1.5473504,-0.48726895,1.5473504,-1.0,-1.0
1.8642691,-0.49068835,-1.8642691,1.0,-1.0
-0.5254666,-0.49279824,0.5254666,-1.0,-1.0
-0.79340434,-0.4938142,0.79340434,-1.0,-1.0
-2.9518158,-0.49474576,2.9518158,-1.0,-1.0
-0.7233754,-0.4977214,0.7233754,-1.0,-1.0
2.5698245,-0.50061893,-2.5698245,1.0,-1.0
-0.42918134,-0.50192547,0.42918134,-1.0,-1.0
-1.2961545,-0.50132436,1.2961545,-1.0,-1.0
-0.74210024,-0.5001537,0.74210024,-1.0,-1.0
2.1408575,-0.49940553,-2.1408575,1.0,-1.0
2.2383761,-0.49808785,-2.2383761,1.0,-1.0
1.2347817,-0.49474862,-1.2347817,1.0,-1.0
1.1662295,-0.4903141,-1.1662295,1.0,-1.0
-0.04346604,-0.48444685,0.04346604,-1.0,-1.0
1.1304114,-0.48187038,-1.1304114,1.0,-1.0
-1.2272699,-0.47869572,1.2272699,-1.0,-1.0
1.4343913,-0.4755855,-1.4343913,1.0,-1.0
0.50661707,-0.47153243,-0.50661707,1.0,-1.0
0.71449554,-0.4664195,-0.71449554,1.0,-1.0
1.2256547,-0.46008795,-1.2256547,1.0,-1.0
-0.62937003,-0.45291644,0.62937003,-1.0,-1.0
-1.5652541,-0.44619247,1.5652541,-1.0,-1.0
0.34102225,-0.44121152,-0.34102225,1.0,-1.0
0.8090939,-0.4361138,-0.8090939,1.0,-1.0
-1.2551721,-0.4305428,1.2551721,-1.0,-1.0
-0.9716916,-0.42715466,0.9716916,-1.0,-1.0
0.42533857,-0.42647085,-0.42533857,1.0,-1.0
-0.26510262,-0.42700467,0.26510262,-1.0,-1.0
-1.687729,-0.42743802,1.687729,-1.0,-1.0
-0.34174478,-0.43087488,0.34174478,-1.0,-1.0
1.1174577,-0.4357498,-1.1174577,1.0,-1.0
-1.2144138,-0.4386209,1.2144138,-1.0,-1.0
-0.020486828,-0.4407008,0.020486828,-1.0,-1.0
1.6057605,-0.44185564,-1.6057605,1.0,-1.0
-0.0618475,-0.44121876,0.0618475,-1.0,-1.0
-1.4752948,-0.4386371,1.4752948,-1.0,-1.0
-2.7740054,-0.43712056,2.7740054,-1.0,-1.0
0.5697937,-0.4428761,-0.5697937,1.0,-1.0
-2.8146307,-0.447249,2.8146307,-1.0,-1.0
0.20980468,-0.45566234,-0.20980468,1.0,-1.0
2.4746897,-0.4639273,-2.4746897,1.0,-1.0
-3.6284506,-0.4699935,3.6284506,-1.0,-1.0
0.56752425,-0.47650465,-0.56752425,1.0,-1.0
0.48371267,-0.48206684,-0.48371267,1.0,-1.0
2.986242,-0.48431095,-2.986242,1.0,-1.0
-3.564971,-0.48274824,3.564971,-1.0,-1.0
-0.5674225,-0.48332706,0.5674225,-1.0,-1.0
-3.2037098,-0.48441193,3.2037098,-1.0,-1.0
0.24578975,-0.48847768,-0.24578975,1.0,-1.0
-1.6463207,-0.49211517,1.6463207,-1.0,-1.0
-0.12959646,-0.4944475,0.12959646,-1.0,-1.0
2.3869696,-0.49570796,-2.3869696,1.0,-1.0
-0.3946401,-0.49482146,0.3946401,-1.0,-1.0
2.0169632,-0.4922301,-2.0169632,1.0,-1.0
-4.039526,-0.488134,4.039526,-1.0,-1.0
-0.5833782,-0.48658726,0.5833782,-1.0,-1.0
0.014614177,-0.4855154,-0.014614177,1.0,-1.0
1.855504,-0.4878061,-1.855504,1.0,-1.0
-0.8120798,-0.49028042,0.8120798,-1.0,-1.0
0.94507647,-0.49102667,-0.94507647,1.0,-1.0
1.9883256,-0.49029657,-1.9883256,1.0,-1.0
2.4742262,-0.48869178,-2.4742262,1.0,-1.0
-0.6274369,-0.48589537,0.6274369,-1.0,-1.0
-0.7482769,-0.4832609,0.7482769,-1.0,-1.0
1.8431019,-0.4804022,-1.8431019,1.0,-1.0
-1.6347314,-0.47708908,1.6347314,-1.0,-1.0
0.31374007,-0.47398928,-0.31374007,1.0,-1.0
0.9523393,-0.47132763,-0.9523393,1.0,-1.0
-1.0793946,-0.46817324,1.0793946,-1.0,-1.0
-2.3798692,-0.4649633,2.3798692,-1.0,-1.0
-2.9110303,-0.4633676,2.9110303,-1.0,-1.0
-3.876843,-0.4632471,3.876843,-1.0,-1.0
-0.37736797,-0.46767995,0.37736797,-1.0,-1.0
1.4592505,-0.4729841,-1.4592505,1.0,-1.0
-3.2511952,-0.47651586,3.2511952,-1.0,-1.0
0.22008656,-0.48102543,-0.22008656,1.0,-1.0
2.4477243,-0.4841133,-2.4477243,1.0,-1.0
-0.13015722,-0.4855986,0.13015722,-1.0,-1.0
0.95322174,-0.48957208,-0.95322174,1.0,-1.0
3.0563293,-0.49119923,-3.0563293,1.0,-1.0
-0.29730716,-0.49041036,0.29730716,-1.0,-1.0
-2.0143037,-0.4885076,2.0143037,-1.0,-1.0
-0.07117454,-0.48712465,0.07117454,-1.0,-1.0
-0.8759278,-0.48592904,0.8759278,-1.0,-1.0
1.0553814,-0.485464,-1.0553814,1.0,-1.0
0.15841286,-0.48419866,-0.15841286,1.0,-1.0
0.35731643,-0.48314127,-0.35731643,1.0,-1.0
1.4964589,-0.4816145,-1.4964589,1.0,-1.0
-0.083027154,-0.47966686,0.083027154,-1.0,-1.0
-1.1527462,-0.47674903,1.1527462,-1.0,-1.0
-0.9243879,-0.47456977,0.9243879,-1.0,-1.0
-0.44569024,-0.47371754,0.44569024,-1.0,-1.0
-0.2998634,-0.47272244,0.2998634,-1.0,-1.0
1.9201249,-0.47157547,-1.9201249,1.0,-1.0
-0.8363572,-0.46908382,0.8363572,-1.0,-1.0
2.762829,-0.46694747,-2.762829,1.0,-1.0
0.5895806,-0.464475,-0.5895806,1.0,-1.0
0.9861373,-0.46162528,-0.9861373,1.0,-1.0
-0.9332467,-0.4585803,0.9332467,-1.0,-1.0
0.13151671,-0.45553064,-0.13151671,1.0,-1.0
-1.1543202,-0.45302966,1.1543202,-1.0,-1.0
2.6156273,-0.4496389,-2.6156273,1.0,-1.0
1.2133337,-0.4451322,-1.2133337,1.0,-1.0
1.420776,-0.4401668,-1.420776,1.0,-1.0
-0.2823084,-0.43447256,0.2823084,-1.0,-1.0
-0.66623956,-0.42987058,0.66623956,-1.0,-1.0
1.5638477,-0.4269943,-1.5638477,1.0,-1.0
-0.077734016,-0.423229,0.077734016,-1.0,-1.0
-0.1625746,-0.41902748,0.1625746,-1.0,-1.0
-0.12375508,-0.41397738,0.12375508,-1.0,-1.0
-0.4248693,-0.40896794,0.4248693,-1.0,-1.0
2.1290638,-0.4044769,-2.1290638,1.0,-1.0
-0.070547394,-0.3988795,0.070547394,-1.0,-1.0
1.732237,-0.39378777,-1.732237,1.0,-1.0
0.39695418,-0.3884645,-0.39695418,1.0,-1.0
0.187568,-0.38392445,-0.187568,1.0,-1.0
-0.7237795,-0.37962002,0.7237795,-1.0,-1.0
0.22695611,-0.3760424,-0.22695611,1.0,-1.0
-1.2900001,-0.37310106,1.2900001,-1.0,-1.0
-2.1400065,-0.37270403,2.1400065,-1.0,-1.0
-0.22378626,-0.3770332,0.22378626,-1.0,-1.0
0.29161605,-0.38409722,-0.29161605,1.0,-1.0
1.4091605,-0.38786834,-1.4091605,1.0,-1.0
-3.368806,-0.38781893,3.368806,-1.0,-1.0
-0.6666356,-0.3899829,0.6666356,-1.0,-1.0
-1.1028155,-0.39447826,1.1028155,-1.0,-1.0
-0.7817025,-0.39973846,0.7817025,-1.0,-1.0
0.2996232,-0.40491393,-0.2996232,1.0,-1.0
-1.07365,-0.40934274,1.07365,-1.0,-1.0
-0.4095057,-0.4132414,0.4095057,-1.0,-1.0
1.8341017,-0.41785488,-1.8341017,1.0,-1.0
0.6610722,-0.42022726,-0.6610722,1.0,-1.0
1.527145,-0.4199086,-1.527145,1.0,-1.0
1.0584273,-0.41689986,-1.0584273,1.0,-1.0
-4.3236613,-0.41375306,4.3236613,-1.0,-1.0
0.33870122,-0.4135261,-0.33870122,1.0,-1.0
-1.131774,-0.41380587,1.131774,-1.0,-1.0
-0.7182134,-0.41408607,0.7182134,-1.0,-1.0
0.6857101,-0.41453445,-0.6857101,1.0,-1.0
-1.1272103,-0.41419744,1.1272103,-1.0,-1.0
-1.7116494,-0.41504064,1.7116494,-1.0,-1.0
-0.8427581,-0.41695473,0.8427581,-1.0,-1.0
-1.7232621,-0.42178807,1.7232621,-1.0,-1.0
-1.0340526,-0.4295153,1.0340526,-1.0,-1.0
-0.21203598,-0.43737707,0.21203598,-1.0,-1.0
1.967214,-0.44501486,-1.967214,1.0,-1.0
-2.1126437,-0.45025587,2.1126437,-1.0,-1.0
-1.5066695,-0.45496443,1.5066695,-1.0,-1.0
2.5883894,-0.4589144,-2.5883894,1.0,-1.0
3.0583704,-0.4609195,-3.0583704,1.0,-1.0
-0.20179488,-0.46078968,0.20179488,-1.0,-1.0
-1.0245081,-0.4593444,1.0245081,-1.0,-1.0
-2.8003619,-0.4588158,2.8003619,-1.0,-1.0
-0.6519176,-0.45951974,0.6519176,-1.0,-1.0
-0.3290773,-0.4628564,0.3290773,-1.0,-1.0
2.5965643,-0.4673371,-2.5965643,1.0,-1.0
-2.3662663,-0.47014222,2.3662663,-1.0,-1.0
2.6480052,-0.47187135,-2.6480052,1.0,-1.0
1.1427569,-0.472577,-1.1427569,1.0,-1.0
-0.66720974,-0.47206375,0.66720974,-1.0,-1.0
-0.795091,-0.47097716,0.795091,-1.0,-1.0
2.3724818,-0.4689732,-2.3724818,1.0,-1.0
1.1881976,-0.46926376,-1.1881976,1.0,-1.0
1.6266656,-0.4705148,-1.6266656,1.0,-1.0
-0.7387716,-0.4662046,0.7387716,-1.0,-1.0
-0.60826105,-0.45799986,0.60826105,-1.0,-1.0
2.462638,-0.4487823,-2.462638,1.0,-1.0
-0.7454404,-0.43796176,0.7454404,-1.0,-1.0
-0.41012305,-0.42671072,0.41012305,-1.0,-1.0
-2.5001986,-0.41566074,2.5001986,-1.0,-1.0
-1.0585992,-0.40511975,1.0585992,-1.0,-1.0
1.3618724,-0.39451715,-1.3618724,1.0,-1.0
0.9613982,-0.38398284,-0.9613982,1.0,-1.0
0.5597893,-0.37354308,-0.5597893,1.0,-1.0
-2.0777886,-0.36524257,2.0777886,-1.0,-1.0
5.5434484,-0.3601004,-5.5434484,1.0,-1.0
-0.8935777,-0.35505214,0.8935777,-1.0,-1.0
0.87131166,-0.35006887,-0.87131166,1.0,-1.0
-0.8252047,-0.34643987,0.8252047,-1.0,-1.0
-0.30893227,-0.34310564,0.30893227,-1.0,-1.0
0.47585818,-0.3397217,-0.47585818,1.0,-1.0
-0.38836887,-0.33508876,0.38836887,-1.0,-1.0
1.3579988,-0.33176747,-1.3579988,1.0,-1.0
0.59146893,-0.3277887,-0.59146893,1.0,-1.0
-0.02830442,-0.31282115,0.02830442,-1.0,-1.0
-1.5444193,-0.29215118,1.5444193,-1.0,-1.0
-0.15918653,-0.2729087,0.15918653,-1.0,-1.0
3.094787,-0.25748554,-3.094787,1.0,-1.0
-0.08676332,-0.24562427,0.08676332,-1.0,-1.0
-0.11946605,-0.23668897,0.11946605,-1.0,-1.0
-1.7894212,-0.228966,1.7894212,-1.0,-1.0
-1.4399195,-0.22369698,1.4399195,-1.0,-1.0
-0.18623708,-0.22232643,0.18623708,-1.0,-1.0
0.7521782,-0.22460228,-0.7521782,1.0,-1.0
-0.7349579,-0.22853911,0.7349579,-1.0,-1.0
1.4279296,-0.2341069,-1.4279296,1.0,-1.0
0.7289664,-0.2426357,-0.7289664,1.0,-1.0
-0.6052725,-0.25048733,0.6052725,-1.0,-1.0
-2.4921675,-0.2547659,2.4921675,-1.0,-1.0
-1.1137751,-0.25775307,1.1137751,-1.0,-1.0
-0.9007516,-0.26042446,0.9007516,-1.0,-1.0
0.10373384,-0.2624206,-0.10373384,1.0,-1.0
1.4867992,-0.26309982,-1.4867992,1.0,-1.0
-1.4451699,-0.2614643,1.4451699,-1.0,-1.0
0.58681023,-0.2601724,-0.58681023,1.0,-1.0
-0.4049622,-0.24834087,0.4049622,-1.0,-1.0
-1.2020638,-0.23236626,1.2020638,-1.0,-1.0
1.7461332,-0.2182478,-1.7461332,1.0,-1.0
-0.25407425,-0.20705785,0.25407425,-1.0,-1.0
-0.4000549,-0.19916052,0.4000549,-1.0,-1.0
0.7538971,-0.19518809,-0.7538971,1.0,-1.0
-1.1645529,-0.19322772,1.1645529,-1.0,-1.0
2.2840781,-0.19242272,-2.2840781,1.0,-1.0
-0.07676326,-0.19206774,0.07676326,-1.0,-1.0
0.69782335,-0.19299556,-0.69782335,1.0,-1.0
1.2849425,-0.19336303,-1.2849425,1.0,-1.0
0.34159058,-0.19331546,-0.34159058,1.0,-1.0
0.39968583,-0.1907084,-0.39968583,1.0,-1.0
-0.20304912,-0.18546447,0.20304912,-1.0,-1.0
-1.5562599,-0.18046983,1.5562599,-1.0,-1.0
-0.76383495,-0.17727196,0.76383495,-1.0,-1.0
1.8918401,-0.1757492,-1.8918401,1.0,-1.0
1.1881346,-0.17511424,-1.1881346,1.0,-1.0
-0.07115031,-0.17457573,0.07115031,-1.0,-1.0
-0.018172506,-0.18161067,0.018172506,-1.0,-1.0
1.1007854,-0.1916473,-1.1007854,1.0,-1.0
0.24948408,-0.19974849,-0.24948408,1.0,-1.0
-1.296874,-0.19610539,1.296874,-1.0,-1.0
1.464247,-0.1869258,-1.464247,1.0,-1.0
1.0452304,-0.17702551,-1.0452304,1.0,-1.0
1.4699373,-0.16811994,-1.4699373,1.0,-1.0
-1.0354611,-0.16182269,1.0354611,-1.0,-1.0
-0.6140463,-0.1567323,0.6140463,-1.0,-1.0
1.2872511,-0.15300374,-1.2872511,1.0,-1.0
-1.1080724,-0.15004854,1.1080724,-1.0,-1.0
-0.88297963,-0.14843713,0.88297963,-1.0,-1.0
0.21952617,-0.14870924,-0.21952617,1.0,-1.0
1.144861,-0.15049277,-1.144861,1.0,-1.0
-0.028041456,-0.15267237,0.028041456,-1.0,-1.0
0.27731758,-0.15328327,-0.27731758,1.0,-1.0
-1.3788742,-0.15206009,1.3788742,-1.0,-1.0
-0.27674058,-0.15133622,0.27674058,-1.0,-1.0
-2.0041234,-0.15109813,2.0041234,-1.0,-1.0
-0.15735562,-0.1536064,0.15735562,-1.0,-1.0
0.53294295,-0.162922,-0.53294295,1.0,-1.0
-1.0537552,-0.17385773,1.0537552,-1.0,-1.0
0.30730045,-0.18307701,-0.30730045,1.0,-1.0
-0.3036002,-0.17853001,0.3036002,-1.0,-1.0
-0.47252652,-0.16640384,0.47252652,-1.0,-1.0
0.7582194,-0.15336809,-0.7582194,1.0,-1.0
1.6147738,-0.14266889,-1.6147738,1.0,-1.0
0.068716675,-0.13407955,-0.068716675,1.0,-1.0
-1.532692,-0.12732862,1.532692,-1.0,-1.0
0.1414794,-0.12185556,-0.1414794,1.0,-1.0
-1.8459358,-0.117386,1.8459358,-1.0,-1.0
-1.4478139,-0.11602302,1.4478139,-1.0,-1.0
-0.1509761,-0.11913632,0.1509761,-1.0,-1.0
1.6476655,-0.13114844,-1.6476655,1.0,-1.0
-0.6980883,-0.14719625,0.6980883,-1.0,-1.0
1.7562007,-0.1661698,-1.7562007,1.0,-1.0
-1.1019458,-0.1809015,1.1019458,-1.0,-1.0
0.8918404,-0.19374588,-0.8918404,1.0,-1.0
1.2982194,-0.20315214,-1.2982194,1.0,-1.0
-1.6463224,-0.20637271,1.6463224,-1.0,-1.0
0.29845288,-0.20638235,-0.29845288,1.0,-1.0
0.5639807,-0.20586888,-0.5639807,1.0,-1.0
0.16469543,-0.18587552,-0.16469543,1.0,-1.0
-0.15738435,-0.15675661,0.15738435,-1.0,-1.0
1.4237269,-0.12928429,-1.4237269,1.0,-1.0
0.57152694,-0.106989786,-0.57152694,1.0,-1.0
1.4436543,-0.091455996,-1.4436543,1.0,-1.0
0.36988464,-0.08124153,-0.36988464,1.0,-1.0
-0.5796972,-0.07510839,0.5796972,-1.0,-1.0
-0.24923706,-0.07147711,0.24923706,-1.0,-1.0
0.3579163,-0.069126874,-0.3579163,1.0,-1.0
0.099630296,-0.067682154,-0.099630296,1.0,-1.0
-0.004135247,-0.06617106,0.004135247,-1.0,-1.0
-0.4134884,-0.064719066,0.4134884,-1.0,-1.0
1.326269,-0.06399336,-1.326269,1.0,-1.0
-0.20693734,-0.064783335,0.20693734,-1.0,-1.0
0.33061573,-0.06585709,-0.33061573,1.0,-1.0
0.08552203,-0.06640347,-0.08552203,1.0,-1.0
-0.0084262,-0.06615773,0.0084262,-1.0,-1.0
-0.59525484,-0.065464795,0.59525484,-1.0,-1.0
0.09031889,-0.06449444,-0.09031889,1.0,-1.0
0.085157916,-0.063897565,-0.085157916,1.0,-1.0
-1.5810859,-0.06834861,1.5810859,-1.0,-1.0
-0.38411874,-0.07457816,0.38411874,-1.0,-1.0
1.9566149,-0.0807237,-1.9566149,1.0,-1.0
0.8253203,-0.08022967,-0.8253203,1.0,-1.0
-0.038610652,-0.07658427,0.038610652,-1.0,-1.0
-1.1586263,-0.072793625,1.1586263,-1.0,-1.0
-0.69983053,-0.06928112,0.69983053,-1.0,-1.0
-0.7218732,-0.066675514,0.7218732,-1.0,-1.0
1.8474752,-0.065418966,-1.8474752,1.0,-1.0
0.045212865,-0.066273704,-0.045212865,1.0,-1.0
-0.45794213,-0.06762433,0.45794213,-1.0,-1.0
0.4483965,-0.06827195,-0.4483965,1.0,-1.0
-0.1696624,-0.06855065,0.1696624,-1.0,-1.0
-0.15833068,-0.06828154,0.15833068,-1.0,-1.0
0.29581645,-0.06766925,-0.29581645,1.0,-1.0
-0.6377683,-0.067193165,0.6377683,-1.0,-1.0
1.1890829,-0.06653672,-1.1890829,1.0,-1.0
0.94450486,-0.06633536,-0.94450486,1.0,-1.0
-0.14458674,-0.066370726,0.14458674,-1.0,-1.0
0.015503471,-0.06786487,-0.015503471,1.0,-1.0
-1.1222026,-0.06956376,1.1222026,-1.0,-1.0
-0.73186004,-0.07077724,0.73186004,-1.0,-1.0
0.8757581,-0.07146098,-0.8757581,1.0,-1.0
1.3049086,-0.06000167,-1.3049086,1.0,-1.0
0.0016603252,-0.046404995,-0.0016603252,1.0,-1.0
-0.61086243,-0.034256227,0.61086243,-1.0,-1.0
0.9854454,-0.026212335,-0.9854454,1.0,-1.0
1.4534425,-0.024760786,-1.4534425,1.0,-1.0
-0.20035817,-0.026340805,0.20035817,-1.0,-1.0
0.23538963,-0.027584035,-0.23538963,1.0,-1.0
-0.38120097,-0.028676532,0.38120097,-1.0,-1.0
0.61886424,-0.029556707,-0.61886424,1.0,-1.0
0.11480595,-0.030010499,-0.11480595,1.0,-1.0
0.9321149,-0.02976109,-0.9321149,1.0,-1.0
0.693249,-0.028067216,-0.693249,1.0,-1.0
0.08194255,-0.027200807,-0.08194255,1.0,-1.0
1.2178136,-0.02737825,-1.2178136,1.0,-1.0
-0.36716196,-0.026822384,0.36716196,-1.0,-1.0
-0.47351077,-0.027215116,0.47351077,-1.0,-1.0
-0.52452815,-0.027265977,0.52452815,-1.0,-1.0
0.37107983,-0.027676996,-0.37107983,1.0,-1.0
-0.7658809,-0.031059071,0.7658809,-1.0,-1.0
-0.44868383,-0.033574395,0.44868383,-1.0,-1.0
1.1455855,-0.034325995,-1.1455855,1.0,-1.0
-0.03540767,-0.022294119,0.03540767,-1.0,-1.0
0.44735447,-0.010238054,-0.44735447,1.0,-1.0
1.2269005,-0.0034756057,-1.2269005,1.0,-1.0
0.11706778,-0.00068775873,-0.11706778,1.0,-1.0
-0.19683182,0.00038201053,-0.19683182,-1.0,1.0
-0.79225105,0.0011482431,-0.79225105,-1.0,1.0
-0.28651005,0.0031206727,-0.28651005,-1.0,1.0
0.24050261,0.0038171213,0.24050261,1.0,1.0
0.67422116,0.0042792545,0.67422116,1.0,1.0
0.7411234,0.00436079,0.7411234,1.0,1.0
0.8470153,0.0027340546,0.8470153,1.0,1.0
-0.102440715,0.0014952278,-0.102440715,-1.0,1.0
0.38553825,0.00039758597,0.38553825,1.0,1.0
0.7117275,2.5630638e-05,0.7117275,1.0,1.0
0.23579103,-0.00019710447,-0.23579103,1.0,-1.0
-0.67568964,0.00055183534,-0.67568964,-1.0,1.0
0.032409452,0.001257301,0.032409452,1.0,1.0
0.40341538,0.0012532702,0.40341538,1.0,1.0
0.28146738,0.00012642582,0.28146738,1.0,1.0
-0.015543888,-0.0010458747,0.015543888,-1.0,-1.0
-0.6424666,-0.002464629,0.6424666,-1.0,-1.0
0.98778427,-0.0028140724,-0.98778427,1.0,-1.0
0.1468713,-0.004100367,-0.1468713,1.0,-1.0
-0.26650876,-0.0048437524,0.26650876,-1.0,-1.0
-1.383954,-0.0050387937,1.383954,-1.0,-1.0
-0.25479737,-0.0020130493,0.25479737,-1.0,-1.0
-0.5300074,-0.00020234595,0.5300074,-1.0,-1.0
0.90240926,0.0029209189,0.90240926,1.0,1.0
-0.42182833,0.0029625825,-0.42182833,-1.0,1.0
-0.70387304,0.0026528656,-0.70387304,-1.0,1.0
0.025071394,0.0026614375,0.025071394,1.0,1.0
-0.10696924,0.0021315895,-0.10696924,-1.0,1.0
0.57504755,-5.2514777e-05,-0.57504755,1.0,-1.0
-1.1550909,-0.0019057648,1.1550909,-1.0,-1.0
-0.75553954,-0.00075805496,0.75553954,-1.0,-1.0
-0.7712913,0.0011236599,-0.7712913,-1.0,1.0
-0.014870684,0.0040642587,-0.014870684,-1.0,1.0
0.68791884,0.005494377,0.68791884,1.0,1.0
-0.27774668,-0.000115107105,0.27774668,-1.0,-1.0
1.104488,-0.006829578,-1.104488,1.0,-1.0
-1.3457974,-0.012010734,1.3457974,-1.0,-1.0
0.6717966,-0.012096471,-0.6717966,1.0,-1.0
0.6264619,-0.013091783,-0.6264619,1.0,-1.0
1.4508307,-0.014873217,-1.4508307,1.0,-1.0
0.38331822,-0.01693393,-0.38331822,1.0,-1.0
-0.15969366,-0.018777918,0.15969366,-1.0,-1.0
0.17991292,-0.02004328,-0.17991292,1.0,-1.0
-0.41941777,-0.021484949,0.41941777,-1.0,-1.0
-0.69715995,-0.021583423,0.69715995,-1.0,-1.0
-0.32112658,-0.020484846,0.32112658,-1.0,-1.0
0.14266227,-0.019484948,-0.14266227,1.0,-1.0
0.67234534,-0.019336782,-0.67234534,1.0,-1.0
-0.56958854,-0.019688383,0.56958854,-1.0,-1.0
0.12416324,-0.019426137,-0.12416324,1.0,-1.0
0.8429919,-0.019794356,-0.8429919,1.0,-1.0
-1.2159612,-0.02094753,1.2159612,-1.0,-1.0
0.07212877,-0.020952027,-0.07212877,1.0,-1.0
-0.21510106,-0.020129774,0.21510106,-1.0,-1.0
-0.9394795,-0.019323274,0.9394795,-1.0,-1.0
-1.6400934,-0.017371282,1.6400934,-1.0,-1.0
-0.22955987,-0.013096894,0.22955987,-1.0,-1.0
0.4023065,-0.015407148,-0.4023065,1.0,-1.0
-1.4734534,-0.02049692,1.4734534,-1.0,-1.0
0.022931406,-0.02296706,-0.022931406,1.0,-1.0
0.5893174,-0.019085325,-0.5893174,1.0,-1.0
-0.2709582,-0.01606549,0.2709582,-1.0,-1.0
0.007936758,-0.014650694,-0.007936758,1.0,-1.0
-1.3744072,-0.01422128,1.3744072,-1.0,-1.0
0.8109755,-0.011298641,-0.8109755,1.0,-1.0
-0.13040301,-0.0107575795,0.13040301,-1.0,-1.0
1.1814892,-0.011727112,-1.1814892,1.0,-1.0
0.5207991,-0.014626975,-0.5207991,1.0,-1.0
0.4293008,-0.017458294,-0.4293008,1.0,-1.0
-0.62464345,-0.019524947,0.62464345,-1.0,-1.0
-0.5018859,-0.020094745,0.5018859,-1.0,-1.0
1.0594369,-0.015735965,-1.0594369,1.0,-1.0
-0.009824506,-0.014728124,0.009824506,-1.0,-1.0
-1.339982,-0.014513138,1.339982,-1.0,-1.0
-0.84828484,-0.012802589,0.84828484,-1.0,-1.0
-1.2585282,-0.00839902,1.2585282,-1.0,-1.0
-0.16855699,-0.006382137,0.16855699,-1.0,-1.0
0.72657925,-0.008930481,-0.72657925,1.0,-1.0
-1.4339627,-0.015017937,1.4339627,-1.0,-1.0
-1.183252,-0.018518474,1.183252,-1.0,-1.0
-0.48002806,-0.009101133,0.48002806,-1.0,-1.0
1.2010022,0.0023815304,1.2010022,1.0,1.0
0.64749575,0.0057105,0.64749575,1.0,1.0
1.0505999,0.00350006,1.0505999,1.0,1.0
1.8858557,-0.001540746,-1.8858557,1.0,-1.0
0.939373,-0.0062655206,-0.939373,1.0,-1.0
0.17529924,-0.009876787,-0.17529924,1.0,-1.0
0.2840119,-0.011692046,-0.2840119,1.0,-1.0
0.10049156,-0.011668242,-0.10049156,1.0,-1.0
-0.80838394,-0.010876316,0.80838394,-1.0,-1.0
1.5616441,-0.009135949,-1.5616441,1.0,-1.0
-0.08358389,-0.0090171425,0.08358389,-1.0,-1.0
1.9075018,-0.008639543,-1.9075018,1.0,-1.0
0.15970121,-0.008878793,-0.15970121,1.0,-1.0
0.11904274,-0.009351241,-0.11904274,1.0,-1.0
0.12820491,-0.00933814,-0.12820491,1.0,-1.0
0.7390278,-0.009664959,-0.7390278,1.0,-1.0
-0.20209311,-0.010363053,0.20209311,-1.0,-1.0
0.40611294,-0.012408278,-0.40611294,1.0,-1.0
0.05968737,-0.014525834,-0.05968737,1.0,-1.0
-0.19541575,-0.014012574,0.19541575,-1.0,-1.0
0.09801185,-0.01255362,-0.09801185,1.0,-1.0
-0.09462486,-0.011505256,0.09462486,-1.0,-1.0
0.3784073,-0.01063758,-0.3784073,1.0,-1.0
0.5873742,-0.010384834,-0.5873742,1.0,-1.0
-0.54085094,-0.010582711,0.54085094,-1.0,-1.0
-0.05688698,-0.010395042,0.05688698,-1.0,-1.0
-0.3906203,-0.010204199,0.3906203,-1.0,-1.0
0.7968189,-0.00966544,-0.7968189,1.0,-1.0
0.40954977,-0.009297903,-0.40954977,1.0,-1.0
0.39244944,-0.010105214,-0.39244944,1.0,-1.0
0.45993578,-0.01054757,-0.45993578,1.0,-1.0
1.3650676,-0.011150411,-1.3650676,1.0,-1.0
0.26470625,-0.01140822,-0.26470625,1.0,-1.0
-0.00762495,-0.0108824475,0.00762495,-1.0,-1.0
0.45283443,-0.010409865,-0.45283443,1.0,-1.0
0.5866408,-0.010004814,-0.5866408,1.0,-1.0
-1.4684268,-0.009746085,1.4684268,-1.0,-1.0
1.0301467,-0.0079036495,-1.0301467,1.0,-1.0
0.16600585,-0.008490193,-0.16600585,1.0,-1.0
0.423169,-0.010556764,-0.423169,1.0,-1.0
0.14304577,-0.012083608,-0.14304577,1.0,-1.0
0.03701746,-0.013237531,-0.03701746,1.0,-1.0
-0.2826475,-0.013972147,0.2826475,-1.0,-1.0
-0.566058,-0.014623503,0.566058,-1.0,-1.0
-0.8016315,-0.014248922,0.8016315,-1.0,-1.0
-0.34283814,-0.012334849,0.34283814,-1.0,-1.0
0.18256864,-0.010854545,-0.18256864,1.0,-1.0
1.4114629,-0.0114419,-1.4114629,1.0,-1.0
-0.14779007,-0.012672312,0.14779007,-1.0,-1.0
0.56659716,-0.014043006,-0.56659716,1.0,-1.0
-0.06710556,-0.015099122,0.06710556,-1.0,-1.0
0.07509756,-0.015964057,-0.07509756,1.0,-1.0
-0.37313402,-0.016432464,0.37313402,-1.0,-1.0
-0.56168973,-0.015681934,0.56168973,-1.0,-1.0
0.8805261,-0.013426109,-0.8805261,1.0,-1.0
1.2313503,-0.012632507,-1.2313503,1.0,-1.0
0.21943252,-0.013596601,-0.21943252,1.0,-1.0
0.2921374,-0.014664172,-0.2921374,1.0,-1.0
0.08119284,-0.019647513,-0.08119284,1.0,-1.0
0.52603656,-0.023429431,-0.52603656,1.0,-1.0
-0.06517853,-0.025222402,0.06517853,-1.0,-1.0
0.75567746,-0.020605098,-0.75567746,1.0,-1.0
-0.060064994,-0.015017892,0.060064994,-1.0,-1.0
-1.6105745,-0.011349491,1.6105745,-1.0,-1.0
1.2493688,-0.00807125,-1.2493688,1.0,-1.0
1.0684446,-0.0061590853,-1.0684446,1.0,-1.0
-0.31863376,-0.005809571,0.31863376,-1.0,-1.0
0.23104109,-0.006685115,-0.23104109,1.0,-1.0
0.8241458,-0.008073668,-0.8241458,1.0,-1.0
0.057058327,-0.009315628,-0.057058327,1.0,-1.0
0.5742341,-0.010240517,-0.5742341,1.0,-1.0
-0.09489536,-0.010560381,0.09489536,-1.0,-1.0
-1.3674256,-0.009301412,1.3674256,-1.0,-1.0
0.9579763,-0.0054374407,-0.9579763,1.0,-1.0
0.58212507,-0.0043544467,-0.58212507,1.0,-1.0
-0.480347,-0.0050051617,0.480347,-1.0,-1.0
-0.6005322,-0.005612097,0.6005322,-1.0,-1.0
0.12641999,-0.004181895,-0.12641999,1.0,-1.0
2.1122885,-0.0029053495,-2.1122885,1.0,-1.0
0.034794755,-0.0076823453,-0.034794755,1.0,-1.0
-0.37867516,-0.013087905,0.37867516,-1.0,-1.0
0.17063497,-0.012941486,-0.17063497,1.0,-1.0
-0.1658155,-0.011854227,0.1658155,-1.0,-1.0
0.52290946,-0.010456177,-0.52290946,1.0,-1.0
0.8007829,-0.009937639,-0.8007829,1.0,-1.0
-0.119326204,-0.01021508,0.119326204,-1.0,-1.0
-1.0193101,-0.010052214,1.0193101,-1.0,-1.0
0.5141103,-0.008187267,-0.5141103,1.0,-1.0
1.0304128,-0.006296392,-1.0304128,1.0,-1.0
-0.6528519,-0.005292862,0.6528519,-1.0,-1.0
-0.11222382,-0.004563659,0.11222382,-1.0,-1.0
1.1201788,-0.0033870407,-1.1201788,1.0,-1.0
-0.19245297,-0.0047347243,0.19245297,-1.0,-1.0
-0.28710917,-0.006519779,0.28710917,-1.0,-1.0
-0.64829177,-0.007078405,0.64829177,-1.0,-1.0
0.63180596,-0.0069494727,-0.63180596,1.0,-1.0
0.56491494,-0.0068950276,-0.56491494,1.0,-1.0
0.8904174,-0.0075452547,-0.8904174,1.0,-1.0
0.32365355,-0.009328651,-0.32365355,1.0,-1.0
-0.14021878,-0.014319113,0.14021878,-1.0,-1.0
-0.30549645,-0.017294984,0.30549645,-1.0,-1.0
-0.27997953,-0.018647313,0.27997953,-1.0,-1.0
0.8630627,-0.019018006,-0.8630627,1.0,-1.0
0.111648545,-0.019334052,-0.111648545,1.0,-1.0
-0.20135845,-0.019178767,0.20135845,-1.0,-1.0
-0.7239059,-0.018399756,0.7239059,-1.0,-1.0
0.10911223,-0.016727652,-0.10911223,1.0,-1.0
-1.2334336,-0.015739582,1.2334336,-1.0,-1.0
1.1099194,-0.012681338,-1.1099194,1.0,-1.0
-0.0374631,-0.010704654,0.0374631,-1.0,-1.0
0.14454933,-0.011111586,-0.14454933,1.0,-1.0
-0.9456981,-0.012240498,0.9456981,-1.0,-1.0
0.7444798,-0.012116118,-0.7444798,1.0,-1.0
-1.4550688,-0.01294773,1.4550688,-1.0,-1.0
-1.2021354,-0.010264396,1.2021354,-1.0,-1.0
-0.2056507,-0.0048328037,0.2056507,-1.0,-1.0
-0.57806027,-0.0021840998,0.57806027,-1.0,-1.0
-0.22081602,-0.0016707698,0.22081602,-1.0,-1.0
-0.8758548,-0.0026465126,0.8758548,-1.0,-1.0
0.8731248,-0.006994139,-0.8731248,1.0,-1.0
1.1964576,-0.013865053,-1.1964576,1.0,-1.0
0.021301007,-0.020753987,-0.021301007,1.0,-1.0
-0.45764303,-0.024663065,0.45764303,-1.0,-1.0
1.0209143,-0.021745037,-1.0209143,1.0,-1.0
0.31784487,-0.017872978,-0.31784487,1.0,-1.0
-1.5730513,-0.015053644,1.5730513,-1.0,-1.0
-0.3435439,-0.012113995,0.3435439,-1.0,-1.0
0.91284364,-0.010319653,-0.91284364,1.0,-1.0
1.255674,-0.010584115,-1.255674,1.0,-1.0
1.0326124,-0.012706823,-1.0326124,1.0,-1.0
0.13434298,-0.014406766,-0.13434298,1.0,-1.0
-0.00058356236,-0.015431552,0.00058356236,-1.0,-1.0
0.5090948,-0.016042143,-0.5090948,1.0,-1.0
0.16493988,-0.016558364,-0.16493988,1.0,-1.0
-0.024130408,-0.016869549,0.024130408,-1.0,-1.0
0.4837813,-0.015728597,-0.4837813,1.0,-1.0
1.1715928,-0.014687116,-1.1715928,1.0,-1.0
-0.20816678,-0.015125568,0.20816678,-1.0,-1.0
0.11647735,-0.015848897,-0.11647735,1.0,-1.0
0.091639,-0.016764317,-0.091639,1.0,-1.0
0.25018743,-0.01719562,-0.25018743,1.0,-1.0
-0.2706123,-0.017753225,0.2706123,-1.0,-1.0
-0.73807895,-0.016406361,0.73807895,-1.0,-1.0
0.70010424,-0.01431002,-0.70010424,1.0,-1.0
0.024880186,-0.013610388,-0.024880186,1.0,-1.0
-0.73670465,-0.012698616,0.73670465,-1.0,-1.0
-0.59750354,-0.010465319,0.59750354,-1.0,-1.0
0.8027876,-0.008214845,-0.8027876,1.0,-1.0
0.11160826,-0.008820864,-0.11160826,1.0,-1.0
0.15028091,-0.009803916,-0.15028091,1.0,-1.0
1.184765,-0.010385311,-1.184765,1.0,-1.0
-0.01998166,-0.011397707,0.01998166,-1.0,-1.0
-0.111521974,-0.012314766,0.111521974,-1.0,-1.0
0.25808546,-0.013452913,-0.25808546,1.0,-1.0
0.27103814,-0.01365308,-0.27103814,1.0,-1.0
0.8503673,-0.01311691,-0.8503673,1.0,-1.0
0.23446558,-0.013379465,-0.23446558,1.0,-1.0
-0.03938607,-0.013909138,0.03938607,-1.0,-1.0
0.76643866,-0.013415023,-0.76643866,1.0,-1.0
0.25213274,-0.012821845,-0.25213274,1.0,-1.0
-0.25259316,-0.012874252,0.25259316,-1.0,-1.0
-0.15621303,-0.012081361,0.15621303,-1.0,-1.0
-0.30651718,-0.011396903,0.30651718,-1.0,-1.0
0.393359,-0.010831415,-0.393359,1.0,-1.0
0.15724312,-0.008848521,-0.15724312,1.0,-1.0
0.09073212,-0.0079483865,-0.09073212,1.0,-1.0
-0.40836525,-0.007996152,0.40836525,-1.0,-1.0
0.2675564,-0.0082365675,-0.2675564,1.0,-1.0
0.6195318,-0.008899524,-0.6195318,1.0,-1.0
0.5084444,-0.009403924,-0.5084444,1.0,-1.0
0.5448765,-0.0093630245,-0.5448765,1.0,-1.0
0.1016699,-0.008689473,-0.1016699,1.0,-1.0
0.07410719,-0.008272077,-0.07410719,1.0,-1.0
1.0208066,-0.008038594,-1.0208066,1.0,-1.0
-0.87630284,-0.0074598636,0.87630284,-1.0,-1.0
0.5517027,-0.006885085,-0.5517027,1.0,-1.0
0.28262025,-0.007247302,-0.28262025,1.0,-1.0
0.63893753,-0.0072239744,-0.63893753,1.0,-1.0
-1.3927543,-0.006759144,1.3927543,-1.0,-1.0
-0.7816404,-0.0045801657,0.7816404,-1.0,-1.0
-0.7140266,-0.0008826808,0.7140266,-1.0,-1.0
1.0792036,0.0024154603,1.0792036,1.0,1.0
-0.15581025,0.0009185045,-0.15581025,-1.0,1.0
-2.3149095,-0.0019398736,2.3149095,-1.0,-1.0
-0.514262,0.00016428967,-0.514262,-1.0,1.0
1.1090468,0.0057783728,1.1090468,1.0,1.0
0.081331015,0.0070916587,0.081331015,1.0,1.0
-0.4960172,0.0070238286,-0.4960172,-1.0,1.0
1.5793399,0.008578326,1.5793399,1.0,1.0
-1.3693503,0.008144776,-1.3693503,-1.0,1.0
-1.8381861,0.011239191,-1.8381861,-1.0,1.0
-2.9968798,0.024479648,-2.9968798,-1.0,1.0
1.0354086,0.07421314,1.0354086,1.0,1.0
-0.7734648,0.08664573,-0.7734648,-1.0,1.0
2.3042612,0.08330031,2.3042612,1.0,1.0
0.46716768,0.06727333,0.46716768,1.0,1.0
0.004303398,0.04874081,0.004303398,1.0,1.0
1.684758,0.038252477,1.684758,1.0,1.0
0.38237286,0.028637273,0.38237286,1.0,1.0
1.6133248,0.019086637,1.6133248,1.0,1.0
0.19897793,0.011377077,0.19897793,1.0,1.0
0.97222847,0.0064645004,0.97222847,1.0,1.0
-0.19845553,0.003953882,-0.19845553,-1.0,1.0
0.4239677,0.0047601094,0.4239677,1.0,1.0
-0.89328057,0.0050499034,-0.89328057,-1.0,1.0
1.1483371,0.011541632,1.1483371,1.0,1.0
-0.31537268,0.014486042,-0.31537268,-1.0,1.0
0.15951961,0.015545289,0.15951961,1.0,1.0
-0.5975973,0.0144409565,-0.5975973,-1.0,1.0
-0.003937907,0.015808612,-0.003937907,-1.0,1.0
1.0093051,0.015021357,1.0093051,1.0,1.0
-2.1151075,0.012617731,-2.1151075,-1.0,1.0
-0.16025436,0.020884365,-0.16025436,-1.0,1.0
-0.30180177,0.030388948,-0.30180177,-1.0,1.0
-1.726025,0.03409269,-1.726025,-1.0,1.0
1.158007,0.03947543,1.158007,1.0,1.0
0.44726726,0.038560655,0.44726726,1.0,1.0
1.0665026,0.035923146,1.0665026,1.0,1.0
0.74953026,0.03188118,0.74953026,1.0,1.0
0.5407711,0.027696326,0.5407711,1.0,1.0
0.12566298,0.023765875,0.12566298,1.0,1.0
0.026455007,0.022646768,0.026455007,1.0,1.0
-0.28964558,0.023392208,-0.28964558,-1.0,1.0
1.6976855,0.025086964,1.6976855,1.0,1.0
-0.19410273,0.022689221,-0.19410273,-1.0,1.0
0.2809273,0.01963045,0.2809273,1.0,1.0
0.2511179,0.014991459,0.2511179,1.0,1.0
-0.1861249,0.010586725,-0.1861249,-1.0,1.0
0.40386757,0.011232124,0.40386757,1.0,1.0
-0.1253217,0.012795976,-0.1253217,-1.0,1.0
0.42365527,0.016538896,0.42365527,1.0,1.0
-0.9324108,0.018954683,-0.9324108,-1.0,1.0
0.013839091,0.025016077,0.013839091,1.0,1.0
-0.16814135,0.028718637,-0.16814135,-1.0,1.0
0.8970249,0.0327786,0.8970249,1.0,1.0
-0.9586022,0.033402663,-0.9586022,-1.0,1.0
0.9689348,0.038655233,0.9689348,1.0,1.0
0.7113412,0.041202568,0.7113412,1.0,1.0
-0.20701228,0.040837113,-0.20701228,-1.0,1.0
0.60518473,0.03977626,0.60518473,1.0,1.0
-0.76094663,0.03811657,-0.76094663,-1.0,1.0
0.46791458,0.03755675,0.46791458,1.0,1.0
-0.017116047,0.035705082,-0.017116047,-1.0,1.0
0.39715528,0.033015978,0.39715528,1.0,1.0
-0.18227695,0.029474327,-0.18227695,-1.0,1.0
-0.04748539,0.02447072,-0.04748539,-1.0,1.0
-0.91913235,0.020804109,-0.91913235,-1.0,1.0
0.2145772,0.021433638,0.2145772,1.0,1.0
-0.029944718,0.022848662,-0.029944718,-1.0,1.0
0.26514435,0.026058702,0.26514435,1.0,1.0
0.16141273,0.027324911,0.16141273,1.0,1.0
-0.33002338,0.026559917,-0.33002338,-1.0,1.0
-1.86147,0.027635638,-1.86147,-1.0,1.0
0.40925094,0.033710923,0.40925094,1.0,1.0
-0.28120837,0.036324643,-0.28120837,-1.0,1.0
1.2265644,0.03737265,1.2265644,1.0,1.0
2.5295928,0.035444804,2.5295928,1.0,1.0
0.743123,0.025229376,0.743123,1.0,1.0
0.37568334,0.014840475,0.37568334,1.0,1.0
-0.28926596,0.008584586,-0.28926596,-1.0,1.0
0.023222772,0.0050380067,0.023222772,1.0,1.0
-0.6049735,0.0024003617,-0.6049735,-1.0,1.0
-1.320349,0.0015455043,-1.320349,-1.0,1.0
0.39178145,0.0039312863,0.39178145,1.0,1.0
0.3963585,0.0056357537,0.3963585,1.0,1.0
0.002195087,0.007611724,0.002195087,1.0,1.0
0.5340462,0.010247416,0.5340462,1.0,1.0
0.3467959,0.008986079,0.3467959,1.0,1.0
0.30204803,0.0050233756,0.30204803,1.0,1.0
0.57220054,0.0025675267,0.57220054,1.0,1.0
-0.38012382,0.0006053715,-0.38012382,-1.0,1.0
0.56077856,-0.0003547215,-0.56077856,1.0,-1.0
0.24484563,-0.0013449522,-0.24484563,1.0,-1.0
0.04514491,-0.002145368,-0.04514491,1.0,-1.0
0.6051418,-0.0028005757,-0.6051418,1.0,-1.0
-0.18697757,-0.0028252632,0.18697757,-1.0,-1.0
0.24954538,-0.002350039,-0.24954538,1.0,-1.0
-0.61442137,-0.0029989884,0.61442137,-1.0,-1.0
-0.29638833,-0.001957982,0.29638833,-1.0,-1.0
0.8165786,-0.00087322976,-0.8165786,1.0,-1.0
-0.5414023,-0.0011440882,0.5414023,-1.0,-1.0
-0.0026466653,-0.0015000025,0.0026466653,-1.0,-1.0
0.37993544,-0.0020369545,-0.37993544,1.0,-1.0
-0.3863995,-0.001106623,0.3863995,-1.0,-1.0
-2.9492843,0.0012391811,-2.9492843,-1.0,1.0
-0.08651123,0.024137381,-0.08651123,-1.0,1.0
1.0869124,0.03587076,1.0869124,1.0,1.0
0.72872734,0.027332932,0.72872734,1.0,1.0
1.104276,0.010875202,1.104276,1.0,1.0
-0.04056588,-0.004628155,0.04056588,-1.0,-1.0
-1.1055737,-0.010459467,1.1055737,-1.0,-1.0
-1.0701996,-0.009201228,1.0701996,-1.0,-1.0
-0.42848003,-0.0040773186,0.42848003,-1.0,-1.0
-0.22238868,4.864548e-05,-0.22238868,-1.0,1.0
1.2596027,0.0028419353,1.2596027,1.0,1.0
0.5538045,0.0018148801,0.5538045,1.0,1.0
-1.1103913,-0.0001603433,1.1103913,-1.0,-1.0
0.15603602,0.00079715316,0.15603602,1.0,1.0
-1.5411644,0.0019952997,-1.5411644,-1.0,1.0
0.1575444,0.005394381,0.1575444,1.0,1.0
0.11462798,0.0075909575,0.11462798,1.0,1.0
1.8312793,0.0076217433,1.8312793,1.0,1.0
-0.21126895,0.003467907,-0.21126895,-1.0,1.0
0.9991059,0.0003681301,0.9991059,1.0,1.0
0.8768227,-0.0020413802,-0.8768227,1.0,-1.0
0.61379415,-0.0041454392,-0.61379415,1.0,-1.0
0.53134865,-0.0053625437,-0.53134865,1.0,-1.0
-0.28551322,-0.006076805,0.28551322,-1.0,-1.0
-1.4580716,-0.0118625155,1.4580716,-1.0,-1.0
0.92178696,-0.013251408,-0.92178696,1.0,-1.0
-0.46788958,-0.010252549,0.46788958,-1.0,-1.0
0.52754146,-0.0071089747,-0.52754146,1.0,-1.0
-0.5046826,-0.006257772,0.5046826,-1.0,-1.0
-0.7608598,-0.0057319063,0.7608598,-1.0,-1.0
0.7224881,-0.00152656,-0.7224881,1.0,-1.0
0.3908673,-0.0001782843,-0.3908673,1.0,-1.0
0.36442986,-0.002279851,-0.36442986,1.0,-1.0
-0.946477,-0.004841465,0.946477,-1.0,-1.0
0.6712541,-0.0047721933,-0.6712541,1.0,-1.0
0.03395828,-0.005089331,-0.03395828,1.0,-1.0
-0.27238667,-0.005260877,0.27238667,-1.0,-1.0
1.0426292,-0.0055835242,-1.0426292,1.0,-1.0
-0.0071943807,-0.006494529,0.0071943807,-1.0,-1.0
0.24449877,-0.007551096,-0.24449877,1.0,-1.0
0.23769693,-0.0077457945,-0.23769693,1.0,-1.0
-0.4334185,-0.007572237,0.4334185,-1.0,-1.0
-1.7064127,-0.0066546123,1.7064127,-1.0,-1.0
-0.49691066,-0.0018954867,0.49691066,-1.0,-1.0
-0.46797308,0.00029887323,-0.46797308,-1.0,1.0
0.013602429,0.0016760459,0.013602429,1.0,1.0
-1.5864553,0.002001819,-1.5864553,-1.0,1.0
1.5854144,0.0103092,1.5854144,1.0,1.0
-1.7596738,0.015167068,-1.7596738,-1.0,1.0
-1.2234826,0.023772087,-1.2234826,-1.0,1.0
1.1159278,0.031134123,1.1159278,1.0,1.0
-1.7819008,0.032115623,-1.7819008,-1.0,1.0
0.5520618,0.036398306,0.5520618,1.0,1.0
-2.697309,0.037333224,-2.697309,-1.0,1.0
-0.7567865,0.046778828,-0.7567865,-1.0,1.0
0.48868698,0.053824045,0.48868698,1.0,1.0
-1.3890984,0.05049183,-1.3890984,-1.0,1.0
2.126587,0.04665082,2.126587,1.0,1.0
0.641613,0.03874089,0.641613,1.0,1.0
-1.0653512,0.030772127,-1.0653512,-1.0,1.0
1.0798496,0.027579293,1.0798496,1.0,1.0
-0.21848932,0.02381289,-0.21848932,-1.0,1.0
0.08246534,0.020885434,0.08246534,1.0,1.0
1.7646,0.018797722,1.7646,1.0,1.0
0.15743335,0.014172382,0.15743335,1.0,1.0
-1.1156934,0.009962718,-1.1156934,-1.0,1.0
-0.33069807,0.009184669,-0.33069807,-1.0,1.0
-1.9737221,0.013778784,-1.9737221,-1.0,1.0
0.55385214,0.023876488,0.55385214,1.0,1.0
0.37812355,0.03234989,0.37812355,1.0,1.0
0.6728195,0.036719143,0.6728195,1.0,1.0
-4.839564,0.03805352,-4.839564,-1.0,1.0
-5.9749603,0.056722917,-5.9749603,-1.0,1.0
-0.23314726,0.12153617,-0.23314726,-1.0,1.0
-1.5700525,0.17968838,-1.5700525,-1.0,1.0
9.515388,0.22487381,9.515388,1.0,1.0
-3.460758,0.17558771,-3.460758,-1.0,1.0
1.8092093,0.15574667,1.8092093,1.0,1.0
0.79447126,0.13966043,0.79447126,1.0,1.0
-0.17277808,0.109696865,-0.17277808,-1.0,1.0
-2.240837,0.089413755,-2.240837,-1.0,1.0
0.13268381,0.08818333,0.13268381,1.0,1.0
-2.356749,0.083469175,-2.356749,-1.0,1.0
2.5117204,0.09068826,2.5117204,1.0,1.0
1.6661139,0.08651204,1.6661139,1.0,1.0
2.0259113,0.07620145,2.0259113,1.0,1.0
0.73731333,0.064611316,0.73731333,1.0,1.0
0.06407067,0.057098527,0.06407067,1.0,1.0
0.5802411,0.054415286,0.5802411,1.0,1.0
0.14799915,0.052131142,0.14799915,1.0,1.0
0.62991023,0.05190337,0.62991023,1.0,1.0
1.4726574,0.051886316,1.4726574,1.0,1.0
-0.63815975,0.04798376,-0.63815975,-1.0,1.0
-0.76932395,0.04632508,-0.76932395,-1.0,1.0
0.4346356,0.048423123,0.4346356,1.0,1.0
0.5799775,0.048559282,0.5799775,1.0,1.0
-0.07114809,0.04557364,-0.07114809,-1.0,1.0
3.2558782,0.041816887,3.2558782,1.0,1.0
0.7248201,0.03330866,0.7248201,1.0,1.0
0.10244156,0.025723593,0.10244156,1.0,1.0
0.41323322,0.021860005,0.41323322,1.0,1.0
0.70052725,0.019450562,0.70052725,1.0,1.0
0.08761131,0.017431857,0.08761131,1.0,1.0
-0.38802296,0.017470088,-0.38802296,-1.0,1.0
-1.6135131,0.017852593,-1.6135131,-1.0,1.0
-0.044487104,0.021565078,-0.044487104,-1.0,1.0
-0.6708298,0.024221886,-0.6708298,-1.0,1.0
2.0459056,0.029239189,2.0459056,1.0,1.0
-0.5571225,0.027570922,-0.5571225,-1.0,1.0
0.40111944,0.025035126,0.40111944,1.0,1.0
-0.008118517,0.023420203,-0.008118517,-1.0,1.0
0.41020423,0.021617856,0.41020423,1.0,1.0
0.5800291,0.019915318,0.5800291,1.0,1.0
0.0073687457,0.01789439,0.0073687457,1.0,1.0
-0.52773833,0.016702008,-0.52773833,-1.0,1.0
1.0280683,0.017570803,1.0280683,1.0,1.0
0.09199481,0.015679171,0.09199481,1.0,1.0
0.54829895,0.014300088,0.54829895,1.0,1.0
-0.2743889,0.013488789,-0.2743889,-1.0,1.0
0.382242,0.0137322,0.382242,1.0,1.0
-1.129638,0.015556869,-1.129638,-1.0,1.0
0.939266,0.021845719,0.939266,1.0,1.0
-0.8352185,0.023756482,-0.8352185,-1.0,1.0
-0.030924022,0.028436549,-0.030924022,-1.0,1.0
-0.21786585,0.029586146,-0.21786585,-1.0,1.0
0.9606504,0.030057276,0.9606504,1.0,1.0
1.112172,0.026153218,1.112172,1.0,1.0
-0.00032861094,0.018063862,-0.00032861094,-1.0,1.0
0.80201215,0.011008876,0.80201215,1.0,1.0
0.5218971,0.0068277926,0.5218971,1.0,1.0
0.5164427,0.0045153373,0.5164427,1.0,1.0
-0.11185312,0.004346684,-0.11185312,-1.0,1.0
0.4745097,0.0050468673,0.4745097,1.0,1.0
0.8338955,0.005192215,0.8338955,1.0,1.0
-0.7862297,0.0047586546,-0.7862297,-1.0,1.0
-0.07158868,0.0061674328,-0.07158868,-1.0,1.0
0.6062104,0.0060666506,0.6062104,1.0,1.0
0.2746205,0.004612139,0.2746205,1.0,1.0
-0.3297523,0.0030961826,-0.3297523,-1.0,1.0
0.14074138,0.0026757873,0.14074138,1.0,1.0
-0.39562982,0.0038381356,-0.39562982,-1.0,1.0
0.31936574,0.0050439206,0.31936574,1.0,1.0
0.53737676,0.005423783,0.53737676,1.0,1.0
-0.009048621,0.0045495373,-0.009048621,-1.0,1.0
0.13991348,0.0035705592,0.13991348,1.0,1.0
0.063753165,0.0035042472,0.063753165,1.0,1.0
0.78118867,0.0015817961,0.78118867,1.0,1.0
0.06982236,-0.0022122257,-0.06982236,1.0,-1.0
0.39743277,-0.005043361,-0.39743277,1.0,-1.0
0.01768581,-0.0068349834,-0.01768581,1.0,-1.0
-0.29594424,-0.0059951986,0.29594424,-1.0,-1.0
-0.12494327,-0.0030786127,0.12494327,-1.0,-1.0
-0.36948192,-0.0013570109,0.36948192,-1.0,-1.0
-1.5992132,0.0011445513,-1.5992132,-1.0,1.0
1.47371,0.008260584,1.47371,1.0,1.0
-0.4857866,0.009755279,-0.4857866,-1.0,1.0
0.72819066,0.009519559,0.72819066,1.0,1.0
-0.079748005,0.0073302914,-0.079748005,-1.0,1.0
0.77997154,0.005216679,0.77997154,1.0,1.0
-0.2504128,0.001995959,-0.2504128,-1.0,1.0
1.1345435,0.0011081217,1.1345435,1.0,1.0
0.32300788,-0.0012158187,-0.32300788,1.0,-1.0
0.03030908,-0.003293562,-0.03030908,1.0,-1.0
-0.2897135,-0.0040379907,0.2897135,-1.0,-1.0
-0.010076317,-0.0038984,0.010076317,-1.0,-1.0
-0.5858103,-0.0037026585,0.5858103,-1.0,-1.0
-0.24316695,-0.0025756687,0.24316695,-1.0,-1.0
-0.40041816,-0.0013911457,0.40041816,-1.0,-1.0
1.5186445,-0.0041974853,-1.5186445,1.0,-1.0
-0.42663854,-0.01032542,0.42663854,-1.0,-1.0
0.41339952,-0.01435897,-0.41339952,1.0,-1.0
0.23909843,-0.016638588,-0.23909843,1.0,-1.0
0.31567195,-0.015406466,-0.31567195,1.0,-1.0
-0.63981843,-0.013788714,0.63981843,-1.0,-1.0
-0.692228,-0.011746827,0.692228,-1.0,-1.0
0.5100074,-0.007914352,-0.5100074,1.0,-1.0
0.83464867,-0.005930561,-0.83464867,1.0,-1.0
-0.3165153,-0.006577685,0.3165153,-1.0,-1.0
0.2105979,-0.007695682,-0.2105979,1.0,-1.0
0.26881537,-0.008271101,-0.26881537,1.0,-1.0
0.298347,-0.008502862,-0.298347,1.0,-1.0
0.84858906,-0.0077930647,-0.84858906,1.0,-1.0
-0.048276134,-0.0077541056,0.048276134,-1.0,-1.0
0.4706619,-0.0080070635,-0.4706619,1.0,-1.0
-0.12879303,-0.0069163586,0.12879303,-1.0,-1.0
-0.097016826,-0.0048637087,0.097016826,-1.0,-1.0
0.4789119,-0.004402309,-0.4789119,1.0,-1.0
0.4885419,-0.004827633,-0.4885419,1.0,-1.0
0.44100463,-0.005889132,-0.44100463,1.0,-1.0
-0.5502159,-0.0057389433,0.5502159,-1.0,-1.0
-0.28466177,-0.004587713,0.28466177,-1.0,-1.0
-0.5009061,-0.004504818,0.5009061,-1.0,-1.0
0.5901837,-0.0038347908,-0.5901837,1.0,-1.0
0.26355442,-0.0055140066,-0.26355442,1.0,-1.0
0.40908483,-0.0028061562,-0.40908483,1.0,-1.0
0.33999208,0.0003320283,0.33999208,1.0,1.0
0.06183547,0.002180454,0.06183547,1.0,1.0
0.006551279,0.003658139,0.006551279,1.0,1.0
0.3646592,0.0045420197,0.3646592,1.0,1.0
