experiment,avg_entropy,std_entropy,min_entropy,max_entropy,entropy_range,avg_concentration,std_concentration,temporal_variance,top_timestep_diversity,mean_attention_pattern,phase
sweep_lr_0.001,2.373480280240377,0.24214230787477653,2.1165645122528076,2.7789032459259033,0.6623387336730957,0.06057569322486719,0.004939911332323251,4.602590550730382e-05,0.16666666666666666,"[0.13927916 0.07268135 0.05181717 0.04453056 0.04152694 0.04014086
 0.03979518 0.03981213 0.03989859 0.03997378 0.04015787 0.04051752
 0.04088813 0.04163449 0.04243223 0.04348674 0.04481602 0.04688563
 0.0507458  0.05897985]",Fixed Release
sweep2_h16_lr_0.0005,2.8438319762547812,0.11271542459971141,2.619776964187622,2.9635798931121826,0.34380292892456055,0.05098722564677397,0.0012470634192607772,1.7583664978240367e-05,0.16666666666666666,"[0.04116748 0.04292392 0.04382115 0.04448015 0.04535776 0.04643843
 0.04754319 0.04834779 0.0488657  0.04919286 0.04957898 0.04996733
 0.05041457 0.05104744 0.05190243 0.05304813 0.05459391 0.05675999
 0.05988723 0.0646616 ]",Fixed Release
sweep2_h16_lr_0.0007,2.806462605794271,0.12805842211563115,2.554847240447998,2.943819522857666,0.38897228240966797,0.050813731426994004,0.0010341881371925459,1.4553062173273572e-05,0.16666666666666666,"[0.04325533 0.04504363 0.04610338 0.04640053 0.04658419 0.04681184
 0.0471544  0.04752175 0.04790654 0.04823015 0.04865612 0.04905303
 0.04950539 0.05015148 0.05098839 0.05212389 0.05370911 0.05605833
 0.05955406 0.06518846]",Fixed Release
sweep2_h16_drop_0.2,2.8496049642562866,0.10270746228443968,2.6530773639678955,2.9673221111297607,0.31424474716186523,0.050534564380844436,0.0006236935412034413,8.535492138939019e-06,0.16666666666666666,"[0.04430976 0.04573117 0.04632245 0.04672919 0.04730429 0.04787093
 0.04826705 0.04838951 0.04842258 0.04844543 0.04863374 0.04890609
 0.04927028 0.0498541  0.05064831 0.05174244 0.05323496 0.05532124
 0.05820493 0.06239159]",Fixed Release
sweep2_h16_enc_40,3.563712159792582,0.10840761400680506,3.337214708328247,3.663694143295288,0.326479434967041,0.025245916098356247,0.00019504534974357804,1.489912011145505e-06,0.16666666666666666,"[0.02308388 0.02440418 0.02482031 0.02491688 0.02486196 0.02470442
 0.02453835 0.02427167 0.02404486 0.02385401 0.02367093 0.02351772
 0.02340099 0.02334782 0.02336522 0.02339165 0.02346036 0.02350542
 0.02356526 0.02360416 0.02365507 0.02378573 0.02388167 0.02401536
 0.02415274 0.02431078 0.02443894 0.02454155 0.02468499 0.02485997
 0.02510887 0.02538557 0.02568949 0.02614787 0.02672007 0.02759135
 0.02875395 0.03003417 0.03129001 0.03262179]",Fixed Release
sweep2_hidden_20,2.8015617529551187,0.15657777171667955,2.49796462059021,2.9470598697662354,0.4490952491760254,0.0656686828782161,0.019196356618814504,0.00034125699360070016,0.3333333333333333,"[0.02250615 0.02565876 0.02892364 0.03199397 0.03447478 0.03636971
 0.03793436 0.03938398 0.04087979 0.04254179 0.04449134 0.04686253
 0.04976774 0.05353033 0.05825434 0.06410698 0.07121576 0.0796537
 0.08972829 0.10172205]",Fixed Release
sweep2_h16_enc_30,3.268601338068644,0.10663863862765417,3.046628952026367,3.374612331390381,0.32798337936401367,0.033781648303071656,0.00041132462001729734,3.5150419591145426e-06,0.16666666666666666,"[0.02864041 0.03035868 0.03117043 0.03163361 0.03188009 0.03192861
 0.03191557 0.03183149 0.03175878 0.03164013 0.03153919 0.03155434
 0.0315691  0.03166893 0.03179123 0.0319062  0.03201741 0.03210683
 0.03224398 0.03245027 0.03276039 0.03310197 0.03352938 0.03413179
 0.034933   0.03612886 0.03772233 0.03970327 0.04192844 0.04445529]",Fixed Release
sweep2_h16_enc_15,2.555727481842041,0.09426979500536523,2.3801064491271973,2.672995090484619,0.2928886413574219,0.0675332359969616,0.0011768735419524382,2.445411215191223e-05,0.16666666666666666,"[0.06190939 0.06145465 0.06145196 0.06133173 0.06184439 0.06303053
 0.06433028 0.06524011 0.06599502 0.06677236 0.06784665 0.06937924
 0.07181037 0.07562704 0.08197624]",Fixed Release
sweep2_h16_drop_0.15,2.8438319762547812,0.11271542459971141,2.619776964187622,2.9635798931121826,0.34380292892456055,0.05098722564677397,0.0012470634192607772,1.7583664978240367e-05,0.16666666666666666,"[0.04116748 0.04292392 0.04382115 0.04448015 0.04535776 0.04643843
 0.04754319 0.04834779 0.0488657  0.04919286 0.04957898 0.04996733
 0.05041457 0.05104744 0.05190243 0.05304813 0.05459391 0.05675999
 0.05988723 0.0646616 ]",Fixed Release
sweep_hidden_64,2.7162214517593384,0.1423099550249927,2.4845337867736816,2.9019315242767334,0.41739773750305176,0.05413448934753736,0.0030685937291820005,4.8372786053179345e-05,0.16666666666666666,"[0.03332522 0.02693256 0.029274   0.03386327 0.03896737 0.04372198
 0.04750754 0.05006456 0.05148287 0.05214734 0.05256676 0.05290876
 0.05331526 0.05393251 0.05494034 0.05665292 0.05907893 0.06262534
 0.06831318 0.07837929]",Fixed Release
sweep_dropout_0.15,2.717027028401693,0.0677547252462718,2.61856746673584,2.8196089267730713,0.20104146003723145,0.06354356308778127,0.002932657773680531,2.5642680076511588e-05,0.16666666666666666,"[0.15741127 0.06887035 0.0496873  0.04298131 0.04017112 0.03902216
 0.03874601 0.03894182 0.03941479 0.03994715 0.04049173 0.04106054
 0.04160373 0.04239364 0.04331731 0.04433652 0.04545619 0.04683489
 0.04851474 0.05079744]",Fixed Release
sweep2_hidden_12,2.6373873949050903,0.19880461494743126,2.356114149093628,2.930697202682495,0.5745830535888672,0.07716205529868603,0.020452125575711983,0.00025343684948591385,0.16666666666666666,"[0.01808514 0.01945621 0.02126055 0.02255479 0.02357737 0.02451034
 0.02554636 0.02683268 0.02856562 0.0311044  0.03487029 0.040343
 0.04796409 0.05761405 0.06874531 0.08039256 0.0916289  0.10200541
 0.11190929 0.12303366]",Fixed Release
sweep2_hidden_16,2.8438319762547812,0.11271542459971141,2.619776964187622,2.9635798931121826,0.34380292892456055,0.05098722564677397,0.0012470634192607772,1.7583664978240367e-05,0.16666666666666666,"[0.04116748 0.04292392 0.04382115 0.04448015 0.04535776 0.04643843
 0.04754319 0.04834779 0.0488657  0.04919286 0.04957898 0.04996733
 0.05041457 0.05104744 0.05190243 0.05304813 0.05459391 0.05675999
 0.05988723 0.0646616 ]",Fixed Release
sweep2_h16_lr_0.0008,2.806995471318563,0.13060977918573763,2.548511028289795,2.9452290534973145,0.39671802520751953,0.05068629048764706,0.0008221255220667407,1.1762313915302969e-05,0.16666666666666666,"[0.04376031 0.04567601 0.04693109 0.04726012 0.04741947 0.04760238
 0.0478293  0.04796517 0.04804642 0.0480869  0.04828781 0.04853496
 0.04889137 0.04948285 0.05031782 0.05148554 0.05311907 0.0555271
 0.05906518 0.0647111 ]",Fixed Release
sweep2_h16_drop_0.3,2.880005359649658,0.10097120195390194,2.6660594940185547,2.9712607860565186,0.30520129203796387,0.05033591203391552,0.00045275131650185856,6.26998457750705e-06,0.16666666666666666,"[0.04535885 0.04725922 0.04823549 0.04869392 0.0487636  0.04865339
 0.04851439 0.04837163 0.0483     0.04831075 0.04848875 0.04874488
 0.04906632 0.04954828 0.05017092 0.05109329 0.05234464 0.05405672
 0.05625464 0.05977034]",Fixed Release
sweep2_h16_lr_0.0002,2.8353060483932495,0.11203278693823253,2.6236796379089355,2.9632325172424316,0.3395528793334961,0.051247638960679374,0.001688663233807335,2.4905910019385066e-05,0.16666666666666666,"[0.04254885 0.04386819 0.04431108 0.04425011 0.04427774 0.04454363
 0.04520123 0.04619693 0.04737382 0.04846097 0.04945741 0.05028753
 0.05100981 0.0518103  0.05272273 0.05389317 0.05547307 0.05771255
 0.06093225 0.06566865]",Fixed Release
sweep2_hidden_18,2.87348473072052,0.06161247661708638,2.7574031352996826,2.9565625190734863,0.1991593837738037,0.053686983262499176,0.004237522210585245,4.973354869083139e-05,0.16666666666666666,"[0.03356622 0.03454408 0.03561634 0.03756444 0.03965539 0.04151816
 0.04318667 0.0446812  0.04615336 0.04767511 0.04931062 0.05101555
 0.05273305 0.05467634 0.05679786 0.05926609 0.06215982 0.06557006
 0.06959747 0.07471221]",Fixed Release
exp004_attn1,2.6143439213434854,0.14629148270190193,2.4262919425964355,2.864722967147827,0.4384310245513916,0.052275050431489944,0.0016737093843749275,4.655090722503688e-05,0.3333333333333333,"[0.06823048 0.0603036  0.05553847 0.0510206  0.04743463 0.04498232
 0.04348865 0.042625   0.04225731 0.04231202 0.04268141 0.04325066
 0.04397223 0.04516188 0.04650557 0.04820325 0.05037738 0.05369444
 0.05912068 0.06883945]",Fixed Release
sweep2_h16_lr_0.0003,2.8446985483169556,0.10331896842951402,2.6485962867736816,2.9616312980651855,0.3130350112915039,0.05110416313012441,0.001374352839068926,1.9609463837632353e-05,0.16666666666666666,"[0.04130127 0.0431103  0.04400068 0.04423642 0.04451643 0.04505736
 0.04600608 0.04716058 0.04824901 0.04908469 0.04981617 0.05043312
 0.05101755 0.05172253 0.05257917 0.05371156 0.05525335 0.05743103
 0.06049117 0.06482154]",Fixed Release
exp002_small,2.8204500675201416,0.12179879807127081,2.5700252056121826,2.940681219100952,0.37065601348876953,0.05060818915565809,0.0007293045214271265,9.27725068401455e-06,0.16666666666666666,"[0.04417246 0.04610348 0.04730407 0.04751049 0.04757523 0.047704
 0.04788941 0.04797812 0.04798622 0.04798756 0.04816297 0.04840484
 0.04876372 0.04935434 0.05017722 0.05134136 0.05298751 0.05538044
 0.05885512 0.06436147]",Fixed Release
sweep2_h16_enc_20,2.8438319762547812,0.11271542459971141,2.619776964187622,2.9635798931121826,0.34380292892456055,0.05098722564677397,0.0012470634192607772,1.7583664978240367e-05,0.16666666666666666,"[0.04116748 0.04292392 0.04382115 0.04448015 0.04535776 0.04643843
 0.04754319 0.04834779 0.0488657  0.04919286 0.04957898 0.04996733
 0.05041457 0.05104744 0.05190243 0.05304813 0.05459391 0.05675999
 0.05988723 0.0646616 ]",Fixed Release
sweep_combo1,3.8790116707483926,0.04421156917258098,3.8071084022521973,3.9431612491607666,0.13605284690856934,0.018292497843503952,0.000501276987377176,1.5569713015624128e-06,0.16666666666666666,"[0.01168449 0.01245014 0.01278544 0.01298586 0.01308284 0.01309492
 0.01308096 0.01296922 0.01291449 0.01293729 0.01288066 0.01287793
 0.01294172 0.01296088 0.01294434 0.01307869 0.01319933 0.01329884
 0.01337642 0.01341898 0.01347622 0.01360781 0.01373024 0.01385093
 0.01396229 0.01406209 0.01418258 0.01426565 0.01436044 0.01450336
 0.01464561 0.01480003 0.01486529 0.01500209 0.01513203 0.01529238
 0.01545147 0.01570285 0.01600229 0.01627401 0.01658709 0.01696844
 0.01731172 0.01766302 0.01811903 0.01848931 0.01891788 0.01940489
 0.01999857 0.02053536 0.02118784 0.02191336 0.02272082 0.02369752
 0.02487205 0.02624832 0.02783583 0.0296192  0.03170417 0.03407248]",Fixed Release
sweep_encoder_20,2.717027028401693,0.0677547252462718,2.61856746673584,2.8196089267730713,0.20104146003723145,0.06354356308778127,0.002932657773680531,2.5642680076511588e-05,0.16666666666666666,"[0.15741127 0.06887035 0.0496873  0.04298131 0.04017112 0.03902216
 0.03874601 0.03894182 0.03941479 0.03994715 0.04049173 0.04106054
 0.04160373 0.04239364 0.04331731 0.04433652 0.04545619 0.04683489
 0.04851474 0.05079744]",Fixed Release
sweep2_h16_enc_60,4.007749954859416,0.06002791655766171,3.913865089416504,4.064852237701416,0.1509871482849121,0.016998450892666977,0.0003075606794023467,1.495971593255399e-06,0.16666666666666666,"[0.01364483 0.01456883 0.01468396 0.01487659 0.01508227 0.01530146
 0.01549206 0.01555763 0.01558147 0.01559046 0.01562295 0.0156356
 0.0156462  0.01566848 0.01569111 0.0156975  0.01571738 0.01575996
 0.01583397 0.01595079 0.01607735 0.01618647 0.01623925 0.01625695
 0.01624606 0.01619412 0.01614522 0.01603561 0.01596449 0.01589748
 0.01584987 0.01581179 0.01576545 0.01574853 0.01577907 0.01585368
 0.0159411  0.01602625 0.01609921 0.01617524 0.01627581 0.01637078
 0.01645468 0.01655657 0.01664594 0.01672822 0.01683868 0.01700204
 0.01720356 0.01745534 0.01771327 0.01804346 0.01844814 0.01896523
 0.01955338 0.02032209 0.02131067 0.02244208 0.02352298 0.02425043]",Fixed Release
sweep_encoder_10,2.192684809366862,0.05179020310255697,2.117365837097168,2.281440019607544,0.16407418251037598,0.10327609131733577,0.0011741694043320347,2.5340511237609895e-05,0.16666666666666666,"[0.14432373 0.09737874 0.08538106 0.08359611 0.08578279 0.08973161
 0.09445791 0.09961468 0.10566662 0.11406679]",Fixed Release
sweep2_combo1,3.5860731999079385,0.03622115084528337,3.526200532913208,3.6344239711761475,0.10822343826293945,0.02719896472990513,0.0017041195308157844,9.630551915273123e-06,0.3333333333333333,"[0.01664245 0.01624214 0.01627687 0.01642582 0.01661355 0.01684117
 0.01710253 0.01741176 0.01775441 0.01812404 0.01852686 0.0189571
 0.01943923 0.01996471 0.02053359 0.02115781 0.02180817 0.0224843
 0.02319849 0.02393093 0.02467435 0.02543674 0.02622061 0.02700202
 0.02777906 0.02850212 0.02920467 0.02987773 0.03049573 0.03111885
 0.03171526 0.03228073 0.03280739 0.03328109 0.03375718 0.03424534
 0.03474758 0.0352573  0.03578    0.03638033]",Fixed Release
sweep2_hidden_8,2.88805623849233,0.05153267508576427,2.83010196685791,2.9673290252685547,0.13722705841064453,0.05037202872335911,0.0003972992479180173,5.999248051285085e-06,0.3333333333333333,"[0.03761342 0.04474947 0.04847163 0.04967922 0.05000278 0.05003149
 0.05001028 0.04997281 0.04998252 0.05001828 0.05011387 0.05027397
 0.05042933 0.05077108 0.05116369 0.05164304 0.05220431 0.05301564
 0.05415597 0.05569723]",Fixed Release
sweep_lr_0.0007,2.714244286219279,0.09746704624550906,2.5530149936676025,2.864360809326172,0.31134581565856934,0.05743463026980559,0.0025098710037140906,2.036620491996034e-05,0.16666666666666666,"[0.12867123 0.06362888 0.04957729 0.04464729 0.0424761  0.04157254
 0.04142453 0.04166067 0.0420695  0.04246867 0.0428094  0.04321704
 0.04357739 0.04425346 0.04508063 0.04591942 0.04685799 0.04796456
 0.0496245  0.05249895]",Fixed Release
sweep_dropout_0.2,2.7305002212524414,0.16712517060959228,2.476818084716797,2.9400291442871094,0.4632110595703125,0.06899164679149787,0.015474105744940413,0.00013938858838173448,0.16666666666666666,"[0.17131693 0.065831   0.04726823 0.04168114 0.03966587 0.03905709
 0.03906838 0.03929566 0.03962179 0.03994018 0.04032099 0.04070481
 0.041134   0.04169799 0.04232797 0.04321756 0.04428512 0.0457041
 0.04763037 0.05023082]",Fixed Release
sweep_hidden_16,2.8438319762547812,0.11271542459971141,2.619776964187622,2.9635798931121826,0.34380292892456055,0.05098722564677397,0.0012470634192607772,1.7583664978240367e-05,0.16666666666666666,"[0.04116748 0.04292392 0.04382115 0.04448015 0.04535776 0.04643843
 0.04754319 0.04834779 0.0488657  0.04919286 0.04957898 0.04996733
 0.05041457 0.05104744 0.05190243 0.05304813 0.05459391 0.05675999
 0.05988723 0.0646616 ]",Fixed Release
sweep2_h16_lr_0.0004,2.7962782780329385,0.12657241938763342,2.582423448562622,2.9537320137023926,0.3713085651397705,0.05090571070710818,0.001048454934671557,1.569414558246783e-05,0.16666666666666666,"[0.04168411 0.04325043 0.04403463 0.04476975 0.04589722 0.04712895
 0.04814529 0.04867376 0.04892675 0.04904282 0.04928808 0.0495886
 0.04999986 0.05065047 0.05146871 0.05254728 0.05402973 0.05626619
 0.05967475 0.06493261]",Fixed Release
sweep_lr_0.0003,2.659117897351583,0.10811121162389074,2.5035455226898193,2.829627513885498,0.3260819911956787,0.06663832378884156,0.006309043882632995,3.674175296407371e-05,0.16666666666666666,"[0.16896736 0.06865212 0.04853511 0.04198074 0.03933563 0.03829324
 0.03803127 0.03811814 0.03843641 0.0388407  0.03932657 0.03986142
 0.04042079 0.04116266 0.04206194 0.04328637 0.04480979 0.04691198
 0.04962519 0.05334256]",Fixed Release
sweep2_h16_lr_0.0006,2.8195363680521646,0.12409412969187289,2.5799574851989746,2.956671953201294,0.37671446800231934,0.05097861712177595,0.001321272762725959,1.9812269739344982e-05,0.16666666666666666,"[0.0432934  0.04487201 0.0454934  0.04557328 0.04567483 0.04591311
 0.04636468 0.04694592 0.04761337 0.0482271  0.04890491 0.04951454
 0.05010932 0.05083818 0.05172337 0.05285655 0.05438845 0.05661786
 0.05992396 0.06515182]",Fixed Release
sweep2_h16_drop_0.05,2.7755518356959024,0.13997093278229977,2.5077290534973145,2.919240713119507,0.4115116596221924,0.053453126922249794,0.004198395561128457,6.202093691795432e-05,0.16666666666666666,"[0.03345728 0.03501934 0.03643875 0.03793337 0.03967074 0.04163987
 0.04390036 0.04619884 0.04829598 0.05002739 0.05156574 0.05280708
 0.05390686 0.05504167 0.05620794 0.0576036  0.05941491 0.06208146
 0.066255   0.07253383]",Fixed Release
exp006_monthly,2.483024263381958,0.0010382019480768658,2.481170892715454,2.483931541442871,0.002760648727416992,0.0835591971874237,0.00015926450637090286,8.463258709613027e-06,0.6,"[0.08976077 0.08930035 0.08586823 0.08341908 0.08173005 0.08072136
 0.08031554 0.08025678 0.08060083 0.08131292 0.08250993 0.08420418]",Fixed Release
sweep2_h16_drop_0.1,2.792617917060852,0.12922326536082512,2.5443756580352783,2.9241013526916504,0.37972569465637207,0.05210594336191813,0.002537050227595509,3.735451079695302e-05,0.16666666666666666,"[0.0371447  0.03896041 0.04017214 0.04100017 0.04199965 0.04337622
 0.04522284 0.04715119 0.04876164 0.04991377 0.05087298 0.05160389
 0.05229142 0.05310734 0.05405177 0.05527582 0.05694625 0.05942018
 0.06330208 0.06942556]",Fixed Release
sweep_baseline,2.373480280240377,0.24214230787477653,2.1165645122528076,2.7789032459259033,0.6623387336730957,0.06057569322486719,0.004939911332323251,4.602590550730382e-05,0.16666666666666666,"[0.13927916 0.07268135 0.05181717 0.04453056 0.04152694 0.04014086
 0.03979518 0.03981213 0.03989859 0.03997378 0.04015787 0.04051752
 0.04088813 0.04163449 0.04243223 0.04348674 0.04481602 0.04688563
 0.0507458  0.05897985]",Fixed Release
sweep2_hidden_10,2.812708099683126,0.07112037918645901,2.7353596687316895,2.9234745502471924,0.18811488151550293,0.05182324474056562,0.0015302832634396355,1.679376395670392e-05,0.3333333333333333,"[0.03056717 0.03425249 0.0367265  0.03988138 0.04316145 0.04618363
 0.04872698 0.05061524 0.05195841 0.05284036 0.05347166 0.05392204
 0.05424979 0.05471279 0.05522264 0.05584569 0.05667658 0.05791997
 0.05987706 0.0631882 ]",Fixed Release
sweep_hidden_32,2.717027028401693,0.0677547252462718,2.61856746673584,2.8196089267730713,0.20104146003723145,0.06354356308778127,0.002932657773680531,2.5642680076511588e-05,0.16666666666666666,"[0.15741127 0.06887035 0.0496873  0.04298131 0.04017112 0.03902216
 0.03874601 0.03894182 0.03941479 0.03994715 0.04049173 0.04106054
 0.04160373 0.04239364 0.04331731 0.04433652 0.04545619 0.04683489
 0.04851474 0.05079744]",Fixed Release
sweep2_combo3,3.313215454419454,0.04752137928601988,3.2255160808563232,3.3738176822662354,0.1483016014099121,0.03405150895317396,0.0002909582785786138,1.35995877288172e-06,0.16666666666666666,"[0.02160396 0.02287306 0.02477869 0.02699207 0.02889344 0.03028716
 0.03124274 0.03184211 0.0322466  0.03250731 0.03269431 0.03292528
 0.03311543 0.03332004 0.03352625 0.03371624 0.03393588 0.03416894
 0.03445157 0.03476824 0.03511981 0.03547516 0.03586817 0.03641672
 0.03708586 0.03790781 0.03885228 0.03993014 0.04111629 0.04233844]",Fixed Release
sweep_combo3,3.758692463239034,0.135147129003366,3.560224771499634,4.002936363220215,0.44271159172058105,0.017162032425403595,0.000228216196876898,4.00274928149346e-06,0.3333333333333333,"[0.03137712 0.01955323 0.01680628 0.01578409 0.01544442 0.01533001
 0.01535812 0.0154172  0.01549895 0.01556193 0.01562223 0.01571653
 0.01579794 0.01583652 0.01586459 0.01592256 0.01602216 0.01626382
 0.01645501 0.01663622 0.01679927 0.01691581 0.01690083 0.01692034
 0.01697866 0.0171675  0.01729869 0.01743723 0.01747466 0.01746117
 0.01747707 0.01745595 0.01720301 0.01702878 0.0168183  0.01674577
 0.01665153 0.01663918 0.01659201 0.0165633  0.01654505 0.01652741
 0.01658185 0.01659124 0.01659016 0.01655109 0.01648925 0.01649837
 0.01646159 0.01641801 0.01637632 0.01637598 0.01634448 0.01625216
 0.01605028 0.01580193 0.01549115 0.01520262 0.01502363 0.01502944]",Fixed Release
sweep_hidden_48,2.2390520373980203,0.2328137060969145,1.7408736944198608,2.4376020431518555,0.6967283487319946,0.1483387971917788,0.04021756979183295,0.00019505226295993288,0.16666666666666666,"[0.00828881 0.00879756 0.0091532  0.00967189 0.01037837 0.01124925
 0.01228066 0.01350254 0.01501242 0.01695626 0.01957947 0.02320348
 0.02828614 0.03564394 0.04631271 0.06195755 0.08548675 0.12195992
 0.18101539 0.28126378]",Fixed Release
sweep_lr_0.002,2.4355778296788535,0.22023268169308413,2.2267327308654785,2.8176381587982178,0.5909054279327393,0.05775421609481176,0.0032063865435714182,2.5110714022717134e-05,0.16666666666666666,"[0.12912975 0.06091328 0.04733312 0.04332457 0.04180926 0.04116526
 0.04117145 0.04130971 0.04155313 0.04179882 0.04216638 0.04258746
 0.04294108 0.04365197 0.04444699 0.04559889 0.04692375 0.04898936
 0.0528217  0.06036404]",Fixed Release
sweep_lr_0.0005,2.717027028401693,0.0677547252462718,2.61856746673584,2.8196089267730713,0.20104146003723145,0.06354356308778127,0.002932657773680531,2.5642680076511588e-05,0.16666666666666666,"[0.15741127 0.06887035 0.0496873  0.04298131 0.04017112 0.03902216
 0.03874601 0.03894182 0.03941479 0.03994715 0.04049173 0.04106054
 0.04160373 0.04239364 0.04331731 0.04433652 0.04545619 0.04683489
 0.04851474 0.05079744]",Fixed Release
sweep2_hidden_14,2.871868292490641,0.06427055975366017,2.7765214443206787,2.9636011123657227,0.18707966804504395,0.0506219125042359,0.0005328815898131143,1.017550073771175e-05,0.5,"[0.04338    0.04187188 0.04256599 0.04454436 0.04647199 0.04788697
 0.04885531 0.04949604 0.04991895 0.05023097 0.05051698 0.05077104
 0.0510406  0.05146881 0.0520471  0.0528466  0.05390601 0.05531315
 0.05724729 0.05961995]",Fixed Release
sweep_dropout_0.3,2.963243285814921,0.014641479608696386,2.9358224868774414,2.984788179397583,0.0489656925201416,0.05147436074912548,0.000838129856416832,1.3859488969913225e-05,0.16666666666666666,"[0.08292842 0.05478704 0.04944483 0.04737617 0.04661129 0.04649456
 0.04673082 0.04708572 0.04744601 0.04775529 0.04798324 0.04822196
 0.04839092 0.04855424 0.04863129 0.04859368 0.04849168 0.04832147
 0.04815715 0.0479942 ]",Fixed Release
sweep_combo2,3.555130362510681,0.05489786739101601,3.4679462909698486,3.6192681789398193,0.1513218879699707,0.025133075813452404,9.271664368864408e-05,1.8360531491221246e-06,0.3333333333333333,"[0.0278586  0.02678595 0.0266408  0.02660766 0.02646779 0.02632986
 0.02620996 0.02612691 0.02600237 0.02588006 0.02576504 0.02565112
 0.02554413 0.02543829 0.02535135 0.02526764 0.02519156 0.02512708
 0.02505614 0.02496964 0.02489416 0.02483371 0.02483426 0.02483727
 0.02482509 0.02478838 0.0247516  0.02470684 0.02462839 0.02456044
 0.02446822 0.02439212 0.02418    0.02396599 0.02365499 0.02337114
 0.02301348 0.02262865 0.02229278 0.02210055]",Fixed Release
sweep2_h16_enc_50,3.7822974920272827,0.10549132457995766,3.560270309448242,3.874420404434204,0.3141500949859619,0.020318685720364254,0.00020470579350442413,1.611202781996054e-06,0.16666666666666666,"[0.01798808 0.01894397 0.01916397 0.01923519 0.01919003 0.01911935
 0.01902194 0.01899537 0.01896498 0.01900667 0.01907112 0.01915819
 0.01921509 0.01925873 0.01927019 0.01922922 0.01918495 0.01902812
 0.01888816 0.01878019 0.0186833  0.01860373 0.01854252 0.01853584
 0.01860899 0.01872346 0.01887683 0.01898263 0.01907878 0.01912982
 0.01919586 0.01933271 0.01937353 0.01945204 0.01951602 0.01959216
 0.01967039 0.01978178 0.01992192 0.02013331 0.02039037 0.02071439
 0.02112926 0.02165254 0.02230702 0.0232371  0.02449866 0.02584678
 0.02720646 0.02856832]",Fixed Release
exp001_baseline,2.373480280240377,0.24214230787477653,2.1165645122528076,2.7789032459259033,0.6623387336730957,0.06057569322486719,0.004939911332323251,4.602590550730382e-05,0.16666666666666666,"[0.13927916 0.07268135 0.05181717 0.04453056 0.04152694 0.04014086
 0.03979518 0.03981213 0.03989859 0.03997378 0.04015787 0.04051752
 0.04088813 0.04163449 0.04243223 0.04348674 0.04481602 0.04688563
 0.0507458  0.05897985]",Fixed Release
sweep2_combo2,3.3508344093958535,0.04332854089749746,3.2679712772369385,3.39424204826355,0.12627077102661133,0.03341282779971758,0.00012655144607368922,1.8791397416849335e-06,0.5,"[0.0308229  0.03256378 0.03339244 0.03369702 0.03362019 0.03338644
 0.03317345 0.03301226 0.03290173 0.03283657 0.03279912 0.03279718
 0.03280564 0.03283533 0.03287275 0.0329142  0.03296535 0.03300766
 0.03306572 0.03313484 0.03323099 0.03333337 0.03344368 0.03358518
 0.03374438 0.03397159 0.03427458 0.03467461 0.03520494 0.03593212]",Fixed Release
exp003_large,2.324099620183309,0.19124295018225176,1.9877803325653076,2.542562484741211,0.5547821521759033,0.09207578375935555,0.025755939165037548,0.0003455109595475205,0.16666666666666666,"[0.22816063 0.07479831 0.05239877 0.04159311 0.03703439 0.03575695
 0.03600946 0.03641732 0.03643664 0.03609412 0.03568844 0.03537767
 0.03514748 0.03516673 0.03540942 0.03614723 0.03728996 0.03912329
 0.04285909 0.05309097]",Fixed Release
sweep_encoder_40,3.5951446692148843,0.03714583005776026,3.5325679779052734,3.632444381713867,0.09987640380859375,0.025146587130924065,0.00016280498632809863,2.819735405336561e-06,0.6666666666666666,"[0.02742769 0.02827084 0.02704491 0.02605568 0.02543486 0.02515356
 0.02506913 0.0250897  0.02511403 0.02512543 0.02512849 0.02511256
 0.02509569 0.02508407 0.0250828  0.02505798 0.02501657 0.02497629
 0.02493281 0.02487962 0.02483186 0.02484065 0.0248903  0.02492484
 0.02494318 0.02493309 0.02492102 0.02490538 0.02487818 0.02485472
 0.02480833 0.02480026 0.02461458 0.02446581 0.02425539 0.02409208
 0.0238188  0.02354452 0.02331733 0.02320698]",Fixed Release
exp005_attn4,2.5175819794336953,0.1780586603318098,2.2341620922088623,2.807915687561035,0.5737535953521729,0.05191981544097265,0.0016165418967858212,2.4242232152330396e-05,0.3333333333333333,"[0.07593347 0.06519433 0.05847588 0.05292648 0.04917378 0.04678827
 0.0454671  0.04467039 0.0442761  0.04392988 0.04373729 0.04369513
 0.04370745 0.04406772 0.04460722 0.04545874 0.04662565 0.04874604
 0.0525986  0.05992047]",Fixed Release
sweep2_h16_drop_0.25,2.8106602827707925,0.11409525614512171,2.61167049407959,2.956252336502075,0.34458184242248535,0.05042140247921149,0.0004724011912184114,7.135355695464066e-06,0.16666666666666666,"[0.04742165 0.04766317 0.04810872 0.04840247 0.0485125  0.04836933
 0.04814439 0.04785424 0.04769405 0.04763264 0.04779437 0.04805751
 0.04843567 0.04905362 0.0498288  0.05088924 0.05231389 0.05440873
 0.05741045 0.06200455]",Fixed Release
sweep_encoder_60,3.8745155334472656,0.10604858509329654,3.724900484085083,4.022549629211426,0.2976491451263428,0.016955190959076088,0.00021926780811234794,3.686507566670398e-06,0.5,"[0.021764   0.02000879 0.01978432 0.01884257 0.01790924 0.01722371
 0.01678102 0.01648613 0.01632295 0.01620998 0.01616445 0.01614439
 0.01612841 0.01611161 0.01610156 0.01612433 0.01617918 0.01626588
 0.01637635 0.01650122 0.01665557 0.0168217  0.01690102 0.01695833
 0.01699897 0.01706857 0.01713674 0.01717662 0.01719609 0.01717369
 0.01712018 0.01704614 0.01682963 0.01662533 0.01643076 0.0162932
 0.01615014 0.01606911 0.01603386 0.01595558 0.01585647 0.01581424
 0.01583007 0.01584618 0.01584483 0.01584414 0.01584508 0.01588948
 0.01597318 0.01605533 0.01606904 0.01614911 0.01615767 0.01630369
 0.01634808 0.01635552 0.01633937 0.01639062 0.0164457  0.0165709 ]",Fixed Release
sweep_hidden_24,2.7779075702031455,0.14001933264594027,2.576857328414917,2.9566104412078857,0.37975311279296875,0.05314886383712292,0.003784909948297846,5.4435393338075506e-05,0.16666666666666666,"[0.03682089 0.03965605 0.04115371 0.0419055  0.04206578 0.04208085
 0.04245812 0.04338505 0.0448449  0.04652576 0.0482211  0.04979349
 0.05127076 0.05277567 0.05436644 0.05627301 0.05877902 0.06231232
 0.06793558 0.07737602]",Fixed Release
sweep_dropout_0.1,2.6822930574417114,0.0846936944343966,2.528627395629883,2.7893314361572266,0.26070404052734375,0.05940811149775982,0.003950928276500992,4.3363118101608264e-05,0.16666666666666666,"[0.13355454 0.07479697 0.05492924 0.0468054  0.04298393 0.04111814
 0.04032038 0.04010077 0.04027148 0.04055868 0.04088073 0.04128506
 0.04167075 0.04231942 0.04314825 0.04413848 0.04523333 0.04660197
 0.04837554 0.05090691]",Fixed Release
baseline_h16_drop0.10,2.8185449043909707,0.11923120693946201,2.5987205505371094,2.9563286304473877,0.3576080799102783,0.0516057051718235,0.001664093247072844,1.9894772108308668e-05,0.16666666666666666,"[0.03856603 0.0408154  0.04208284 0.0426441  0.04303709 0.04354295
 0.04436707 0.04557352 0.04711195 0.04857258 0.04988549 0.05091405
 0.05181671 0.05285216 0.05402842 0.05544787 0.05721593 0.0597093
 0.06332324 0.06849335]",Vintage Release
baseline_h20_drop0.30,2.6604120333989463,0.17774455136374748,2.404229164123535,2.871335029602051,0.4671058654785156,0.08254298567771912,0.024567331801983568,0.00027736382444845426,0.16666666666666666,"[0.01382756 0.01505466 0.01706323 0.01911168 0.02101567 0.02287475
 0.02485232 0.02708251 0.02970267 0.03284597 0.03669119 0.04144981
 0.04735657 0.05487502 0.06426081 0.07576666 0.08937329 0.10481553
 0.12189693 0.14008324]",Vintage Release
baseline_h16_drop0.20,2.841848095258077,0.10146753160872926,2.648083448410034,2.958965539932251,0.3108820915222168,0.05053347907960415,0.0006238696212295923,8.121866609816293e-06,0.16666666666666666,"[0.04409831 0.04588849 0.04637399 0.04675482 0.04726984 0.04777595
 0.04813823 0.04827566 0.04835846 0.0484228  0.04864143 0.04891326
 0.04924999 0.04986068 0.05065501 0.0518192  0.05333598 0.05541983
 0.05831078 0.06243729]",Vintage Release
baseline_h10_drop0.30,2.9916796684265137,0.0003204253752180081,2.99118709564209,2.9920554161071777,0.0008683204650878906,0.050260831912358604,2.317576476187801e-05,6.8358614550267e-08,0.16666666666666666,"[0.03783922 0.04304904 0.04645302 0.04841997 0.04954338 0.0502059
 0.05062264 0.05090889 0.05111752 0.05129012 0.05143917 0.05157528
 0.05171159 0.05184252 0.05197828 0.05211689 0.0522598  0.05240679
 0.05254248 0.05267755]",Vintage Release
baseline_h10_drop0.25,2.99015740553538,0.00024647962919939633,2.9897470474243164,2.9903969764709473,0.0006499290466308594,0.05048283996681372,2.356125423223692e-05,1.1643669596621812e-07,0.16666666666666666,"[0.03366774 0.04021506 0.04505798 0.04786067 0.04941874 0.0503228
 0.0508904  0.05127961 0.05156659 0.05179985 0.05200092 0.0521826
 0.05235846 0.05253124 0.05270617 0.05288334 0.05306048 0.05323539
 0.05340008 0.05356188]",Vintage Release
baseline_h12_drop0.20,2.8396137158075967,0.058098602603230104,2.770430564880371,2.95772385597229,0.18729329109191895,0.05737781710922718,0.004600457596333869,5.800721688807002e-05,0.16666666666666666,"[0.02077804 0.02561485 0.0294954  0.03208911 0.03411202 0.03599171
 0.03804385 0.04041882 0.04316364 0.04631418 0.0497934  0.05346937
 0.05720634 0.06082624 0.06429616 0.0675608  0.07063067 0.07359157
 0.07657175 0.08003207]",Vintage Release
baseline_h10_drop0.15,2.7934298117955527,0.09928882291965854,2.620946168899536,2.932277202606201,0.31133103370666504,0.05147357409199079,0.0024943071167900493,4.0084601337365215e-05,0.3333333333333333,"[0.03972606 0.0435275  0.04502194 0.0450293  0.04470342 0.04497869
 0.04585624 0.04696388 0.04812777 0.04914898 0.05004554 0.05079555
 0.05145937 0.05223649 0.05302878 0.05397047 0.05512831 0.0567952
 0.05940691 0.0640496 ]",Vintage Release
baseline_h14_drop0.30,2.9885907570521035,0.0014035888479737844,2.9866108894348145,2.990755558013916,0.0041446685791015625,0.05003591316441695,2.3504023081664185e-05,1.4423854488764952e-06,0.8333333333333334,"[0.049584   0.05055076 0.05088319 0.05100702 0.05098641 0.05084989
 0.05062296 0.05037046 0.05012827 0.04989279 0.04967774 0.04950622
 0.04939858 0.04936233 0.04937477 0.04939315 0.04947545 0.04955328
 0.04965217 0.04973059]",Vintage Release
baseline_h14_drop0.10,2.7716455459594727,0.07978200326766074,2.6735713481903076,2.8868825435638428,0.21331119537353516,0.05421079260607561,0.0032813911207884815,4.3693166051307134e-05,0.16666666666666666,"[0.09103036 0.07356669 0.06566459 0.05974124 0.05478256 0.05051019
 0.04720844 0.04483942 0.04321374 0.04210306 0.04139705 0.0409574
 0.04072595 0.04078697 0.04102951 0.0415876  0.04247512 0.04381153
 0.04582992 0.04873865]",Vintage Release
baseline_h18_drop0.20,2.860894799232483,0.05667841127236893,2.768423318862915,2.9487760066986084,0.18035268783569336,0.053382255136966705,0.0021914890826117434,2.0316416139257805e-05,0.16666666666666666,"[0.0277015  0.03108437 0.03370722 0.03669622 0.03934989 0.04170325
 0.0438699  0.04589381 0.04789984 0.04982738 0.05165856 0.0533556
 0.054926   0.05662567 0.05834059 0.06022946 0.0623209  0.06477019
 0.06785341 0.07218621]",Vintage Release
baseline_h14_drop0.25,2.93703826268514,0.03493312690014694,2.878150224685669,2.970719337463379,0.09256911277770996,0.050458760311206184,0.0007081566693069065,1.1176172162566626e-05,0.3333333333333333,"[0.04313748 0.04309158 0.04429797 0.04605404 0.0477834  0.04909758
 0.04992859 0.05040903 0.05069118 0.05082044 0.05090341 0.05098281
 0.0510857  0.05132312 0.05166561 0.05215066 0.05278559 0.05359492
 0.05459621 0.05560065]",Vintage Release
baseline_h10_drop0.10,2.780064423878988,0.13216887614705713,2.5194506645202637,2.9083099365234375,0.38885927200317383,0.05310768447816372,0.005402935772561853,0.00010907957387064114,0.5,"[0.04919363 0.05141876 0.0515264  0.05003148 0.04764944 0.0453469
 0.04370679 0.04281964 0.04273295 0.04323915 0.04417817 0.04541712
 0.04686111 0.04853311 0.05029663 0.052323   0.05468883 0.05777737
 0.06231893 0.06994059]",Vintage Release
baseline_h16_drop0.30,2.8246991634368896,0.08937423648999888,2.6629202365875244,2.9436392784118652,0.2807190418243408,0.050316156819462776,0.00029354489194096626,4.607750783015281e-06,0.16666666666666666,"[0.04840384 0.04930548 0.04965456 0.04950728 0.04907118 0.04853388
 0.0480507  0.04761659 0.04737986 0.04729231 0.04745071 0.04771429
 0.04807101 0.04870852 0.04947307 0.05056903 0.05200081 0.05395604
 0.05662919 0.06061166]",Vintage Release
baseline_h18_drop0.30,2.8688740730285645,0.06362954021068656,2.7590439319610596,2.95261549949646,0.1935715675354004,0.05222382086018721,0.0016449797430898407,1.7399413363196923e-05,0.16666666666666666,"[0.02880952 0.03332155 0.03746865 0.04063937 0.0429419  0.04485804
 0.04654824 0.04802643 0.04938558 0.05060949 0.05176294 0.05283205
 0.05381688 0.05495397 0.05615519 0.05753455 0.05912191 0.06101529
 0.06340557 0.0667929 ]",Vintage Release
baseline_h18_drop0.10,2.8263362646102905,0.10882762058197502,2.592482566833496,2.91176176071167,0.31927919387817383,0.05911522793273131,0.010687477770964347,0.000124863686360382,0.16666666666666666,"[0.02694651 0.02821167 0.0291183  0.03076606 0.03296002 0.03537681
 0.03788875 0.0404254  0.04297408 0.04550456 0.04813512 0.05092859
 0.05391072 0.05711566 0.06043935 0.06413342 0.06846382 0.07393042
 0.0812241  0.09154662]",Vintage Release
baseline_h14_drop0.20,2.8905426263809204,0.05694594393785226,2.792407512664795,2.9529459476470947,0.1605384349822998,0.05093004492421945,0.0011100060845785794,1.903818697474215e-05,0.3333333333333333,"[0.04198735 0.04094893 0.04130742 0.0427757  0.04504426 0.04750839
 0.04931557 0.05032656 0.05081236 0.05099517 0.05110031 0.05119928
 0.05135399 0.05172533 0.05227255 0.05311013 0.05425028 0.0557702
 0.05783247 0.06036376]",Vintage Release
baseline_h20_drop0.15,2.613322695096334,0.24087136290574748,2.153581380844116,2.8348114490509033,0.6812300682067871,0.08132906506458919,0.03262783342619962,0.00045480595814333737,0.16666666666666666,"[0.01162024 0.01450124 0.01744088 0.02057175 0.02352711 0.02621939
 0.02873405 0.03122169 0.03382376 0.0367142  0.04011995 0.04428281
 0.04941013 0.05597941 0.06413328 0.0739748  0.08536521 0.09821577
 0.11315346 0.13099086]",Vintage Release
baseline_h18_drop0.15,2.867450396219889,0.06645885137136089,2.733947992324829,2.936332941055298,0.20238494873046875,0.055569746841986976,0.004148199515195732,4.1337221931472224e-05,0.16666666666666666,"[0.02708709 0.02934833 0.03063165 0.03277177 0.03530578 0.0379303
 0.04048858 0.04290923 0.04527545 0.04764386 0.05011188 0.05262957
 0.05512382 0.05770763 0.06028327 0.06308426 0.06623254 0.06996708
 0.07462838 0.08083956]",Vintage Release
baseline_h12_drop0.10,2.7284366687138877,0.16755996272572737,2.493840217590332,2.918381929397583,0.424541711807251,0.07282437197864056,0.02065574678745496,0.00025649107196390843,0.16666666666666666,"[0.02660456 0.02627298 0.02722308 0.02794915 0.02855885 0.02909866
 0.02969737 0.03044485 0.03143455 0.0328927  0.03503117 0.03823264
 0.04299735 0.0498222  0.05910943 0.0706211  0.08355534 0.09696233
 0.11005928 0.12343243]",Vintage Release
baseline_h20_drop0.10,2.4292606512705484,0.32711404640629893,1.8346118927001953,2.7408900260925293,0.906278133392334,0.10489038936793804,0.05198039640397516,0.0007206059496023497,0.16666666666666666,"[0.00831418 0.01058705 0.01273486 0.01524031 0.01801876 0.02073062
 0.02322686 0.0255565  0.02784329 0.03027735 0.03312146 0.03671736
 0.0414688  0.04826206 0.05788609 0.07146107 0.08972786 0.11269496
 0.14086772 0.17526285]",Vintage Release
baseline_h14_drop0.15,2.8797436952590942,0.05966694159960841,2.7911558151245117,2.9562108516693115,0.1650550365447998,0.05051154953738054,0.0006760260899161786,1.312135547696863e-05,0.5,"[0.04290056 0.04318412 0.04456433 0.04681452 0.04886036 0.05007256
 0.05057078 0.05063322 0.05049933 0.05030476 0.05015734 0.0500678
 0.05006656 0.050273   0.05064933 0.05129993 0.05226854 0.05360966
 0.05545355 0.05774974]",Vintage Release
baseline_h12_drop0.15,2.85511044661204,0.06555324610348093,2.7405402660369873,2.9543509483337402,0.21381068229675293,0.05920555628836155,0.006790324018703537,7.556963762992241e-05,0.16666666666666666,"[0.02436403 0.02628148 0.02849548 0.03008285 0.03154356 0.03307886
 0.03489966 0.03713948 0.03988377 0.0432289  0.04714361 0.05152765
 0.0562136  0.06097475 0.06567423 0.07014872 0.07430164 0.07812408
 0.08163346 0.08526018]",Vintage Release
baseline_h10_drop0.20,2.914351542790731,0.026036600438747608,2.8791871070861816,2.9561715126037598,0.07698440551757812,0.05169882314900557,0.0007832595590282443,5.464190621537878e-06,0.16666666666666666,"[0.02689599 0.0326079  0.03701188 0.04086623 0.04432875 0.04726076
 0.04956488 0.05126903 0.05252569 0.05341756 0.05408936 0.05461181
 0.05502377 0.05546474 0.05590403 0.05640144 0.05694941 0.05758313
 0.05846559 0.05975807]",Vintage Release
baseline_h16_drop0.25,2.838536779085795,0.09884415407317908,2.656442642211914,2.960329055786133,0.30388641357421875,0.05033006022373835,0.000319303794651563,4.163071855634392e-06,0.16666666666666666,"[0.04834126 0.04925412 0.04913331 0.04885938 0.04851195 0.04814511
 0.04782687 0.04751453 0.04736643 0.04733564 0.04753315 0.04782919
 0.04820568 0.04887354 0.04968242 0.05084804 0.05234659 0.0543589
 0.05706473 0.06096921]",Vintage Release
baseline_h12_drop0.30,2.9180825551350913,0.02046174144831343,2.8989601135253906,2.961056709289551,0.062096595764160156,0.05146022575596968,0.0009484918028886112,1.0100599228173447e-05,0.16666666666666666,"[0.02982602 0.03656041 0.04093956 0.04340433 0.04492723 0.0460793
 0.04712909 0.04821046 0.04931262 0.05043436 0.05155986 0.0526722
 0.05376458 0.05478124 0.05577405 0.0567149  0.05771271 0.05881281
 0.05999803 0.06138625]",Vintage Release
baseline_h18_drop0.25,2.8632379372914634,0.06392218791041838,2.7503628730773926,2.950758695602417,0.20039582252502441,0.05259107860426108,0.0019321709501510245,2.0334411074076978e-05,0.16666666666666666,"[0.03032195 0.03395242 0.03641913 0.03896535 0.04108802 0.04298096
 0.04477647 0.04647957 0.04817036 0.04977416 0.0513068  0.05272939
 0.05404026 0.05548135 0.05695864 0.05861235 0.06046892 0.06266898
 0.06543387 0.06937109]",Vintage Release
baseline_h20_drop0.20,2.815832177797953,0.14953078771051756,2.5045578479766846,2.9377856254577637,0.4332277774810791,0.0627907495945692,0.017050101039661134,0.00026559194908738835,0.3333333333333333,"[0.02201621 0.02545104 0.02865469 0.03162648 0.03418998 0.03635967
 0.03828774 0.04014738 0.04206649 0.04416758 0.04657889 0.04938892
 0.05266748 0.05659685 0.06113791 0.06622287 0.07171205 0.07754018
 0.08396609 0.09122154]",Vintage Release
baseline_h12_drop0.25,2.8929400046666465,0.034027404530096284,2.867825984954834,2.965702772140503,0.09787678718566895,0.05353386824329694,0.0019971716749467776,2.4026972101454478e-05,0.16666666666666666,"[0.02393707 0.03127852 0.03564401 0.03811585 0.03981738 0.04133742
 0.042961   0.04481292 0.04687663 0.04912437 0.05148154 0.05385159
 0.05616685 0.05830719 0.06027547 0.0620241  0.06364174 0.0651907
 0.06671628 0.06843934]",Vintage Release
baseline_h20_drop0.25,2.358626127243042,0.20464800578278916,2.0968806743621826,2.639962911605835,0.5430822372436523,0.12522930527726808,0.03804071985704927,0.00031652677733288596,0.16666666666666666,"[0.00936103 0.00994575 0.01060412 0.01138514 0.01228735 0.01333223
 0.01457619 0.01608546 0.01795331 0.0203196  0.02340729 0.02756886
 0.03323701 0.04129328 0.05286214 0.06947229 0.09305356 0.12563479
 0.16963599 0.22798463]",Vintage Release
baseline_h16_drop0.15,2.863043506940206,0.09566870168733979,2.6752891540527344,2.9745535850524902,0.29926443099975586,0.050922827795147896,0.0008384953927119359,9.024694687503116e-06,0.16666666666666666,"[0.03946019 0.04226983 0.04332802 0.04421027 0.04519808 0.04626371
 0.04726874 0.04802256 0.04859772 0.04904912 0.04956916 0.05008387
 0.05063476 0.05140375 0.05238036 0.05369811 0.05542805 0.05769291
 0.06071716 0.06472364]",Vintage Release
