experiment_name,period1,period2,cosine_similarity,l2_distance,entropy_change,concentration_change,top_timestep1,top_timestep2,top_timestep_delta,signal_cosine,signal_l2,signal_entropy,signal_top_timestep,n_signals_fired
01_staleness_features_fixed/sweep_stale_h14_drop0.20_lr3,2020,2021,0.9797851210685458,0.045474275946617126,-0.15235543251037598,-0.0008767992258071899,t-0,t-0,0,False,True,True,False,2
01_staleness_features_fixed/sweep_stale_h14_drop0.20_lr3,2021,2022,0.9912339391927256,0.02979152649641037,0.06785011291503906,9.115785360336304e-06,t-0,t-16,16,False,True,True,True,3
01_staleness_features_fixed/sweep_stale_h14_drop0.20_lr3,2022,2023,0.9908429061684185,0.030408252030611038,0.10446572303771973,-0.00033949315547943115,t-16,t-0,16,False,True,True,True,3
01_staleness_features_fixed/sweep_stale_h14_drop0.20_lr3,2023,2024,0.9967668987308161,0.018046164885163307,-0.08569097518920898,0.00012702122330665588,t-0,t-0,0,False,False,True,False,1
01_staleness_features_fixed/sweep_stale_h22_drop0.30_lr3,2020,2021,0.9868938131834483,0.04619451239705086,-0.18514537811279297,0.010225437581539154,t-0,t-0,0,False,True,True,False,2
01_staleness_features_fixed/sweep_stale_h22_drop0.30_lr3,2021,2022,0.9703449720847194,0.06667263060808182,0.09899759292602539,-0.012224778532981873,t-0,t-0,0,False,True,True,False,2
01_staleness_features_fixed/sweep_stale_h22_drop0.30_lr3,2022,2023,0.9780382177922372,0.057104844599962234,-0.011447668075561523,0.010498858988285065,t-0,t-0,0,False,True,False,False,1
01_staleness_features_fixed/sweep_stale_h18_drop0.15_lr3,2020,2021,0.9953580829171323,0.02193419635295868,-0.11273789405822754,-0.0011867471039295197,t-0,t-19,19,False,False,True,True,2
01_staleness_features_fixed/sweep_stale_h18_drop0.15_lr3,2021,2022,0.9939992415396404,0.025065520778298378,-0.1400599479675293,0.0016148798167705536,t-19,t-0,19,False,True,True,True,3
01_staleness_features_fixed/sweep_stale_h18_drop0.15_lr3,2022,2023,0.9893733953698043,0.03322272002696991,0.45090413093566895,-0.0017754770815372467,t-0,t-19,19,False,True,True,True,3
01_staleness_features_fixed/sweep_stale_h18_drop0.15_lr3,2024,2025,0.9973754750974103,0.01626245304942131,-0.11301302909851074,0.00035153329372406006,t-19,t-19,0,False,False,True,False,1
01_staleness_features_fixed/sweep_stale_h16_drop0.35_lr5,2021,2022,0.9966978691502163,0.018456149846315384,0.10556268692016602,0.0009115338325500488,t-0,t-0,0,False,False,True,False,1
01_staleness_features_fixed/sweep_stale_h16_drop0.35_lr5,2022,2023,0.9929243723084633,0.026956832036376,0.1023399829864502,-0.0012979879975318909,t-0,t-0,0,False,True,True,False,2
01_staleness_features_fixed/sweep_stale_h16_drop0.35_lr5,2023,2024,0.9994574599298377,0.007375587243586779,-0.08277726173400879,2.4572014808654785e-05,t-0,t-0,0,False,False,True,False,1
01_staleness_features_fixed/staleness_fixed_h16_drop0.25,2020,2021,0.9909484227232974,0.03264196217060089,-0.05931401252746582,-0.004144389182329178,t-0,t-0,0,False,True,True,False,2
01_staleness_features_fixed/staleness_fixed_h16_drop0.25,2021,2022,0.9926913943449697,0.02902536280453205,0.10729503631591797,0.0033368580043315887,t-0,t-0,0,False,True,True,False,2
01_staleness_features_fixed/staleness_fixed_h16_drop0.25,2022,2023,0.9831818932604891,0.04358941689133644,0.16522574424743652,-0.004706863313913345,t-0,t-0,0,False,True,True,False,2
01_staleness_features_fixed/staleness_fixed_h16_drop0.25,2023,2024,0.9983277476944076,0.013075076043605804,-0.07903337478637695,-0.0003663673996925354,t-0,t-0,0,False,False,True,False,1
01_staleness_features_fixed/sweep_stale_h14_drop0.20_lr5,2020,2021,0.9855126029771828,0.03828217834234238,-0.24855494499206543,7.265433669090271e-05,t-15,t-17,2,False,True,True,False,2
01_staleness_features_fixed/sweep_stale_h14_drop0.20_lr5,2021,2022,0.993914425901592,0.02511052042245865,0.06915593147277832,0.001212049275636673,t-17,t-16,1,False,True,True,False,2
01_staleness_features_fixed/sweep_stale_h14_drop0.20_lr5,2022,2023,0.9775425670570076,0.04799378290772438,0.21515631675720215,-0.0017133727669715881,t-16,t-0,16,False,True,True,True,3
01_staleness_features_fixed/sweep_stale_h14_drop0.20_lr5,2023,2024,0.994440727110781,0.0236772783100605,-0.1489098072052002,0.0004419684410095215,t-0,t-19,19,False,False,True,True,2
01_staleness_features_fixed/sweep_stale_h14_drop0.20_lr5,2024,2025,0.9950092269861783,0.0224703811109066,-0.05582547187805176,5.611032247543335e-05,t-19,t-19,0,False,False,True,False,1
01_staleness_features_fixed/sweep_stale_h14_drop0.30_lr3,2020,2021,0.9989266242930491,0.010394246317446232,0.00595545768737793,-0.0001811012625694275,t-15,t-0,15,False,False,False,True,1
01_staleness_features_fixed/sweep_stale_h14_drop0.30_lr3,2022,2023,0.9989450253570282,0.010286266915500164,0.023136138916015625,-0.00014648213982582092,t-0,t-15,15,False,False,False,True,1
01_staleness_features_fixed/sweep_stale_h14_drop0.30_lr3,2023,2024,0.998983636368108,0.010090225376188755,-0.03049921989440918,8.946657180786133e-05,t-15,t-0,15,False,False,False,True,1
01_staleness_features_fixed/sweep_stale_h22_drop0.20_lr3,2020,2021,0.9782595064273927,0.06938572227954865,-0.2362194061279297,0.02078501135110855,t-0,t-0,0,False,True,True,False,2
01_staleness_features_fixed/sweep_stale_h22_drop0.20_lr3,2021,2022,0.9783985862752259,0.06838008761405945,0.1384589672088623,-0.019728094339370728,t-0,t-0,0,False,True,True,False,2
01_staleness_features_fixed/sweep_stale_h22_drop0.20_lr3,2022,2023,0.9829571321739552,0.06385646760463715,-0.09269356727600098,0.020735129714012146,t-0,t-0,0,False,True,True,False,2
01_staleness_features_fixed/sweep_stale_h20_drop0.35_lr3,2021,2022,0.9941341610850865,0.024701207876205444,-0.0637972354888916,0.0014975182712078094,t-0,t-0,0,False,False,True,False,1
01_staleness_features_fixed/sweep_stale_h20_drop0.35_lr3,2022,2023,0.9905232802350301,0.03130732476711273,0.09533810615539551,-0.0016896240413188934,t-0,t-0,0,False,True,True,False,2
01_staleness_features_fixed/sweep_stale_h20_drop0.20_lr3,2020,2021,0.9988822313522405,0.011346272192895412,-0.10239648818969727,0.0008417367935180664,t-0,t-0,0,False,False,True,False,1
01_staleness_features_fixed/sweep_stale_h20_drop0.20_lr3,2022,2023,0.9917770881492438,0.03241698443889618,0.10562968254089355,-0.005151830613613129,t-0,t-0,0,False,True,True,False,2
01_staleness_features_fixed/sweep_stale_h20_drop0.20_lr3,2023,2024,0.9986620101812264,0.012074115686118603,-0.055582523345947266,0.00022397562861442566,t-0,t-0,0,False,False,True,False,1
01_staleness_features_fixed/sweep_stale_h14_drop0.35_lr3,2020,2021,0.998684632977016,0.011507195420563221,0.00715184211730957,-0.00024099275469779968,t-15,t-0,15,False,False,False,True,1
01_staleness_features_fixed/sweep_stale_h14_drop0.35_lr3,2021,2022,0.9996070553979972,0.0062782047316432,-0.0002663135528564453,5.630031228065491e-05,t-0,t-16,16,False,False,False,True,1
01_staleness_features_fixed/sweep_stale_h14_drop0.35_lr3,2023,2024,0.999172435266638,0.00910158921033144,-0.031426191329956055,3.956630825996399e-05,t-15,t-0,15,False,False,False,True,1
01_staleness_features_fixed/sweep_stale_h14_drop0.35_lr3,2024,2025,0.9994506623178484,0.007417081389576197,-0.003290414810180664,1.3027340173721313e-05,t-0,t-15,15,False,False,False,True,1
01_staleness_features_fixed/sweep_stale_h20_drop0.35_lr5,2022,2023,0.9920070276350339,0.028574375435709953,0.04041123390197754,-0.0011911541223526,t-0,t-0,0,False,True,False,False,1
01_staleness_features_fixed/sweep_stale_h20_drop0.35_lr5,2023,2024,0.998952506854228,0.010243486613035202,-0.010338306427001953,5.780532956123352e-05,t-0,t-19,19,False,False,False,True,1
01_staleness_features_fixed/sweep_stale_h20_drop0.35_lr5,2024,2025,0.9996070104550461,0.006274544168263674,-0.010099411010742188,-4.6391040086746216e-05,t-19,t-0,19,False,False,False,True,1
01_staleness_features_fixed/sweep_stale_h16_drop0.20_lr5,2020,2021,0.9727829311211699,0.0588386096060276,-0.012508869171142578,-0.009026169776916504,t-0,t-0,0,False,True,False,False,1
01_staleness_features_fixed/sweep_stale_h16_drop0.20_lr5,2021,2022,0.9667018734716837,0.06583067774772644,0.06288027763366699,0.01060832291841507,t-0,t-0,0,False,True,True,False,2
01_staleness_features_fixed/sweep_stale_h16_drop0.20_lr5,2022,2023,0.9213842833207976,0.09807129204273224,0.22702527046203613,-0.012879975140094757,t-0,t-0,0,True,True,True,False,3
01_staleness_features_fixed/sweep_stale_h16_drop0.20_lr5,2023,2024,0.9987141350418002,0.011398233473300934,-0.0893716812133789,0.00010417401790618896,t-0,t-0,0,False,False,True,False,1
01_staleness_features_fixed/sweep_stale_h16_drop0.20_lr5,2024,2025,0.9966083079701987,0.01851235330104828,-0.05059981346130371,-6.179511547088623e-05,t-0,t-0,0,False,False,True,False,1
01_staleness_features_fixed/baseline_fixed_h16_drop0.25,2021,2022,0.9949914194879407,0.022677792236208916,-0.15877032279968262,0.001107390969991684,t-0,t-0,0,False,False,True,False,1
01_staleness_features_fixed/baseline_fixed_h16_drop0.25,2022,2023,0.9904512461071107,0.031230144202709198,0.34458184242248535,-0.0012667067348957062,t-0,t-0,0,False,True,True,False,2
01_staleness_features_fixed/baseline_fixed_h16_drop0.25,2024,2025,0.9990316524870522,0.009850522503256798,-0.08272433280944824,3.026425838470459e-05,t-0,t-0,0,False,False,True,False,1
01_staleness_features_fixed/sweep_stale_h22_drop0.20_lr5,2020,2021,0.9753613255924645,0.07230202108621597,-0.28693318367004395,0.0213596373796463,t-0,t-0,0,False,True,True,False,2
01_staleness_features_fixed/sweep_stale_h22_drop0.20_lr5,2021,2022,0.976437220110425,0.07058758288621902,0.17701458930969238,-0.02068071812391281,t-0,t-0,0,False,True,True,False,2
01_staleness_features_fixed/sweep_stale_h22_drop0.20_lr5,2022,2023,0.9727757200089056,0.07805286347866058,-0.13595962524414062,0.024160437285900116,t-0,t-0,0,False,True,True,False,2
01_staleness_features_fixed/sweep_stale_h22_drop0.20_lr5,2023,2024,0.9970883171415607,0.02684168703854084,0.00011229515075683594,-0.00868980586528778,t-0,t-0,0,False,True,False,False,1
01_staleness_features_fixed/sweep_stale_h22_drop0.15_lr3,2020,2021,0.9583501801263926,0.09981925040483475,-0.3041367530822754,0.03230294585227966,t-0,t-0,0,True,True,True,False,3
01_staleness_features_fixed/sweep_stale_h22_drop0.15_lr3,2021,2022,0.9331235899317138,0.12167537957429886,0.31723546981811523,-0.03693455457687378,t-0,t-0,0,True,True,True,False,3
01_staleness_features_fixed/sweep_stale_h22_drop0.15_lr3,2022,2023,0.922436253429749,0.13823606073856354,-0.3736438751220703,0.04613029211759567,t-0,t-0,0,True,True,True,False,3
01_staleness_features_fixed/sweep_stale_h22_drop0.15_lr3,2023,2024,0.998058813129856,0.026673421263694763,-0.1349778175354004,0.011078014969825745,t-0,t-0,0,False,True,True,False,2
01_staleness_features_fixed/sweep_stale_h18_drop0.35_lr3,2023,2024,0.9998241915462851,0.004193353932350874,-0.009191751480102539,5.457550287246704e-06,t-19,t-0,19,False,False,False,True,1
01_staleness_features_fixed/sweep_stale_h18_drop0.35_lr3,2024,2025,0.9996852223298631,0.0056115142069756985,-0.01520681381225586,6.32554292678833e-06,t-0,t-19,19,False,False,False,True,1
01_staleness_features_fixed/sweep_stale_h12_drop0.25_lr3,2022,2023,0.9973885420280658,0.016195090487599373,0.03492569923400879,-0.000264875590801239,t-0,t-15,15,False,False,False,True,1
01_staleness_features_fixed/sweep_stale_h12_drop0.25_lr3,2023,2024,0.9996992974318493,0.005485266447067261,-0.012160062789916992,1.7177313566207886e-05,t-15,t-0,15,False,False,False,True,1
01_staleness_features_fixed/sweep_stale_h16_drop0.25_lr5,2020,2021,0.9909484227232974,0.03264196217060089,-0.05931401252746582,-0.004144389182329178,t-0,t-0,0,False,True,True,False,2
01_staleness_features_fixed/sweep_stale_h16_drop0.25_lr5,2021,2022,0.9926913943449697,0.02902536280453205,0.10729503631591797,0.0033368580043315887,t-0,t-0,0,False,True,True,False,2
01_staleness_features_fixed/sweep_stale_h16_drop0.25_lr5,2022,2023,0.9831818932604891,0.04358941689133644,0.16522574424743652,-0.004706863313913345,t-0,t-0,0,False,True,True,False,2
01_staleness_features_fixed/sweep_stale_h16_drop0.25_lr5,2023,2024,0.9983277476944076,0.013075076043605804,-0.07903337478637695,-0.0003663673996925354,t-0,t-0,0,False,False,True,False,1
01_staleness_features_fixed/sweep_stale_monthly_h16_drop0.25,2021,2022,0.992900070451887,0.034471072256565094,0.0012621879577636719,-0.0003204047679901123,t-1,t-11,10,False,True,False,True,2
01_staleness_features_fixed/sweep_stale_monthly_h16_drop0.25,2024,2025,0.9987674288654345,0.014337539672851562,-0.005491971969604492,-2.3171305656433105e-05,t-11,t-4,7,False,False,False,True,1
01_staleness_features_fixed/sweep_stale_h18_drop0.20_lr5,2020,2021,0.9952346537554189,0.02219090610742569,-0.18116044998168945,-0.001189202070236206,t-0,t-0,0,False,False,True,False,1
01_staleness_features_fixed/sweep_stale_h18_drop0.20_lr5,2022,2023,0.9907999082583904,0.030712313950061798,0.3470752239227295,-0.0013632625341415405,t-0,t-19,19,False,True,True,True,3
01_staleness_features_fixed/sweep_stale_h18_drop0.20_lr5,2024,2025,0.9983660997086856,0.012806964106857777,-0.09586048126220703,0.00019280612468719482,t-19,t-0,19,False,False,True,True,2
01_staleness_features_fixed/sweep_stale_h14_drop0.25_lr5,2020,2021,0.9848994991772289,0.03935299441218376,0.0020079612731933594,-0.0014287494122982025,t-16,t-0,16,False,True,False,True,2
01_staleness_features_fixed/sweep_stale_h14_drop0.25_lr5,2021,2022,0.9986242390288921,0.011792095378041267,0.004087209701538086,0.00029357150197029114,t-0,t-16,16,False,False,False,True,1
01_staleness_features_fixed/sweep_stale_h14_drop0.25_lr5,2022,2023,0.996001950389532,0.02008100599050522,0.14344000816345215,-0.0003756396472454071,t-16,t-0,16,False,False,True,True,2
01_staleness_features_fixed/sweep_stale_h14_drop0.25_lr5,2023,2024,0.9987311017040875,0.011293346993625164,-0.10453605651855469,0.0001303553581237793,t-0,t-0,0,False,False,True,False,1
01_staleness_features_fixed/sweep_stale_h16_drop0.30_lr5,2020,2021,0.98341085480813,0.04391923546791077,-0.004448890686035156,-0.005299810320138931,t-0,t-0,0,False,True,False,False,1
01_staleness_features_fixed/sweep_stale_h16_drop0.30_lr5,2021,2022,0.9964032204954639,0.019893450662493706,0.08414125442504883,0.0019117780029773712,t-0,t-0,0,False,False,True,False,1
01_staleness_features_fixed/sweep_stale_h16_drop0.30_lr5,2022,2023,0.9866605284203672,0.03784840926527977,0.15790581703186035,-0.0030532218515872955,t-0,t-0,0,False,True,True,False,2
01_staleness_features_fixed/sweep_stale_h16_drop0.30_lr5,2023,2024,0.9993376355878301,0.008210672065615654,-0.0977632999420166,0.00025999918580055237,t-0,t-0,0,False,False,True,False,1
01_staleness_features_fixed/sweep_stale_h14_drop0.15_lr3,2020,2021,0.9872648905689222,0.036762259900569916,-0.11362123489379883,-0.0012470744550228119,t-0,t-0,0,False,True,True,False,2
01_staleness_features_fixed/sweep_stale_h14_drop0.15_lr3,2021,2022,0.9805825722975912,0.045016106218099594,0.09378576278686523,5.9310346841812134e-05,t-0,t-0,0,False,True,True,False,2
01_staleness_features_fixed/sweep_stale_h14_drop0.15_lr3,2022,2023,0.994353705666658,0.024260252714157104,0.07699346542358398,-0.0009493902325630188,t-0,t-0,0,False,False,True,False,1
01_staleness_features_fixed/sweep_stale_h14_drop0.15_lr3,2023,2024,0.9958728964230235,0.020548412576317787,-0.08415746688842773,-0.00040226802229881287,t-0,t-0,0,False,False,True,False,1
01_staleness_features_fixed/sweep_stale_h12_drop0.15_lr5,2022,2023,0.9896070042525753,0.03272942453622818,0.09764266014099121,-0.001565251499414444,t-0,t-13,13,False,True,True,True,3
01_staleness_features_fixed/sweep_stale_h12_drop0.15_lr5,2023,2024,0.9992765124623373,0.00852160807698965,-0.02349066734313965,5.435198545455933e-06,t-13,t-0,13,False,False,False,True,1
01_staleness_features_fixed/sweep_stale_h12_drop0.15_lr5,2024,2025,0.9996294684026165,0.006097389850765467,-0.08222818374633789,-3.291293978691101e-05,t-0,t-0,0,False,False,True,False,1
01_staleness_features_fixed/sweep_stale_h18_drop0.30_lr3,2020,2021,0.9983639165082304,0.012815537862479687,-0.02383708953857422,-0.00018951669335365295,t-19,t-0,19,False,False,False,True,1
01_staleness_features_fixed/sweep_stale_h18_drop0.30_lr3,2021,2022,0.9965033974752994,0.01874997280538082,0.0068645477294921875,0.00031648948788642883,t-0,t-19,19,False,False,False,True,1
01_staleness_features_fixed/sweep_stale_h18_drop0.30_lr3,2022,2023,0.9965740713182214,0.01855962909758091,0.061231374740600586,-0.0003547370433807373,t-19,t-0,19,False,False,True,True,2
01_staleness_features_fixed/sweep_stale_h12_drop0.35_lr5,2022,2023,0.9970395599930008,0.01724426820874214,0.04530525207519531,-0.00028068944811820984,t-0,t-13,13,False,False,False,True,1
01_staleness_features_fixed/sweep_stale_h12_drop0.35_lr5,2023,2024,0.9997099857506896,0.005385603290051222,-0.008905172348022461,5.6140124797821045e-06,t-13,t-0,13,False,False,False,True,1
01_staleness_features_fixed/sweep_stale_h22_drop0.30_lr5,2020,2021,0.9603080934275985,0.0740039125084877,-0.19235563278198242,0.013081412762403488,t-0,t-0,0,False,True,True,False,2
01_staleness_features_fixed/sweep_stale_h22_drop0.30_lr5,2022,2023,0.9838749763952558,0.0482143796980381,0.019762039184570312,0.005925849080085754,t-0,t-0,0,False,True,False,False,1
01_staleness_features_fixed/sweep_stale_h20_drop0.30_lr5,2022,2023,0.9923439674216632,0.028154568746685982,0.0453343391418457,-0.0015636570751667023,t-0,t-0,0,False,True,False,False,1
01_staleness_features_fixed/sweep_stale_h14_drop0.25_lr3,2020,2021,0.9952255110822457,0.021982084959745407,-0.024715900421142578,5.128234624862671e-05,t-15,t-0,15,False,False,False,True,1
01_staleness_features_fixed/sweep_stale_h14_drop0.25_lr3,2022,2023,0.9982671035661559,0.013219436630606651,0.053575754165649414,-0.0003253854811191559,t-0,t-0,0,False,False,True,False,1
01_staleness_features_fixed/sweep_stale_h14_drop0.25_lr3,2023,2024,0.9986290578481154,0.011745065450668335,-0.06351900100708008,0.00022337213158607483,t-0,t-0,0,False,False,True,False,1
01_staleness_features_fixed/sweep_stale_h16_drop0.15_lr3,2020,2021,0.9643803696471795,0.13944384455680847,0.36344408988952637,-0.07330241054296494,t-0,t-0,0,False,True,True,False,2
01_staleness_features_fixed/sweep_stale_h16_drop0.15_lr3,2021,2022,0.949584773043189,0.10230030119419098,0.33400678634643555,-0.029235802590847015,t-0,t-0,0,True,True,True,False,3
01_staleness_features_fixed/sweep_stale_h16_drop0.15_lr3,2022,2023,0.9878914029086906,0.040918413549661636,0.09671282768249512,-0.007582206279039383,t-0,t-0,0,False,True,True,False,2
01_staleness_features_fixed/sweep_stale_h16_drop0.15_lr3,2023,2024,0.9734682851305764,0.061844710260629654,-0.1403055191040039,0.011939484626054764,t-0,t-0,0,False,True,True,False,2
01_staleness_features_fixed/sweep_stale_h14_drop0.15_lr5,2020,2021,0.9532558832527699,0.0694768875837326,-0.37342047691345215,0.0019085071980953217,t-0,t-19,19,True,True,True,True,4
01_staleness_features_fixed/sweep_stale_h14_drop0.15_lr5,2021,2022,0.9846750471478752,0.04005704075098038,0.1201181411743164,-0.00011402368545532227,t-19,t-16,3,False,True,True,False,2
01_staleness_features_fixed/sweep_stale_h14_drop0.15_lr5,2022,2023,0.9614335483495671,0.06309100240468979,0.241041898727417,-0.0017417073249816895,t-16,t-0,16,False,True,True,True,3
01_staleness_features_fixed/sweep_stale_h14_drop0.15_lr5,2023,2024,0.9879069779323539,0.03518817946314812,-0.15313506126403809,0.0009373463690280914,t-0,t-19,19,False,True,True,True,3
01_staleness_features_fixed/sweep_stale_h16_drop0.35_lr3,2022,2023,0.9910303473181011,0.030338741838932037,0.11144757270812988,-0.0013866908848285675,t-0,t-11,11,False,True,True,True,3
01_staleness_features_fixed/sweep_stale_h16_drop0.35_lr3,2023,2024,0.9993274648881271,0.00820831023156643,-0.06532526016235352,-2.045184373855591e-06,t-11,t-0,11,False,False,True,True,2
01_staleness_features_fixed/sweep_stale_h16_drop0.35_lr3,2024,2025,0.9991002753959223,0.009494632482528687,-0.07050061225891113,1.1742115020751953e-05,t-0,t-0,0,False,False,True,False,1
01_staleness_features_fixed/sweep_stale_h20_drop0.25_lr3,2020,2021,0.9998206958501556,0.004303765948861837,-0.05656099319458008,7.399916648864746e-05,t-0,t-0,0,False,False,True,False,1
01_staleness_features_fixed/sweep_stale_h12_drop0.35_lr3,2022,2023,0.9989663525190633,0.010171163827180862,0.016701221466064453,-5.440413951873779e-05,t-0,t-16,16,False,False,False,True,1
01_staleness_features_fixed/sweep_stale_h12_drop0.35_lr3,2023,2024,0.9997802385903598,0.004688045009970665,-0.009197473526000977,-2.421438694000244e-07,t-16,t-0,16,False,False,False,True,1
01_staleness_features_fixed/sweep_stale_h22_drop0.35_lr3,2020,2021,0.984679457538246,0.0482444204390049,0.0006709098815917969,-0.008937947452068329,t-0,t-0,0,False,True,False,False,1
01_staleness_features_fixed/sweep_stale_h22_drop0.35_lr3,2021,2022,0.990054871327642,0.03516794368624687,-0.04324984550476074,-0.0030363351106643677,t-0,t-0,0,False,True,False,False,1
01_staleness_features_fixed/sweep_stale_h22_drop0.35_lr3,2022,2023,0.9927578242444821,0.029131824150681496,0.1696019172668457,-0.0012397915124893188,t-0,t-0,0,False,True,True,False,2
01_staleness_features_fixed/sweep_stale_h20_drop0.15_lr3,2020,2021,0.9929601037170575,0.042172182351350784,-0.27598142623901367,0.014469020068645477,t-0,t-0,0,False,True,True,False,2
01_staleness_features_fixed/sweep_stale_h20_drop0.15_lr3,2021,2022,0.9944685986789619,0.03620394319295883,0.19423627853393555,-0.011560633778572083,t-0,t-0,0,False,True,True,False,2
01_staleness_features_fixed/sweep_stale_h20_drop0.15_lr3,2022,2023,0.9922248191544278,0.041264113038778305,-0.148392915725708,0.01190689206123352,t-0,t-0,0,False,True,True,False,2
01_staleness_features_fixed/sweep_stale_h20_drop0.15_lr3,2023,2024,0.9900720418566634,0.054833222180604935,-0.20256567001342773,0.020465314388275146,t-0,t-0,0,False,True,True,False,2
01_staleness_features_fixed/sweep_stale_h20_drop0.15_lr3,2024,2025,0.993618320458222,0.04426135495305061,0.10297727584838867,-0.016567379236221313,t-0,t-0,0,False,True,True,False,2
01_staleness_features_fixed/sweep_stale_h20_drop0.15_lr5,2020,2021,0.9945938927662042,0.029968328773975372,-0.24445533752441406,0.007064461708068848,t-0,t-0,0,False,True,True,False,2
01_staleness_features_fixed/sweep_stale_h20_drop0.15_lr5,2021,2022,0.9921974959899352,0.04085272550582886,-0.033556222915649414,0.01224612444639206,t-0,t-0,0,False,True,False,False,1
01_staleness_features_fixed/sweep_stale_h20_drop0.15_lr5,2022,2023,0.9878028185983745,0.05043386295437813,0.13996624946594238,-0.014873221516609192,t-0,t-0,0,False,True,True,False,2
01_staleness_features_fixed/sweep_stale_h20_drop0.15_lr5,2023,2024,0.9988522146314279,0.01256554014980793,-0.07202911376953125,0.0010559484362602234,t-0,t-0,0,False,False,True,False,1
01_staleness_features_fixed/sweep_stale_h22_drop0.15_lr5,2020,2021,0.9669172166483532,0.09701580554246902,-0.3717823028564453,0.035818926990032196,t-0,t-0,0,False,True,True,False,2
01_staleness_features_fixed/sweep_stale_h22_drop0.15_lr5,2021,2022,0.9654864003375152,0.09699368476867676,0.34349656105041504,-0.034390173852443695,t-0,t-0,0,False,True,True,False,2
01_staleness_features_fixed/sweep_stale_h22_drop0.15_lr5,2022,2023,0.9509705987547346,0.1257908195257187,-0.38530707359313965,0.05022001266479492,t-0,t-0,0,True,True,True,False,3
01_staleness_features_fixed/sweep_stale_h22_drop0.15_lr5,2023,2024,0.9984972083499611,0.019288931041955948,-0.0871129035949707,-0.00160304456949234,t-0,t-0,0,False,False,True,False,1
01_staleness_features_fixed/sweep_stale_h22_drop0.15_lr5,2024,2025,0.9980881040807733,0.02657218649983406,-0.02828240394592285,0.010612457990646362,t-0,t-0,0,False,True,False,False,1
01_staleness_features_fixed/sweep_stale_h12_drop0.30_lr3,2022,2023,0.9971289284571604,0.016969669610261917,0.043578147888183594,-0.00020753592252731323,t-0,t-15,15,False,False,False,True,1
01_staleness_features_fixed/sweep_stale_h12_drop0.30_lr3,2023,2024,0.9996397051219261,0.006003459449857473,-0.015730857849121094,4.000961780548096e-06,t-15,t-0,15,False,False,False,True,1
01_staleness_features_fixed/staleness_fixed_h16_drop0.25_seed999,2020,2021,0.9909484227232974,0.03264196217060089,-0.05931401252746582,-0.004144389182329178,t-0,t-0,0,False,True,True,False,2
01_staleness_features_fixed/staleness_fixed_h16_drop0.25_seed999,2021,2022,0.9926913943449697,0.02902536280453205,0.10729503631591797,0.0033368580043315887,t-0,t-0,0,False,True,True,False,2
01_staleness_features_fixed/staleness_fixed_h16_drop0.25_seed999,2022,2023,0.9831818932604891,0.04358941689133644,0.16522574424743652,-0.004706863313913345,t-0,t-0,0,False,True,True,False,2
01_staleness_features_fixed/staleness_fixed_h16_drop0.25_seed999,2023,2024,0.9983277476944076,0.013075076043605804,-0.07903337478637695,-0.0003663673996925354,t-0,t-0,0,False,False,True,False,1
01_staleness_features_fixed/sweep_stale_h18_drop0.25_lr5,2020,2021,0.9968075721991924,0.01804286800324917,-0.06055331230163574,-0.0007129199802875519,t-0,t-0,0,False,False,True,False,1
01_staleness_features_fixed/sweep_stale_h18_drop0.25_lr5,2021,2022,0.9946473089726694,0.023319125175476074,-0.058217525482177734,0.0006844550371170044,t-0,t-0,0,False,False,True,False,1
01_staleness_features_fixed/sweep_stale_h18_drop0.25_lr5,2022,2023,0.9926875828117346,0.02724219113588333,0.3180394172668457,-0.0009011998772621155,t-0,t-0,0,False,True,True,False,2
01_staleness_features_fixed/sweep_stale_h18_drop0.25_lr5,2023,2024,0.9998522610500329,0.003846710314974189,-0.059185028076171875,1.4241784811019897e-05,t-0,t-0,0,False,False,True,False,1
01_staleness_features_fixed/sweep_stale_h18_drop0.25_lr5,2024,2025,0.9984931660051933,0.01228625699877739,-0.08017396926879883,8.141621947288513e-05,t-0,t-0,0,False,False,True,False,1
01_staleness_features_fixed/sweep_stale_h22_drop0.25_lr3,2020,2021,0.9621430880048041,0.07742048054933548,-0.20270371437072754,0.016457952558994293,t-0,t-0,0,False,True,True,False,2
01_staleness_features_fixed/sweep_stale_h22_drop0.25_lr3,2021,2022,0.9820805155299241,0.054331280291080475,0.0855410099029541,-0.011786825954914093,t-0,t-0,0,False,True,True,False,2
01_staleness_features_fixed/sweep_stale_h22_drop0.25_lr3,2022,2023,0.9814730833295243,0.057133935391902924,-0.03989863395690918,0.013949371874332428,t-0,t-0,0,False,True,False,False,1
01_staleness_features_fixed/sweep_stale_h12_drop0.20_lr3,2022,2023,0.9935545760699601,0.02554268203675747,0.07243108749389648,-0.0007331483066082001,t-0,t-14,14,False,True,True,True,3
01_staleness_features_fixed/sweep_stale_h12_drop0.20_lr3,2023,2024,0.9995461991269644,0.0067411973141133785,-0.02223515510559082,3.746151924133301e-05,t-14,t-0,14,False,False,False,True,1
01_staleness_features_fixed/sweep_stale_h12_drop0.20_lr3,2024,2025,0.9997800349739995,0.0046937051229178905,-0.07041478157043457,-3.0372291803359985e-05,t-0,t-0,0,False,False,True,False,1
01_staleness_features_fixed/sweep_stale_h18_drop0.30_lr5,2021,2022,0.9964687107177583,0.018832631409168243,-0.0596928596496582,0.00013361871242523193,t-0,t-0,0,False,False,True,False,1
01_staleness_features_fixed/sweep_stale_h18_drop0.30_lr5,2022,2023,0.9978605288075676,0.014659104868769646,0.181793212890625,-0.0002571120858192444,t-0,t-0,0,False,False,True,False,1
01_staleness_features_fixed/sweep_stale_h12_drop0.20_lr5,2022,2023,0.9940220286793726,0.024655092507600784,0.06311511993408203,-0.0008562617003917694,t-0,t-13,13,False,False,True,True,2
01_staleness_features_fixed/sweep_stale_h12_drop0.20_lr5,2023,2024,0.9993925936924134,0.007804992608726025,-0.02501654624938965,4.994124174118042e-05,t-13,t-0,13,False,False,False,True,1
01_staleness_features_fixed/sweep_stale_h12_drop0.20_lr5,2024,2025,0.9997325175051971,0.005180551204830408,-0.0667719841003418,-4.98257577419281e-05,t-0,t-0,0,False,False,True,False,1
01_staleness_features_fixed/sweep_stale_h18_drop0.20_lr3,2020,2021,0.9969229030801605,0.017731722444295883,-0.13562297821044922,-0.0007658563554286957,t-0,t-0,0,False,False,True,False,1
01_staleness_features_fixed/sweep_stale_h18_drop0.20_lr3,2022,2023,0.9933375806542971,0.02607058174908161,0.30269813537597656,-0.0010083317756652832,t-0,t-19,19,False,True,True,True,3
01_staleness_features_fixed/sweep_stale_h18_drop0.20_lr3,2024,2025,0.9975900128723388,0.01556871272623539,-0.10240507125854492,0.00030284374952316284,t-19,t-19,0,False,False,True,False,1
01_staleness_features_fixed/sweep_stale_h12_drop0.25_lr5,2022,2023,0.9926837204911454,0.027248363941907883,0.06765508651733398,-0.0008840672671794891,t-0,t-13,13,False,True,True,True,3
01_staleness_features_fixed/sweep_stale_h12_drop0.25_lr5,2023,2024,0.9996067033637716,0.006274692714214325,-0.012786626815795898,2.7630478143692017e-05,t-13,t-0,13,False,False,False,True,1
01_staleness_features_fixed/sweep_stale_h12_drop0.25_lr5,2024,2025,0.999869685740553,0.003611811902374029,-0.06085705757141113,-1.4699995517730713e-05,t-0,t-0,0,False,False,True,False,1
01_staleness_features_fixed/sweep_stale_h20_drop0.25_lr5,2020,2021,0.9983133285053534,0.013192424550652504,-0.050130605697631836,0.0006596632301807404,t-0,t-0,0,False,False,True,False,1
01_staleness_features_fixed/sweep_stale_h20_drop0.25_lr5,2021,2022,0.9889468019891654,0.0351439006626606,-0.07612180709838867,0.0036240629851818085,t-0,t-0,0,False,True,True,False,2
01_staleness_features_fixed/sweep_stale_h20_drop0.25_lr5,2022,2023,0.9802950955507754,0.046545255929231644,0.1259915828704834,-0.004350136965513229,t-0,t-0,0,False,True,True,False,2
01_staleness_features_fixed/sweep_stale_h12_drop0.30_lr5,2021,2022,0.9961851617919173,0.01966116949915886,-0.06310582160949707,0.0006406977772712708,t-0,t-0,0,False,False,True,False,1
01_staleness_features_fixed/sweep_stale_h12_drop0.30_lr5,2022,2023,0.9929624639464587,0.026671582832932472,0.07825613021850586,-0.0007007531821727753,t-0,t-14,14,False,True,True,True,3
01_staleness_features_fixed/sweep_stale_h12_drop0.30_lr5,2023,2024,0.999584337474024,0.006449100095778704,-0.015401124954223633,1.720711588859558e-05,t-14,t-0,14,False,False,False,True,1
01_staleness_features_fixed/sweep_stale_h12_drop0.30_lr5,2024,2025,0.9998501047808326,0.003872509114444256,-0.054248809814453125,-1.4740973711013794e-05,t-0,t-0,0,False,False,True,False,1
01_staleness_features_fixed/sweep_stale_h20_drop0.20_lr5,2020,2021,0.9964817504879253,0.019761057570576668,-0.06818819046020508,-0.0007500834763050079,t-0,t-0,0,False,False,True,False,1
01_staleness_features_fixed/sweep_stale_h20_drop0.20_lr5,2021,2022,0.9919357991045119,0.03203772008419037,-0.061131954193115234,0.004891764372587204,t-0,t-0,0,False,True,True,False,2
01_staleness_features_fixed/sweep_stale_h20_drop0.20_lr5,2022,2023,0.9735612743404961,0.05663910135626793,0.17444777488708496,-0.0076640285551548,t-0,t-0,0,False,True,True,False,2
01_staleness_features_fixed/sweep_stale_h18_drop0.25_lr3,2020,2021,0.9960970809491541,0.0199657641351223,-0.07695794105529785,-0.000865105539560318,t-19,t-0,19,False,False,True,True,2
01_staleness_features_fixed/sweep_stale_h18_drop0.25_lr3,2021,2022,0.9957047390534447,0.020933879539370537,0.025677204132080078,0.0008571594953536987,t-0,t-19,19,False,False,False,True,1
01_staleness_features_fixed/sweep_stale_h18_drop0.25_lr3,2022,2023,0.9941527991214655,0.024404065683484077,0.23201704025268555,-0.0009529367089271545,t-19,t-19,0,False,False,True,False,1
01_staleness_features_fixed/sweep_stale_h18_drop0.25_lr3,2023,2024,0.9992739657576831,0.008524850010871887,-0.04129362106323242,-4.0143728256225586e-05,t-19,t-0,19,False,False,False,True,1
01_staleness_features_fixed/sweep_stale_h18_drop0.25_lr3,2024,2025,0.9975184941300596,0.01578291319310665,-0.08827757835388184,0.00022602081298828125,t-0,t-19,19,False,False,True,True,2
01_staleness_features_fixed/sweep_stale_h22_drop0.35_lr5,2020,2021,0.9937981091792989,0.02922160178422928,-0.09140563011169434,0.004439212381839752,t-0,t-0,0,False,True,True,False,2
01_staleness_features_fixed/sweep_stale_h22_drop0.35_lr5,2021,2022,0.9910601086690496,0.035492509603500366,-0.07669687271118164,0.004177212715148926,t-0,t-0,0,False,True,True,False,2
01_staleness_features_fixed/sweep_stale_h22_drop0.35_lr5,2022,2023,0.9751993315813765,0.058438487350940704,0.17699480056762695,-0.006524194031953812,t-0,t-0,0,False,True,True,False,2
01_staleness_features_fixed/sweep_stale_h16_drop0.20_lr3,2020,2021,0.9683611949189437,0.06471216678619385,0.05099797248840332,-0.010877776890993118,t-0,t-0,0,False,True,True,False,2
01_staleness_features_fixed/sweep_stale_h16_drop0.20_lr3,2021,2022,0.9905943548692114,0.033444665372371674,0.04670524597167969,0.004268363118171692,t-0,t-0,0,False,True,False,False,1
01_staleness_features_fixed/sweep_stale_h16_drop0.20_lr3,2022,2023,0.9664915032850543,0.06173412501811981,0.16657519340515137,-0.006628304719924927,t-0,t-0,0,False,True,True,False,2
01_staleness_features_fixed/sweep_stale_h16_drop0.20_lr3,2023,2024,0.9975736904856678,0.015781806781888008,-0.08382320404052734,0.0006284452974796295,t-0,t-0,0,False,False,True,False,1
01_staleness_features_fixed/sweep_stale_h16_drop0.20_lr3,2024,2025,0.9968768542449603,0.017879636958241463,-0.05225348472595215,-0.0004674382507801056,t-0,t-0,0,False,False,True,False,1
01_staleness_features_fixed/sweep_stale_h16_drop0.30_lr3,2022,2023,0.9865538533032125,0.037342507392168045,0.13770222663879395,-0.0020118989050388336,t-0,t-10,10,False,True,True,True,3
01_staleness_features_fixed/sweep_stale_h16_drop0.30_lr3,2023,2024,0.9994982442088449,0.007091514300554991,-0.07149577140808105,-1.1835247278213501e-05,t-10,t-0,10,False,False,True,True,2
01_staleness_features_fixed/sweep_stale_h16_drop0.30_lr3,2024,2025,0.9990819984834836,0.009594224393367767,-0.06385397911071777,3.8821250200271606e-05,t-0,t-0,0,False,False,True,False,1
01_staleness_features_fixed/sweep_stale_h16_drop0.25_lr3,2020,2021,0.9930109435714998,0.027335483580827713,0.002499818801879883,-0.0021530836820602417,t-0,t-0,0,False,True,False,False,1
01_staleness_features_fixed/sweep_stale_h16_drop0.25_lr3,2021,2022,0.9927189281645744,0.027905428782105446,0.027220487594604492,0.002195894718170166,t-0,t-0,0,False,True,False,False,1
01_staleness_features_fixed/sweep_stale_h16_drop0.25_lr3,2022,2023,0.980892979977461,0.044822052121162415,0.1595609188079834,-0.0028402283787727356,t-0,t-0,0,False,True,True,False,2
01_staleness_features_fixed/sweep_stale_h16_drop0.25_lr3,2023,2024,0.9995017298010537,0.007069597020745277,-0.07207202911376953,7.074326276779175e-06,t-0,t-0,0,False,False,True,False,1
01_staleness_features_fixed/sweep_stale_h16_drop0.25_lr3,2024,2025,0.9988666046754705,0.010664084926247597,-0.06672453880310059,2.2813677787780762e-05,t-0,t-0,0,False,False,True,False,1
01_staleness_features_fixed/sweep_stale_h14_drop0.35_lr5,2020,2021,0.9855245248266996,0.0385623537003994,0.038541316986083984,-0.0016574673354625702,t-16,t-15,1,False,True,False,False,1
01_staleness_features_fixed/sweep_stale_h14_drop0.35_lr5,2022,2023,0.9972400379964449,0.016652576625347137,0.10076427459716797,-0.0002513788640499115,t-16,t-14,2,False,False,True,False,1
01_staleness_features_fixed/sweep_stale_h14_drop0.35_lr5,2023,2024,0.9991924232707775,0.008994889445602894,-0.06270384788513184,5.343928933143616e-05,t-14,t-0,14,False,False,True,True,2
01_staleness_features_fixed/sweep_stale_h16_drop0.15_lr5,2020,2021,0.9632421848845858,0.07287974655628204,0.040513038635253906,-0.014212433248758316,t-0,t-0,0,False,True,False,False,1
01_staleness_features_fixed/sweep_stale_h16_drop0.15_lr5,2021,2022,0.9901751375124118,0.035450130701065063,0.03347444534301758,0.005565207451581955,t-0,t-0,0,False,True,False,False,1
01_staleness_features_fixed/sweep_stale_h16_drop0.15_lr5,2022,2023,0.9483270421301302,0.07797624170780182,0.1736760139465332,-0.00924556702375412,t-0,t-0,0,True,True,True,False,3
01_staleness_features_fixed/sweep_stale_h16_drop0.15_lr5,2023,2024,0.9960814463381692,0.020065682008862495,-0.06692743301391602,0.0007438622415065765,t-0,t-0,0,False,False,True,False,1
01_staleness_features_fixed/sweep_stale_h14_drop0.30_lr5,2020,2021,0.9935052002970887,0.025670846924185753,0.026247739791870117,-0.0007995776832103729,t-16,t-16,0,False,True,False,False,1
01_staleness_features_fixed/sweep_stale_h14_drop0.30_lr5,2022,2023,0.9977725681278133,0.014958729967474937,0.09457778930664062,-0.00025603920221328735,t-16,t-15,1,False,False,True,False,1
01_staleness_features_fixed/sweep_stale_h14_drop0.30_lr5,2023,2024,0.9989397000798714,0.010306289419531822,-0.06268668174743652,8.48621129989624e-05,t-15,t-0,15,False,False,True,True,2
01_staleness_features_fixed/sweep_stale_h12_drop0.15_lr3,2022,2023,0.9898514021224402,0.03225624933838844,0.10329365730285645,-0.0013747550547122955,t-0,t-0,0,False,True,True,False,2
01_staleness_features_fixed/sweep_stale_h12_drop0.15_lr3,2024,2025,0.9995451936155115,0.0067525506019592285,-0.07896161079406738,-5.426257848739624e-05,t-0,t-0,0,False,False,True,False,1
01_staleness_features_fixed/sweep_stale_h22_drop0.25_lr5,2020,2021,0.9616578224681444,0.0800604447722435,-0.23139643669128418,0.018582358956336975,t-0,t-0,0,False,True,True,False,2
01_staleness_features_fixed/sweep_stale_h22_drop0.25_lr5,2021,2022,0.9956565868998839,0.02741333842277527,0.00189971923828125,0.004543706774711609,t-0,t-0,0,False,True,False,False,1
01_staleness_features_fixed/sweep_stale_h22_drop0.25_lr5,2022,2023,0.9844330964361137,0.05017208680510521,0.046295166015625,-0.003868669271469116,t-0,t-0,0,False,True,False,False,1
01_staleness_features_fixed/sweep_stale_h18_drop0.15_lr5,2020,2021,0.9955720927444176,0.021297961473464966,-0.14171290397644043,-0.0008518435060977936,t-0,t-19,19,False,False,True,True,2
01_staleness_features_fixed/sweep_stale_h18_drop0.15_lr5,2021,2022,0.9900941785436276,0.03223060071468353,-0.31629347801208496,0.0020460113883018494,t-19,t-0,19,False,True,True,True,3
01_staleness_features_fixed/sweep_stale_h18_drop0.15_lr5,2022,2023,0.9853860692759574,0.039032552391290665,0.5816709995269775,-0.002162594348192215,t-0,t-19,19,False,True,True,True,3
01_staleness_features_fixed/sweep_stale_h18_drop0.15_lr5,2024,2025,0.9982074683724858,0.013430562801659107,-0.09128546714782715,0.00016032159328460693,t-19,t-19,0,False,False,True,False,1
00_baseline_exploration/sweep_lr_0.001,2020,2021,0.9711051153079571,0.06380250304937363,-0.07037782669067383,-0.012029815465211868,t-19,t-19,0,False,True,True,False,2
00_baseline_exploration/sweep_lr_0.001,2021,2022,0.983513572245363,0.04603205993771553,0.06352353096008301,0.0070502869784832,t-19,t-19,0,False,True,True,False,2
00_baseline_exploration/sweep_lr_0.001,2022,2023,0.9771936099063735,0.05348101630806923,0.5988152027130127,-0.00733504444360733,t-19,t-19,0,False,True,True,False,2
00_baseline_exploration/sweep_lr_0.001,2023,2024,0.9851935114938923,0.04396570473909378,-0.18376660346984863,0.007258206605911255,t-19,t-19,0,False,True,True,False,2
00_baseline_exploration/sweep_lr_0.001,2024,2025,0.9921035210568881,0.03307550027966499,-0.21188974380493164,0.004761137068271637,t-19,t-19,0,False,True,True,False,2
00_baseline_exploration/sweep2_h16_lr_0.0005,2021,2022,0.9859033760409435,0.03887147083878517,-0.2290053367614746,0.0030850060284137726,t-0,t-0,0,False,True,True,False,2
00_baseline_exploration/sweep2_h16_lr_0.0005,2022,2023,0.9759013329412464,0.0505295991897583,0.34380292892456055,-0.003452107310295105,t-0,t-0,0,False,True,True,False,2
00_baseline_exploration/sweep2_h16_lr_0.0005,2024,2025,0.9994644888231552,0.007334445137530565,-0.07024359703063965,0.0001296699047088623,t-0,t-0,0,False,False,True,False,1
00_baseline_exploration/sweep2_h16_lr_0.0007,2021,2022,0.989321497347383,0.03369349241256714,-0.22790265083312988,0.002524804323911667,t-0,t-0,0,False,True,True,False,2
00_baseline_exploration/sweep2_h16_lr_0.0007,2022,2023,0.980820331049423,0.04491131752729416,0.38897228240966797,-0.0028910376131534576,t-0,t-0,0,False,True,True,False,2
00_baseline_exploration/sweep2_h16_lr_0.0007,2024,2025,0.9992418258581751,0.008718493394553661,-0.08119678497314453,6.0770660638809204e-05,t-0,t-0,0,False,False,True,False,1
00_baseline_exploration/sweep2_h16_drop_0.2,2021,2022,0.9933073430595744,0.026341058313846588,-0.19277548789978027,0.0015021935105323792,t-0,t-0,0,False,True,True,False,2
00_baseline_exploration/sweep2_h16_drop_0.2,2022,2023,0.9881434076875054,0.034950096160173416,0.31424474716186523,-0.001713816076517105,t-0,t-0,0,False,True,True,False,2
00_baseline_exploration/sweep2_h16_drop_0.2,2024,2025,0.9995916750569708,0.006397894583642483,-0.07574224472045898,5.105137825012207e-05,t-0,t-0,0,False,False,True,False,1
00_baseline_exploration/sweep2_h16_enc_40,2021,2022,0.9971457878615526,0.012093499302864075,-0.25932931900024414,0.00038206204771995544,t-0,t-0,0,False,False,True,False,1
00_baseline_exploration/sweep2_h16_enc_40,2022,2023,0.9924820059991984,0.01957370527088642,0.326479434967041,-0.0005419161170721054,t-0,t-0,0,False,False,True,False,1
00_baseline_exploration/sweep2_h16_enc_40,2024,2025,0.9961855183675009,0.013932190835475922,-0.10186100006103516,0.00037194229662418365,t-0,t-0,0,False,False,True,False,1
00_baseline_exploration/sweep2_hidden_20,2020,2021,0.9951647493637135,0.029676668345928192,0.0681753158569336,-0.007759101688861847,t-0,t-0,0,False,True,True,False,2
00_baseline_exploration/sweep2_hidden_20,2021,2022,0.9341096061715998,0.12498980760574341,-0.30036211013793945,0.03999658674001694,t-0,t-0,0,True,True,True,False,3
00_baseline_exploration/sweep2_hidden_20,2022,2023,0.7830323516208165,0.20280960202217102,0.4490952491760254,-0.053085025399923325,t-0,t-0,0,True,True,True,False,3
00_baseline_exploration/sweep2_hidden_20,2023,2024,0.9923523881437211,0.028001192957162857,-0.001163482666015625,-0.0010108761489391327,t-0,t-14,14,False,True,False,True,2
00_baseline_exploration/sweep2_hidden_20,2024,2025,0.9970129186829173,0.01740715652704239,-0.05592489242553711,0.0003608390688896179,t-14,t-0,14,False,False,True,True,2
00_baseline_exploration/sweep2_h16_enc_30,2021,2022,0.9946526906889289,0.019251162186264992,-0.2563822269439697,0.0009306594729423523,t-0,t-0,0,False,False,True,False,1
00_baseline_exploration/sweep2_h16_enc_30,2022,2023,0.9893994000634243,0.027005258947610855,0.32798337936401367,-0.0011213794350624084,t-0,t-0,0,False,True,True,False,2
00_baseline_exploration/sweep2_h16_enc_30,2024,2025,0.9984512530441397,0.010206191800534725,-0.07725358009338379,0.00021710991859436035,t-0,t-0,0,False,False,True,False,1
00_baseline_exploration/sweep2_h16_enc_15,2021,2022,0.9861668251840554,0.043921079486608505,-0.1511998176574707,0.0030653104186058044,t-0,t-0,0,False,True,True,False,2
00_baseline_exploration/sweep2_h16_enc_15,2022,2023,0.9810627953170273,0.051274772733449936,0.2928886413574219,-0.003295518457889557,t-0,t-0,0,False,True,True,False,2
00_baseline_exploration/sweep2_h16_enc_15,2024,2025,0.9991125368691459,0.010891213081777096,-0.05281400680541992,6.0014426708221436e-05,t-0,t-0,0,False,False,True,False,1
00_baseline_exploration/sweep2_h16_drop_0.15,2021,2022,0.9859033760409435,0.03887147083878517,-0.2290053367614746,0.0030850060284137726,t-0,t-0,0,False,True,True,False,2
00_baseline_exploration/sweep2_h16_drop_0.15,2022,2023,0.9759013329412464,0.0505295991897583,0.34380292892456055,-0.003452107310295105,t-0,t-0,0,False,True,True,False,2
00_baseline_exploration/sweep2_h16_drop_0.15,2024,2025,0.9994644888231552,0.007334445137530565,-0.07024359703063965,0.0001296699047088623,t-0,t-0,0,False,False,True,False,1
00_baseline_exploration/sweep_hidden_64,2020,2021,0.9573465376573999,0.06985675543546677,0.32506585121154785,-0.007541384547948837,t-0,t-0,0,True,True,True,False,3
00_baseline_exploration/sweep_hidden_64,2021,2022,0.9531905595202529,0.0732576847076416,-0.20912981033325195,0.007869571447372437,t-0,t-0,0,True,True,True,False,3
00_baseline_exploration/sweep_hidden_64,2022,2023,0.989978971652636,0.03498334065079689,0.30146169662475586,-0.004810318350791931,t-0,t-0,0,False,True,True,False,2
00_baseline_exploration/sweep_hidden_64,2023,2024,0.9982085250403391,0.013847107999026775,-0.08485817909240723,-0.00029706209897994995,t-0,t-0,0,False,False,True,False,1
00_baseline_exploration/sweep_hidden_64,2024,2025,0.9857394510083657,0.038856685161590576,-0.13335275650024414,-0.0021272264420986176,t-0,t-0,0,False,True,True,False,2
00_baseline_exploration/sweep_dropout_0.15,2020,2021,0.9938864210323627,0.027437593787908554,-0.1331033706665039,0.0013114996254444122,t-19,t-19,0,False,True,True,False,2
00_baseline_exploration/sweep_dropout_0.15,2021,2022,0.9897359350077289,0.039433885365724564,0.04028034210205078,0.0074915699660778046,t-19,t-19,0,False,True,False,False,1
00_baseline_exploration/sweep_dropout_0.15,2022,2023,0.9887655133938953,0.03952986001968384,0.16076111793518066,-0.0037169307470321655,t-19,t-19,0,False,True,True,False,2
00_baseline_exploration/sweep_dropout_0.15,2023,2024,0.9942934464947698,0.027677230536937714,-0.0571441650390625,-0.0030780434608459473,t-19,t-19,0,False,True,True,False,2
00_baseline_exploration/sweep_dropout_0.15,2024,2025,0.9983363906122827,0.014402791857719421,-0.07146239280700684,-1.389533281326294e-06,t-19,t-19,0,False,False,True,False,1
00_baseline_exploration/sweep2_hidden_12,2020,2021,0.9132479316720642,0.10867508500814438,-0.23793649673461914,0.018683839589357376,t-0,t-0,0,True,True,True,False,3
00_baseline_exploration/sweep2_hidden_12,2021,2022,0.9921156987334538,0.03645162656903267,0.07541990280151367,-0.008862443268299103,t-0,t-0,0,False,True,True,False,2
00_baseline_exploration/sweep2_hidden_12,2022,2023,0.9328348473549324,0.1273568719625473,-0.3567392826080322,0.042387887835502625,t-0,t-0,0,True,True,True,False,3
00_baseline_exploration/sweep2_hidden_12,2023,2024,0.9991075450321552,0.014087443239986897,-0.05532717704772949,0.002247229218482971,t-0,t-0,0,False,False,True,False,1
00_baseline_exploration/sweep2_hidden_12,2024,2025,0.9747654930358362,0.08673183619976044,0.30901622772216797,-0.033126138150691986,t-0,t-0,0,False,True,True,False,2
00_baseline_exploration/sweep2_hidden_16,2021,2022,0.9859033760409435,0.03887147083878517,-0.2290053367614746,0.0030850060284137726,t-0,t-0,0,False,True,True,False,2
00_baseline_exploration/sweep2_hidden_16,2022,2023,0.9759013329412464,0.0505295991897583,0.34380292892456055,-0.003452107310295105,t-0,t-0,0,False,True,True,False,2
00_baseline_exploration/sweep2_hidden_16,2024,2025,0.9994644888231552,0.007334445137530565,-0.07024359703063965,0.0001296699047088623,t-0,t-0,0,False,False,True,False,1
00_baseline_exploration/sweep2_h16_lr_0.0008,2021,2022,0.9921235052809302,0.028772303834557533,-0.24314165115356445,0.0019457601010799408,t-0,t-0,0,False,True,True,False,2
00_baseline_exploration/sweep2_h16_lr_0.0008,2022,2023,0.9844155794697093,0.04026971757411957,0.39671802520751953,-0.0022908970713615417,t-0,t-0,0,False,True,True,False,2
00_baseline_exploration/sweep2_h16_lr_0.0008,2024,2025,0.9992237920021633,0.008820860646665096,-0.08371925354003906,6.80685043334961e-05,t-0,t-0,0,False,False,True,False,1
00_baseline_exploration/sweep2_h16_drop_0.3,2021,2022,0.9917674578357648,0.029020000249147415,-0.23078370094299316,0.0012505091726779938,t-0,t-0,0,False,True,True,False,2
00_baseline_exploration/sweep2_h16_drop_0.3,2022,2023,0.990438166724604,0.03125667944550514,0.30520129203796387,-0.0012796856462955475,t-0,t-0,0,False,True,True,False,2
00_baseline_exploration/sweep2_h16_drop_0.3,2024,2025,0.9994968012410671,0.007101753726601601,-0.07610702514648438,2.9791146516799927e-05,t-0,t-0,0,False,False,True,False,1
00_baseline_exploration/sweep2_h16_lr_0.0002,2021,2022,0.9782038686156745,0.04877547547221184,-0.21119976043701172,0.004307091236114502,t-0,t-0,0,False,True,True,False,2
00_baseline_exploration/sweep2_h16_lr_0.0002,2022,2023,0.9678801654425393,0.05888552963733673,0.3395528793334961,-0.004646211862564087,t-0,t-0,0,False,True,True,False,2
00_baseline_exploration/sweep2_h16_lr_0.0002,2024,2025,0.9995351282518172,0.006830064579844475,-0.07617354393005371,8.473917841911316e-05,t-0,t-0,0,False,False,True,False,1
00_baseline_exploration/sweep2_hidden_18,2021,2022,0.954538675243807,0.07568338513374329,-0.10197639465332031,0.010855007916688919,t-0,t-0,0,True,True,True,False,3
00_baseline_exploration/sweep2_hidden_18,2022,2023,0.9268748956031857,0.09454944729804993,0.1991593837738037,-0.012315131723880768,t-0,t-0,0,True,True,True,False,3
00_baseline_exploration/sweep2_hidden_18,2023,2024,0.9992969714302967,0.008538675494492054,-0.05179953575134277,0.0005003847181797028,t-0,t-0,0,False,False,True,False,1
00_baseline_exploration/exp004_attn1,2020,2021,0.983563875303732,0.04116446152329445,-0.19678831100463867,-0.0008446983993053436,t-0,t-19,19,False,True,True,True,3
00_baseline_exploration/exp004_attn1,2021,2022,0.9648633393985715,0.062181256711483,0.03732013702392578,0.004905782639980316,t-19,t-0,19,False,True,False,True,2
00_baseline_exploration/exp004_attn1,2022,2023,0.9511647673757438,0.07306937873363495,0.4011108875274658,-0.0038979724049568176,t-0,t-19,19,True,True,True,True,4
00_baseline_exploration/exp004_attn1,2023,2024,0.9982999239301388,0.013388440012931824,-0.1637258529663086,-0.0008926317095756531,t-19,t-19,0,False,False,True,False,1
00_baseline_exploration/exp004_attn1,2024,2025,0.9951006208357447,0.022472405806183815,-0.09363794326782227,0.0005266554653644562,t-19,t-19,0,False,False,True,False,1
00_baseline_exploration/sweep2_h16_lr_0.0003,2021,2022,0.9849593453266178,0.04030053690075874,-0.19100189208984375,0.0033672787249088287,t-0,t-0,0,False,True,True,False,2
00_baseline_exploration/sweep2_h16_lr_0.0003,2022,2023,0.9760686455074734,0.05055597051978111,0.3130350112915039,-0.0037507638335227966,t-0,t-0,0,False,True,True,False,2
00_baseline_exploration/sweep2_h16_lr_0.0003,2024,2025,0.999493180486475,0.007134951651096344,-0.0747835636138916,0.00012247636914253235,t-0,t-0,0,False,False,True,False,1
00_baseline_exploration/exp002_small,2020,2021,0.9989412175323076,0.010368609800934792,-0.05233955383300781,-0.00032043829560279846,t-0,t-0,0,False,False,True,False,1
00_baseline_exploration/exp002_small,2021,2022,0.9921649893096511,0.028622856363654137,-0.22803735733032227,0.00180806964635849,t-0,t-0,0,False,True,True,False,2
00_baseline_exploration/exp002_small,2022,2023,0.9865481847475205,0.037371713668107986,0.37065601348876953,-0.0020812153816223145,t-0,t-0,0,False,True,True,False,2
00_baseline_exploration/exp002_small,2024,2025,0.9990411074604443,0.009808638133108616,-0.07647562026977539,4.127994179725647e-05,t-0,t-0,0,False,False,True,False,1
00_baseline_exploration/sweep2_h16_enc_20,2021,2022,0.9859033760409435,0.03887147083878517,-0.2290053367614746,0.0030850060284137726,t-0,t-0,0,False,True,True,False,2
00_baseline_exploration/sweep2_h16_enc_20,2022,2023,0.9759013329412464,0.0505295991897583,0.34380292892456055,-0.003452107310295105,t-0,t-0,0,False,True,True,False,2
00_baseline_exploration/sweep2_h16_enc_20,2024,2025,0.9994644888231552,0.007334445137530565,-0.07024359703063965,0.0001296699047088623,t-0,t-0,0,False,False,True,False,1
00_baseline_exploration/sweep_combo1,2022,2023,0.9982177336418016,0.00819817278534174,0.09656691551208496,8.44225287437439e-05,t-0,t-0,0,False,False,True,False,1
00_baseline_exploration/sweep_combo1,2023,2024,0.9915794888140135,0.018088694661855698,-0.05741095542907715,-0.0011976566165685654,t-0,t-0,0,False,False,True,False,1
00_baseline_exploration/sweep_combo1,2024,2025,0.9935044401401667,0.015154602006077766,-0.07864189147949219,8.137896656990051e-06,t-0,t-0,0,False,False,True,False,1
00_baseline_exploration/sweep_encoder_20,2020,2021,0.9938864210323627,0.027437593787908554,-0.1331033706665039,0.0013114996254444122,t-19,t-19,0,False,True,True,False,2
00_baseline_exploration/sweep_encoder_20,2021,2022,0.9897359350077289,0.039433885365724564,0.04028034210205078,0.0074915699660778046,t-19,t-19,0,False,True,False,False,1
00_baseline_exploration/sweep_encoder_20,2022,2023,0.9887655133938953,0.03952986001968384,0.16076111793518066,-0.0037169307470321655,t-19,t-19,0,False,True,True,False,2
00_baseline_exploration/sweep_encoder_20,2023,2024,0.9942934464947698,0.027677230536937714,-0.0571441650390625,-0.0030780434608459473,t-19,t-19,0,False,True,True,False,2
00_baseline_exploration/sweep_encoder_20,2024,2025,0.9983363906122827,0.014402791857719421,-0.07146239280700684,-1.389533281326294e-06,t-19,t-19,0,False,False,True,False,1
00_baseline_exploration/sweep2_h16_enc_60,2021,2022,0.9954963309497048,0.012373819015920162,-0.1275787353515625,0.00021383538842201233,t-0,t-0,0,False,False,True,False,1
00_baseline_exploration/sweep2_h16_enc_60,2022,2023,0.9952208056120304,0.012755255214869976,0.1509871482849121,-0.0003038272261619568,t-0,t-0,0,False,False,True,False,1
00_baseline_exploration/sweep2_h16_enc_60,2024,2025,0.9857552018275024,0.022380921989679337,-0.10918283462524414,0.0008628852665424347,t-0,t-0,0,False,False,True,False,1
00_baseline_exploration/sweep_encoder_10,2021,2022,0.99639189697177,0.027420425787568092,0.01721358299255371,0.0008654221892356873,t-9,t-9,0,False,True,False,False,1
00_baseline_exploration/sweep_encoder_10,2022,2023,0.9925068688605,0.0395442470908165,0.10403609275817871,-0.0030390769243240356,t-9,t-9,0,False,True,True,False,2
00_baseline_exploration/sweep_encoder_10,2023,2024,0.9994536811768403,0.010636119171977043,-0.05336570739746094,0.0008832290768623352,t-9,t-9,0,False,False,True,False,1
00_baseline_exploration/sweep2_combo1,2020,2021,0.9844483402759246,0.028887540102005005,-0.061446189880371094,0.0015163980424404144,t-0,t-0,0,False,True,True,False,2
00_baseline_exploration/sweep2_combo1,2021,2022,0.9964248986814878,0.014023574069142342,0.0519251823425293,-0.000897236168384552,t-0,t-4,4,False,False,True,False,1
00_baseline_exploration/sweep2_combo1,2022,2023,0.9701191129132518,0.04300384595990181,-0.09870243072509766,0.004376664757728577,t-4,t-0,4,False,True,True,False,2
00_baseline_exploration/sweep2_hidden_8,2020,2021,0.9996768316203654,0.005695248022675514,-0.12213563919067383,9.182095527648926e-05,t-0,t-0,0,False,False,True,False,1
00_baseline_exploration/sweep2_hidden_8,2021,2022,0.9995228430268083,0.006920818705111742,0.08585333824157715,-0.00011203065514564514,t-0,t-0,0,False,False,True,False,1
00_baseline_exploration/sweep2_hidden_8,2022,2023,0.9989705887561017,0.01016172394156456,-0.019250154495239258,0.00011606886982917786,t-0,t-15,15,False,False,False,True,1
00_baseline_exploration/sweep2_hidden_8,2023,2024,0.9930912306509283,0.02655961364507675,-0.0816946029663086,0.0010121352970600128,t-15,t-0,15,False,True,True,True,3
00_baseline_exploration/sweep_lr_0.0007,2020,2021,0.9905104679558366,0.03542417660355568,-0.15476131439208984,-0.005772508680820465,t-19,t-19,0,False,True,True,False,2
00_baseline_exploration/sweep_lr_0.0007,2021,2022,0.9936874899781281,0.028108136728405952,0.12312459945678711,0.0037778615951538086,t-19,t-19,0,False,True,True,False,2
00_baseline_exploration/sweep_lr_0.0007,2022,2023,0.9856378526458893,0.04194708913564682,0.18822121620178223,-0.005363430827856064,t-19,t-19,0,False,True,True,False,2
00_baseline_exploration/sweep_lr_0.0007,2023,2024,0.996625886202261,0.01951933279633522,-0.07019281387329102,0.0014845170080661774,t-19,t-19,0,False,False,True,False,1
00_baseline_exploration/sweep_lr_0.0007,2024,2025,0.9974735257290889,0.017389852553606033,-0.10416197776794434,0.0019089728593826294,t-19,t-19,0,False,False,True,False,1
00_baseline_exploration/sweep_dropout_0.2,2020,2021,0.9612510371730599,0.08368556201457977,0.24352741241455078,-0.02175655961036682,t-19,t-19,0,False,True,True,False,2
00_baseline_exploration/sweep_dropout_0.2,2021,2022,0.9216846968956754,0.1312216967344284,-0.31493043899536133,0.04064740985631943,t-19,t-19,0,True,True,True,False,3
00_baseline_exploration/sweep_dropout_0.2,2022,2023,0.893253884531775,0.1483851671218872,0.4632110595703125,-0.04341007024049759,t-19,t-19,0,True,True,True,False,3
00_baseline_exploration/sweep_dropout_0.2,2023,2024,0.993461014852866,0.029088178649544716,-0.060951948165893555,0.004633631557226181,t-19,t-19,0,False,True,True,False,2
00_baseline_exploration/sweep_dropout_0.2,2024,2025,0.9987045368561014,0.013324752449989319,-0.13196992874145508,0.002179417759180069,t-19,t-19,0,False,False,True,False,1
00_baseline_exploration/sweep_hidden_16,2021,2022,0.9859033760409435,0.03887147083878517,-0.2290053367614746,0.0030850060284137726,t-0,t-0,0,False,True,True,False,2
00_baseline_exploration/sweep_hidden_16,2022,2023,0.9759013329412464,0.0505295991897583,0.34380292892456055,-0.003452107310295105,t-0,t-0,0,False,True,True,False,2
00_baseline_exploration/sweep_hidden_16,2024,2025,0.9994644888231552,0.007334445137530565,-0.07024359703063965,0.0001296699047088623,t-0,t-0,0,False,False,True,False,1
00_baseline_exploration/sweep2_h16_lr_0.0004,2021,2022,0.9901077203898501,0.03239835053682327,-0.18036603927612305,0.0023862235248088837,t-0,t-0,0,False,True,True,False,2
00_baseline_exploration/sweep2_h16_lr_0.0004,2022,2023,0.9800470792038688,0.04573016241192818,0.3713085651397705,-0.0028045475482940674,t-0,t-0,0,False,True,True,False,2
00_baseline_exploration/sweep2_h16_lr_0.0004,2024,2025,0.9992938373066228,0.00841880589723587,-0.07866048812866211,0.00010137632489204407,t-0,t-0,0,False,False,True,False,1
00_baseline_exploration/sweep_lr_0.0003,2020,2021,0.9926382712233921,0.031148143112659454,-0.0462493896484375,0.0027249008417129517,t-19,t-19,0,False,True,False,False,1
00_baseline_exploration/sweep_lr_0.0003,2021,2022,0.9853246599847563,0.05397173389792442,-0.07824230194091797,0.015114806592464447,t-19,t-19,0,False,True,True,False,2
00_baseline_exploration/sweep_lr_0.0003,2022,2023,0.9824961182523052,0.05746685713529587,0.3260819911956787,-0.014885932207107544,t-19,t-19,0,False,True,True,False,2
00_baseline_exploration/sweep_lr_0.0003,2023,2024,0.9955682688298104,0.02488991990685463,-0.07115483283996582,-0.0037621892988681793,t-19,t-19,0,False,False,True,False,1
00_baseline_exploration/sweep_lr_0.0003,2024,2025,0.997879350348435,0.017069483175873756,-0.10523605346679688,0.0024699531495571136,t-19,t-19,0,False,False,True,False,1
00_baseline_exploration/sweep2_h16_lr_0.0006,2021,2022,0.984400678948041,0.0409499891102314,-0.22710061073303223,0.003303542733192444,t-0,t-0,0,False,True,True,False,2
00_baseline_exploration/sweep2_h16_lr_0.0006,2022,2023,0.9737603448733055,0.052797600626945496,0.37671446800231934,-0.0036752931773662567,t-0,t-0,0,False,True,True,False,2
00_baseline_exploration/sweep2_h16_lr_0.0006,2024,2025,0.9994525699395412,0.007407601457089186,-0.07589292526245117,6.461143493652344e-05,t-0,t-0,0,False,False,True,False,1
00_baseline_exploration/sweep2_h16_drop_0.05,2020,2021,0.9830264703344757,0.04410663992166519,0.030220746994018555,-0.005037330090999603,t-0,t-0,0,False,True,False,False,1
00_baseline_exploration/sweep2_h16_drop_0.05,2021,2022,0.9589171361486714,0.07127419859170914,-0.24880051612854004,0.010175302624702454,t-0,t-0,0,True,True,True,False,3
00_baseline_exploration/sweep2_h16_drop_0.05,2022,2023,0.9430532884662377,0.0830087885260582,0.4080688953399658,-0.010904990136623383,t-0,t-0,0,True,True,True,False,3
00_baseline_exploration/sweep2_h16_drop_0.05,2024,2025,0.9982349741033787,0.013365852646529675,-0.09153580665588379,0.00041637197136878967,t-0,t-0,0,False,False,True,False,1
00_baseline_exploration/exp006_monthly,2021,2022,0.9992912165824624,0.010876044631004333,-0.00019168853759765625,-4.743039608001709e-05,t-0,t-10,10,False,False,False,True,1
00_baseline_exploration/sweep2_h16_drop_0.1,2020,2021,0.991934364469048,0.029674628749489784,-0.009909629821777344,-0.002722509205341339,t-0,t-0,0,False,True,False,False,1
00_baseline_exploration/sweep2_h16_drop_0.1,2021,2022,0.9760844487628721,0.05241677165031433,-0.21274948120117188,0.005993146449327469,t-0,t-0,0,False,True,True,False,2
00_baseline_exploration/sweep2_h16_drop_0.1,2022,2023,0.9592984291261876,0.0676255077123642,0.37972569465637207,-0.006770621985197067,t-0,t-0,0,True,True,True,False,3
00_baseline_exploration/sweep2_h16_drop_0.1,2024,2025,0.9988247283954959,0.010883011855185032,-0.08429670333862305,0.00026120617985725403,t-0,t-0,0,False,False,True,False,1
00_baseline_exploration/sweep_baseline,2020,2021,0.9711051153079571,0.06380250304937363,-0.07037782669067383,-0.012029815465211868,t-19,t-19,0,False,True,True,False,2
00_baseline_exploration/sweep_baseline,2021,2022,0.983513572245363,0.04603205993771553,0.06352353096008301,0.0070502869784832,t-19,t-19,0,False,True,True,False,2
00_baseline_exploration/sweep_baseline,2022,2023,0.9771936099063735,0.05348101630806923,0.5988152027130127,-0.00733504444360733,t-19,t-19,0,False,True,True,False,2
00_baseline_exploration/sweep_baseline,2023,2024,0.9851935114938923,0.04396570473909378,-0.18376660346984863,0.007258206605911255,t-19,t-19,0,False,True,True,False,2
00_baseline_exploration/sweep_baseline,2024,2025,0.9921035210568881,0.03307550027966499,-0.21188974380493164,0.004761137068271637,t-19,t-19,0,False,True,True,False,2
00_baseline_exploration/sweep2_hidden_10,2021,2022,0.9916510322758835,0.030665183439850807,-0.0010533332824707031,0.0032129473984241486,t-0,t-0,0,False,True,False,False,1
00_baseline_exploration/sweep2_hidden_10,2022,2023,0.9830163728408725,0.04327767342329025,0.18811488151550293,-0.0038355961441993713,t-0,t-9,9,False,True,True,True,3
00_baseline_exploration/sweep2_hidden_10,2023,2024,0.997327262411173,0.01657332107424736,-0.04001569747924805,-0.0007782243192195892,t-9,t-0,9,False,False,False,True,1
00_baseline_exploration/sweep2_hidden_10,2024,2025,0.9987632756218061,0.011194447986781597,-0.06369256973266602,0.0002337321639060974,t-0,t-0,0,False,False,True,False,1
00_baseline_exploration/sweep_hidden_32,2020,2021,0.9938864210323627,0.027437593787908554,-0.1331033706665039,0.0013114996254444122,t-19,t-19,0,False,True,True,False,2
00_baseline_exploration/sweep_hidden_32,2021,2022,0.9897359350077289,0.039433885365724564,0.04028034210205078,0.0074915699660778046,t-19,t-19,0,False,True,False,False,1
00_baseline_exploration/sweep_hidden_32,2022,2023,0.9887655133938953,0.03952986001968384,0.16076111793518066,-0.0037169307470321655,t-19,t-19,0,False,True,True,False,2
00_baseline_exploration/sweep_hidden_32,2023,2024,0.9942934464947698,0.027677230536937714,-0.0571441650390625,-0.0030780434608459473,t-19,t-19,0,False,True,True,False,2
00_baseline_exploration/sweep_hidden_32,2024,2025,0.9983363906122827,0.014402791857719421,-0.07146239280700684,-1.389533281326294e-06,t-19,t-19,0,False,False,True,False,1
00_baseline_exploration/sweep2_combo3,2021,2022,0.9985249095582528,0.010164890438318253,-0.07053947448730469,0.0005633383989334106,t-0,t-0,0,False,False,True,False,1
00_baseline_exploration/sweep2_combo3,2022,2023,0.9951106424374448,0.018411733210086823,0.1483016014099121,-0.0008869245648384094,t-0,t-0,0,False,False,True,False,1
00_baseline_exploration/sweep_combo3,2020,2021,0.9469933827209279,0.04292812943458557,0.19864869117736816,-0.0006124544888734818,t-28,t-59,31,True,True,True,True,4
00_baseline_exploration/sweep_combo3,2022,2023,0.9941648660429846,0.014128543436527252,0.2722280025482178,2.736225724220276e-05,t-59,t-59,0,False,False,True,False,1
00_baseline_exploration/sweep_combo3,2023,2024,0.9958719424623418,0.011877432465553284,-0.18395090103149414,-0.00019627995789051056,t-59,t-59,0,False,False,True,False,1
00_baseline_exploration/sweep_combo3,2024,2025,0.9977635878164777,0.00878545269370079,-0.13855910301208496,0.0002532247453927994,t-59,t-59,0,False,False,True,False,1
00_baseline_exploration/sweep_hidden_48,2020,2021,0.9961927358509202,0.043846312910318375,0.1593930721282959,-0.02203071117401123,t-0,t-0,0,False,True,True,False,2
00_baseline_exploration/sweep_hidden_48,2021,2022,0.9651965320366545,0.17390187084674835,-0.6398895978927612,0.11321386694908142,t-0,t-0,0,False,True,True,False,2
00_baseline_exploration/sweep_hidden_48,2022,2023,0.9852546028641614,0.12423970550298691,0.5559998750686646,-0.08660972118377686,t-0,t-0,0,False,True,True,False,2
00_baseline_exploration/sweep_hidden_48,2023,2024,0.9976318350168194,0.03380709886550903,0.05995583534240723,-0.016417652368545532,t-0,t-0,0,False,True,True,False,2
00_baseline_exploration/sweep_hidden_48,2024,2025,0.9977286268831246,0.035256002098321915,0.08077263832092285,-0.01834230124950409,t-0,t-0,0,False,True,True,False,2
00_baseline_exploration/sweep_lr_0.002,2020,2021,0.9832675541701156,0.046432092785835266,0.02200794219970703,-0.0074216946959495544,t-19,t-19,0,False,True,False,False,1
00_baseline_exploration/sweep_lr_0.002,2021,2022,0.9787292774673008,0.05297250300645828,0.0017719268798828125,0.008903011679649353,t-19,t-19,0,False,True,False,False,1
00_baseline_exploration/sweep_lr_0.002,2022,2023,0.979143112065819,0.0520489476621151,0.5671255588531494,-0.007972825318574905,t-19,t-19,0,False,True,True,False,2
00_baseline_exploration/sweep_lr_0.002,2023,2024,0.9960344106675204,0.021589595824480057,-0.20355653762817383,0.0023182742297649384,t-19,t-19,0,False,False,True,False,1
00_baseline_exploration/sweep_lr_0.002,2024,2025,0.9955730305913739,0.022601498290896416,-0.15832042694091797,0.0008617304265499115,t-19,t-19,0,False,False,True,False,1
00_baseline_exploration/sweep_lr_0.0005,2020,2021,0.9938864210323627,0.027437593787908554,-0.1331033706665039,0.0013114996254444122,t-19,t-19,0,False,True,True,False,2
00_baseline_exploration/sweep_lr_0.0005,2021,2022,0.9897359350077289,0.039433885365724564,0.04028034210205078,0.0074915699660778046,t-19,t-19,0,False,True,False,False,1
00_baseline_exploration/sweep_lr_0.0005,2022,2023,0.9887655133938953,0.03952986001968384,0.16076111793518066,-0.0037169307470321655,t-19,t-19,0,False,True,True,False,2
00_baseline_exploration/sweep_lr_0.0005,2023,2024,0.9942934464947698,0.027677230536937714,-0.0571441650390625,-0.0030780434608459473,t-19,t-19,0,False,True,True,False,2
00_baseline_exploration/sweep_lr_0.0005,2024,2025,0.9983363906122827,0.014402791857719421,-0.07146239280700684,-1.389533281326294e-06,t-19,t-19,0,False,False,True,False,1
00_baseline_exploration/sweep2_hidden_14,2020,2021,0.996045424438765,0.019980182871222496,-0.18707966804504395,-2.0977109670639038e-05,t-19,t-0,19,False,False,True,True,2
00_baseline_exploration/sweep2_hidden_14,2022,2023,0.9883474632710182,0.0346529595553875,0.10185360908508301,-0.0015654154121875763,t-0,t-13,13,False,True,True,True,3
00_baseline_exploration/sweep2_hidden_14,2023,2024,0.9983199369713516,0.013005056418478489,-0.010698318481445312,0.00014175474643707275,t-13,t-0,13,False,False,False,True,1
00_baseline_exploration/sweep2_hidden_14,2024,2025,0.9995284051099989,0.006893481127917767,-0.06349897384643555,-3.423541784286499e-06,t-0,t-0,0,False,False,True,False,1
00_baseline_exploration/sweep_dropout_0.3,2020,2021,0.9884683990650983,0.03483463078737259,0.03355097770690918,-0.0022592246532440186,t-19,t-19,0,False,True,False,False,1
00_baseline_exploration/sweep_dropout_0.3,2022,2023,0.99370044411526,0.025361763313412666,0.019753217697143555,-0.0007073432207107544,t-19,t-19,0,False,True,False,False,1
00_baseline_exploration/sweep_combo2,2020,2021,0.9982081727581077,0.00947609730064869,0.06524372100830078,-5.6974589824676514e-05,t-32,t-39,7,False,False,True,True,2
00_baseline_exploration/sweep_combo2,2021,2022,0.9950409755858757,0.015808863565325737,-0.03364086151123047,0.00023971498012542725,t-39,t-32,7,False,False,False,True,1
00_baseline_exploration/sweep_combo2,2022,2023,0.9898955052238304,0.022557035088539124,0.01837158203125,-0.00020798668265342712,t-32,t-39,7,False,False,False,True,1
00_baseline_exploration/sweep_combo2,2023,2024,0.995019739225138,0.01581254042685032,-0.10408186912536621,8.552521467208862e-05,t-39,t-39,0,False,False,True,False,1
00_baseline_exploration/sweep2_h16_enc_50,2021,2022,0.9976370518897069,0.009822838939726353,-0.25725221633911133,0.00013950839638710022,t-0,t-0,0,False,False,True,False,1
00_baseline_exploration/sweep2_h16_enc_50,2022,2023,0.9956035821344279,0.013404925353825092,0.3141500949859619,-0.00035717524588108063,t-0,t-0,0,False,False,True,False,1
00_baseline_exploration/sweep2_h16_enc_50,2024,2025,0.9930943705698901,0.016905447468161583,-0.09384346008300781,0.0005763210356235504,t-0,t-0,0,False,False,True,False,1
00_baseline_exploration/exp001_baseline,2020,2021,0.9711051153079571,0.06380250304937363,-0.07037782669067383,-0.012029815465211868,t-19,t-19,0,False,True,True,False,2
00_baseline_exploration/exp001_baseline,2021,2022,0.983513572245363,0.04603205993771553,0.06352353096008301,0.0070502869784832,t-19,t-19,0,False,True,True,False,2
00_baseline_exploration/exp001_baseline,2022,2023,0.9771936099063735,0.05348101630806923,0.5988152027130127,-0.00733504444360733,t-19,t-19,0,False,True,True,False,2
00_baseline_exploration/exp001_baseline,2023,2024,0.9851935114938923,0.04396570473909378,-0.18376660346984863,0.007258206605911255,t-19,t-19,0,False,True,True,False,2
00_baseline_exploration/exp001_baseline,2024,2025,0.9921035210568881,0.03307550027966499,-0.21188974380493164,0.004761137068271637,t-19,t-19,0,False,True,True,False,2
00_baseline_exploration/sweep2_combo2,2020,2021,0.9993554475894205,0.006559428758919239,0.021414756774902344,-1.86040997505188e-05,t-26,t-0,26,False,False,False,True,1
00_baseline_exploration/sweep2_combo2,2021,2022,0.9956264929850664,0.017149068415164948,-0.1039576530456543,0.00033167004585266113,t-0,t-0,0,False,False,True,False,1
00_baseline_exploration/sweep2_combo2,2022,2023,0.9948505520900643,0.01860439032316208,0.12627077102661133,-0.0003554932773113251,t-0,t-0,0,False,False,True,False,1
00_baseline_exploration/sweep2_combo2,2023,2024,0.9997395822553597,0.004166450351476669,-0.0032930374145507812,1.341104507446289e-05,t-0,t-29,29,False,False,False,True,1
00_baseline_exploration/sweep2_combo2,2024,2025,0.999643665863937,0.004875467624515295,-0.06154799461364746,-4.153698682785034e-06,t-29,t-0,29,False,False,True,True,2
00_baseline_exploration/exp003_large,2020,2021,0.9112798834345093,0.1142403781414032,0.3396265506744385,0.020961128175258636,t-19,t-19,0,True,True,True,False,3
00_baseline_exploration/exp003_large,2021,2022,0.9888483286906735,0.04086163267493248,-0.15111184120178223,-0.0013473331928253174,t-19,t-19,0,False,True,True,False,2
00_baseline_exploration/exp003_large,2022,2023,0.9658383546622898,0.09433319419622421,0.12951183319091797,0.03191359341144562,t-19,t-19,0,False,True,True,False,2
00_baseline_exploration/exp003_large,2023,2024,0.9973842776900628,0.03641018271446228,-0.22205662727355957,0.018259339034557343,t-19,t-19,0,False,True,True,False,2
00_baseline_exploration/exp003_large,2024,2025,0.9929913881483361,0.04190629720687866,-0.3111255168914795,-0.005051657557487488,t-19,t-19,0,False,True,True,False,2
00_baseline_exploration/sweep_encoder_40,2020,2021,0.9944626427572334,0.01672385446727276,0.0857400894165039,-0.00029673241078853607,t-38,t-38,0,False,False,True,False,1
00_baseline_exploration/sweep_encoder_40,2021,2022,0.9924000846788454,0.019619880244135857,-0.05821561813354492,0.0003941655158996582,t-38,t-38,0,False,False,True,False,1
00_baseline_exploration/sweep_encoder_40,2022,2023,0.9930868706288696,0.01871620863676071,0.07235193252563477,-0.00039873644709587097,t-38,t-39,1,False,False,True,False,1
00_baseline_exploration/sweep_encoder_40,2023,2024,0.9978156646341705,0.010458622127771378,-0.0026557445526123047,2.6205554604530334e-05,t-39,t-7,32,False,False,False,True,1
00_baseline_exploration/sweep_encoder_40,2024,2025,0.9995281858649488,0.0048612793907523155,-0.032122135162353516,-1.5847384929656982e-05,t-7,t-16,9,False,False,False,True,1
00_baseline_exploration/exp005_attn4,2020,2021,0.9949223127278725,0.022979596629738808,-0.2738063335418701,-0.0005206391215324402,t-18,t-19,1,False,False,True,False,1
00_baseline_exploration/exp005_attn4,2021,2022,0.9881224576183869,0.03646055981516838,0.17778229713439941,0.0036147236824035645,t-19,t-19,0,False,True,True,False,2
00_baseline_exploration/exp005_attn4,2022,2023,0.9719169196289722,0.05541597679257393,0.39597129821777344,-0.00467517226934433,t-19,t-19,0,False,True,True,False,2
00_baseline_exploration/exp005_attn4,2023,2024,0.9992344362381628,0.008806630969047546,-0.17101669311523438,-0.00027346983551979065,t-19,t-19,0,False,False,True,False,1
00_baseline_exploration/exp005_attn4,2024,2025,0.9903573104683812,0.031524889171123505,-0.1302967071533203,0.0014516115188598633,t-19,t-19,0,False,True,True,False,2
00_baseline_exploration/sweep2_h16_drop_0.25,2021,2022,0.9949914194879407,0.022677792236208916,-0.15877032279968262,0.001107390969991684,t-0,t-0,0,False,False,True,False,1
00_baseline_exploration/sweep2_h16_drop_0.25,2022,2023,0.9904512461071107,0.031230144202709198,0.34458184242248535,-0.0012667067348957062,t-0,t-0,0,False,True,True,False,2
00_baseline_exploration/sweep2_h16_drop_0.25,2024,2025,0.9990316524870522,0.009850522503256798,-0.08272433280944824,3.026425838470459e-05,t-0,t-0,0,False,False,True,False,1
00_baseline_exploration/sweep_encoder_60,2020,2021,0.9666942212622456,0.033744219690561295,0.14947843551635742,-0.00048454664647579193,t-31,t-59,28,False,True,True,True,3
00_baseline_exploration/sweep_encoder_60,2022,2023,0.9936813441172011,0.014726541005074978,0.1729273796081543,-0.0002710781991481781,t-58,t-59,1,False,False,True,False,1
00_baseline_exploration/sweep_encoder_60,2024,2025,0.9957201648149937,0.011971810832619667,-0.22151613235473633,9.216368198394775e-06,t-59,t-59,0,False,False,True,False,1
00_baseline_exploration/sweep_hidden_24,2020,2021,0.9925328407527554,0.0289101991802454,0.16309881210327148,-0.0028393641114234924,t-0,t-0,0,False,True,True,False,2
00_baseline_exploration/sweep_hidden_24,2021,2022,0.9717535013299887,0.059327658265829086,-0.20227384567260742,0.008775554597377777,t-0,t-0,0,False,True,True,False,2
00_baseline_exploration/sweep_hidden_24,2022,2023,0.9381034768696739,0.08569200336933136,0.37975311279296875,-0.01044386625289917,t-0,t-0,0,True,True,True,False,3
00_baseline_exploration/sweep_hidden_24,2023,2024,0.9995431146896967,0.006790387909859419,-0.053092002868652344,-0.000189315527677536,t-0,t-0,0,False,False,True,False,1
00_baseline_exploration/sweep_hidden_24,2024,2025,0.9981455311285159,0.013704871758818626,-0.0682227611541748,0.0004291422665119171,t-0,t-0,0,False,False,True,False,1
00_baseline_exploration/sweep_dropout_0.1,2020,2021,0.9811511643711015,0.048301491886377335,-0.26070404052734375,0.006593596190214157,t-19,t-19,0,False,True,True,False,2
00_baseline_exploration/sweep_dropout_0.1,2021,2022,0.9945315951642443,0.025668766349554062,0.1875772476196289,-0.0013745054602622986,t-19,t-19,0,False,True,True,False,2
00_baseline_exploration/sweep_dropout_0.1,2022,2023,0.9776347680636269,0.05539241060614586,0.03132772445678711,0.008101675659418106,t-19,t-19,0,False,True,False,False,1
00_baseline_exploration/sweep_dropout_0.1,2023,2024,0.9836203814037614,0.04808642715215683,-0.06718802452087402,-0.00800420343875885,t-19,t-19,0,False,True,True,False,2
