train_loss_step,epoch,step,val_loss,val_SMAPE,val_MAE,val_RMSE,val_MAPE,train_loss_epoch,val_pred_std,val_pct_positive,val_num_unique,val_dir_acc,val_sharpe,val_composite
1.6599595546722412,0,49,,,,,,,,,,,,
,0,75,1.2280813455581665,1.7773432731628418,1.3219449520111084,1.6788991689682007,1.26218581199646,,,,,,,
,0,75,,,,,,1.6653398275375366,0.07584032416343689,78.6956558227539,230.0,0.530434787273407,14.862435340881348,0.4843100309371948
2.158437490463257,1,99,,,,,,,,,,,,
1.0439987182617188,1,149,,,,,,,,,,,,
,1,151,1.0237624645233154,1.499265432357788,1.3012597560882568,1.660097599029541,1.8712352514266968,,,,,,,
,1,151,,,,,,1.4562888145446777,0.05621688812971115,100.0,229.0,0.613043487071991,70.28776550292969,0.49443289637565613
1.1737329959869385,2,199,,,,,,,,,,,,
,2,227,0.9084255695343018,1.4240944385528564,1.297515630722046,1.6585301160812378,2.1897099018096924,,,,,,,
,2,227,,,,,,1.2764712572097778,0.04154546558856964,100.0,230.0,0.613043487071991,125.2042007446289,0.49443289637565613
0.8311688899993896,3,249,,,,,,,,,,,,
1.0727996826171875,3,299,,,,,,,,,,,,
,3,303,0.8447675108909607,1.4088454246520996,1.2975265979766846,1.6586143970489502,2.279031276702881,,,,,,,
,3,303,,,,,,1.1508500576019287,0.03289618715643883,100.0,230.0,0.613043487071991,168.07066345214844,0.49443289637565613
0.7706674337387085,4,349,,,,,,,,,,,,
,4,379,0.8098337054252625,1.420426607131958,1.297591209411621,1.6579444408416748,2.2142257690429688,,,,,,,
,4,379,,,,,,1.07988440990448,0.030261242762207985,100.0,227.0,0.613043487071991,174.63710021972656,0.49443289637565613
1.0284022092819214,5,399,,,,,,,,,,,,
2.004800796508789,5,449,,,,,,,,,,,,
,5,455,0.7879722118377686,1.4331146478652954,1.297622799873352,1.6576693058013916,2.1386609077453613,,,,,,,
,5,455,,,,,,1.0358964204788208,0.03010149486362934,100.0,229.0,0.613043487071991,166.72239685058594,0.49443289637565613
0.9552499651908875,6,499,,,,,,,,,,,,
,6,531,0.7757475972175598,1.4711209535598755,1.2984983921051025,1.657383680343628,1.942400574684143,,,,,,,
,6,531,,,,,,0.9930294156074524,0.025372928008437157,100.0,230.0,0.613043487071991,169.40577697753906,0.49443289637565613
1.131972312927246,7,549,,,,,,,,,,,,
1.4798859357833862,7,599,,,,,,,,,,,,
,7,607,0.7686734795570374,1.538095235824585,1.3025492429733276,1.6597776412963867,1.686995267868042,,,,,,,
,7,607,,,,,,0.9764350056648254,0.025117740035057068,100.0,229.0,0.613043487071991,131.7749481201172,0.49443289637565613
0.6174834966659546,8,649,,,,,,,,,,,,
,8,683,0.7646437287330627,1.5090774297714233,1.3007667064666748,1.6585866212844849,1.792993187904358,,,,,,,
,8,683,,,,,,0.9509752988815308,0.02662765607237816,100.0,230.0,0.613043487071991,139.71165466308594,0.49443289637565613
0.6361948251724243,9,699,,,,,,,,,,,,
0.6464754343032837,9,749,,,,,,,,,,,,
,9,759,0.7618774175643921,1.418578863143921,1.2975497245788574,1.6577390432357788,2.219878911972046,,,,,,,
,9,759,,,,,,0.960216224193573,0.023410925641655922,100.0,230.0,0.613043487071991,227.3001251220703,0.49443289637565613
1.6715526580810547,10,799,,,,,,,,,,,,
,10,835,0.7573304176330566,1.546409010887146,1.3032007217407227,1.6602144241333008,1.6669788360595703,,,,,,,
,10,835,,,,,,0.9530835151672363,0.02696489356458187,100.0,230.0,0.613043487071991,118.8530044555664,0.49443289637565613
0.9038974046707153,11,849,,,,,,,,,,,,
1.0072072744369507,11,899,,,,,,,,,,,,
,11,911,0.7529436349868774,1.4973942041397095,1.3001506328582764,1.6584469079971313,1.845971941947937,,,,,,,
,11,911,,,,,,0.9437132477760315,0.03222635015845299,100.0,230.0,0.613043487071991,121.1865463256836,0.49443289637565613
0.7751085162162781,12,949,,,,,,,,,,,,
,12,987,0.7505744099617004,1.5156508684158325,1.300991415977478,1.6590914726257324,1.7636117935180664,,,,,,,
,12,987,,,,,,0.9437961578369141,0.032285500317811966,100.0,229.0,0.613043487071991,112.78826904296875,0.49443289637565613
0.8042165637016296,13,999,,,,,,,,,,,,
1.0708953142166138,13,1049,,,,,,,,,,,,
,13,1063,0.7471526265144348,1.474823236465454,1.2986741065979004,1.6581947803497314,1.9099453687667847,,,,,,,
,13,1063,,,,,,0.9356431365013123,0.03293021768331528,100.0,230.0,0.613043487071991,129.0979461669922,0.49443289637565613
1.3433616161346436,14,1099,,,,,,,,,,,,
,14,1139,0.7423952221870422,1.5181283950805664,1.3010491132736206,1.6594135761260986,1.7189620733261108,,,,,,,
,14,1139,,,,,,0.9345781207084656,0.03023190051317215,100.0,230.0,0.613043487071991,119.12687683105469,0.49443289637565613
1.0018436908721924,15,1149,,,,,,,,,,,,
0.7870328426361084,15,1199,,,,,,,,,,,,
,15,1215,0.7405970692634583,1.500104546546936,1.2995792627334595,1.657676100730896,1.785428762435913,,,,,,,
,15,1215,,,,,,0.9213102459907532,0.022837337106466293,100.0,230.0,0.613043487071991,168.281494140625,0.49443289637565613
0.8059161901473999,16,1249,,,,,,,,,,,,
,16,1291,0.7398481965065002,1.4637188911437988,1.2977099418640137,1.6558173894882202,1.9559067487716675,,,,,,,
,16,1291,,,,,,0.9226727485656738,0.01731341890990734,100.0,229.0,0.613043487071991,256.2818908691406,0.49443289637565613
1.017867922782898,17,1299,,,,,,,,,,,,
1.0969054698944092,17,1349,,,,,,,,,,,,
,17,1367,0.7404310703277588,1.4521698951721191,1.298798680305481,1.6555347442626953,2.049591064453125,,,,,,,
,17,1367,,,,,,0.9184783101081848,0.023075081408023834,100.0,230.0,0.613043487071991,202.96829223632812,0.49443289637565613
1.1484192609786987,18,1399,,,,,,,,,,,,
,18,1443,0.7424765825271606,1.4741523265838623,1.3009334802627563,1.6571640968322754,1.9589729309082031,,,,,,,
,18,1443,,,,,,0.9167687296867371,0.04027412459254265,100.0,229.0,0.613043487071991,105.92961883544922,0.49443289637565613
0.968860924243927,19,1449,,,,,,,,,,,,
0.7621297240257263,19,1499,,,,,,,,,,,,
,19,1519,0.742899477481842,1.4865500926971436,1.3028614521026611,1.6584230661392212,1.9266761541366577,,,,,,,
,19,1519,,,,,,0.9151046276092529,0.058964479714632034,100.0,229.0,0.613043487071991,69.08451080322266,0.49443289637565613
0.9454740285873413,20,1549,,,,,,,,,,,,
,20,1595,0.7411665916442871,1.4899394512176514,1.3010584115982056,1.6572023630142212,1.891440749168396,,,,,,,
,20,1595,,,,,,0.9149441719055176,0.05581975728273392,100.0,230.0,0.613043487071991,71.4005355834961,0.49443289637565613
1.0160350799560547,21,1599,,,,,,,,,,,,
0.5985659956932068,21,1649,,,,,,,,,,,,
,21,1671,0.7416241765022278,1.464306116104126,1.3029099702835083,1.6588690280914307,2.05741286277771,,,,,,,
,21,1671,,,,,,0.9098922610282898,0.07742437720298767,100.0,230.0,0.613043487071991,58.62263488769531,0.49443289637565613
0.584632396697998,22,1699,,,,,,,,,,,,
,22,1747,0.7423781752586365,1.430336356163025,1.3038458824157715,1.6607900857925415,2.2535061836242676,,,,,,,
,22,1747,,,,,,0.9110916256904602,0.08022814989089966,100.0,229.0,0.613043487071991,65.46163940429688,0.49443289637565613
0.968887209892273,23,1749,,,,,,,,,,,,
0.6944222450256348,23,1799,,,,,,,,,,,,
,23,1823,0.7455334067344666,1.4638673067092896,1.3038990497589111,1.6601338386535645,2.043877601623535,,,,,,,
,23,1823,,,,,,0.9093303680419922,0.0649121105670929,100.0,230.0,0.613043487071991,69.67544555664062,0.49443289637565613
0.9429726004600525,24,1849,,,,,,,,,,,,
1.0714263916015625,24,1899,,,,,,,,,,,,
,24,1899,0.7428784966468811,1.4646207094192505,1.3021408319473267,1.6582093238830566,2.032801866531372,,,,,,,
,24,1899,,,,,,0.9088033437728882,0.06347540766000748,100.0,230.0,0.613043487071991,70.921630859375,0.49443289637565613
1.0847269296646118,25,1949,,,,,,,,,,,,
,25,1975,0.7425761818885803,1.5009477138519287,1.3024046421051025,1.658502221107483,1.8430664539337158,,,,,,,
,25,1975,,,,,,0.9116209745407104,0.06119546294212341,100.0,230.0,0.613043487071991,62.32789611816406,0.49443289637565613
0.6681139469146729,26,1999,,,,,,,,,,,,
0.8297452926635742,26,2049,,,,,,,,,,,,
,26,2051,0.7452186942100525,1.49064040184021,1.3031060695648193,1.6593425273895264,1.891409158706665,,,,,,,
,26,2051,,,,,,0.9066972136497498,0.06217729672789574,100.0,230.0,0.613043487071991,64.48677062988281,0.49443289637565613
1.2922924757003784,27,2099,,,,,,,,,,,,
,27,2127,0.7466824650764465,1.4705255031585693,1.3037275075912476,1.6601338386535645,1.9978917837142944,,,,,,,
,27,2127,,,,,,0.91359943151474,0.06250022351741791,100.0,230.0,0.613043487071991,70.30819702148438,0.49443289637565613
0.8783183097839355,28,2149,,,,,,,,,,,,
0.8803700804710388,28,2199,,,,,,,,,,,,
,28,2203,0.7459899187088013,1.4865025281906128,1.303316354751587,1.6593396663665771,1.9170465469360352,,,,,,,
,28,2203,,,,,,0.9091217517852783,0.06190793216228485,100.0,229.0,0.613043487071991,66.05988311767578,0.49443289637565613
0.9020228385925293,29,2249,,,,,,,,,,,,
,29,2279,0.7472744584083557,1.4498518705368042,1.3037781715393066,1.6603437662124634,2.117238759994507,,,,,,,
,29,2279,,,,,,0.903785228729248,0.062438130378723145,100.0,229.0,0.613043487071991,76.9483642578125,0.49443289637565613
0.7402851581573486,30,2299,,,,,,,,,,,,
0.7124267816543579,30,2349,,,,,,,,,,,,
,30,2355,0.748024046421051,1.4402719736099243,1.3040050268173218,1.6608147621154785,2.1769766807556152,,,,,,,
,30,2355,,,,,,0.8991925120353699,0.06227764114737511,100.0,230.0,0.613043487071991,80.2092056274414,0.49443289637565613
0.9651705622673035,31,2399,,,,,,,,,,,,
,31,2431,0.7488337159156799,1.4558260440826416,1.3041088581085205,1.6604024171829224,2.0923526287078857,,,,,,,
,31,2431,,,,,,0.9052605628967285,0.06079068034887314,100.0,230.0,0.613043487071991,77.02687072753906,0.49443289637565613
0.6967024803161621,32,2449,,,,,,,,,,,,
0.7831239700317383,32,2499,,,,,,,,,,,,
,32,2507,0.7482861876487732,1.4591752290725708,1.3044027090072632,1.6604722738265991,2.0818538665771484,,,,,,,
,32,2507,,,,,,0.9025880098342896,0.0652623400092125,100.0,229.0,0.613043487071991,70.89306640625,0.49443289637565613
0.6763371229171753,33,2549,,,,,,,,,,,,
,33,2583,0.747946560382843,1.4594815969467163,1.3046190738677979,1.6605123281478882,2.088559865951538,,,,,,,
,33,2583,,,,,,0.9004820585250854,0.07104253768920898,100.0,230.0,0.613043487071991,65.23635864257812,0.49443289637565613
1.110498309135437,34,2599,,,,,,,,,,,,
0.5733164548873901,34,2649,,,,,,,,,,,,
,34,2659,0.7492660284042358,1.4717044830322266,1.3048359155654907,1.6607450246810913,2.01666522026062,,,,,,,
,34,2659,,,,,,0.9006102681159973,0.06716164946556091,100.0,230.0,0.613043487071991,65.3017807006836,0.49443289637565613
0.5400049686431885,35,2699,,,,,,,,,,,,
,35,2735,0.7493307590484619,1.4697760343551636,1.3052973747253418,1.661163091659546,2.0318312644958496,,,,,,,
,35,2735,,,,,,0.9026216268539429,0.07163757085800171,100.0,229.0,0.613043487071991,61.99300003051758,0.49443289637565613
1.4928710460662842,36,2749,,,,,,,,,,,,
0.7038286924362183,36,2799,,,,,,,,,,,,
,36,2811,0.7498290538787842,1.4485725164413452,1.305540919303894,1.661926031112671,2.150857925415039,,,,,,,
,36,2811,,,,,,0.902020275592804,0.07419732958078384,100.0,230.0,0.613043487071991,65.72077941894531,0.49443289637565613
0.7386800646781921,37,2849,,,,,,,,,,,,
,37,2887,0.7504467368125916,1.453122854232788,1.305369257926941,1.6616626977920532,2.122661590576172,,,,,,,
,37,2887,,,,,,0.9036290049552917,0.07370129227638245,100.0,230.0,0.613043487071991,64.84832000732422,0.49443289637565613
0.8711508512496948,38,2899,,,,,,,,,,,,
1.1338884830474854,38,2949,,,,,,,,,,,,
,38,2963,0.7498045563697815,1.4573942422866821,1.305051326751709,1.6611323356628418,2.0999672412872314,,,,,,,
,38,2963,,,,,,0.9003853797912598,0.07551259547472,100.0,229.0,0.613043487071991,62.20693588256836,0.49443289637565613
0.8851332664489746,39,2999,,,,,,,,,,,,
,39,3039,0.7497738599777222,1.4543201923370361,1.3048423528671265,1.6611526012420654,2.109360456466675,,,,,,,
,39,3039,,,,,,0.9045591950416565,0.07053679972887039,100.0,230.0,0.613043487071991,67.13404846191406,0.49443289637565613
1.6796605587005615,40,3049,,,,,,,,,,,,
1.115507960319519,40,3099,,,,,,,,,,,,
,40,3115,0.7501471042633057,1.458327054977417,1.3048609495162964,1.6610392332077026,2.0871832370758057,,,,,,,
,40,3115,,,,,,0.9065589904785156,0.06928005814552307,100.0,228.0,0.613043487071991,67.17119598388672,0.49443289637565613
0.5659067034721375,41,3149,,,,,,,,,,,,
,41,3191,0.7498961687088013,1.4520646333694458,1.3045729398727417,1.6609644889831543,2.1182219982147217,,,,,,,
,41,3191,,,,,,0.9027227163314819,0.06762722134590149,100.0,229.0,0.613043487071991,70.57997131347656,0.49443289637565613
1.2779868841171265,42,3199,,,,,,,,,,,,
0.5904848575592041,42,3249,,,,,,,,,,,,
,42,3267,0.750397264957428,1.4624453783035278,1.3043780326843262,1.6605626344680786,2.0587406158447266,,,,,,,
,42,3267,,,,,,0.8984706997871399,0.06353941559791565,100.0,227.0,0.613043487071991,71.70562744140625,0.49443289637565613
0.5627424716949463,43,3299,,,,,,,,,,,,
,43,3343,0.7508644461631775,1.465185523033142,1.3043055534362793,1.660496473312378,2.042325019836426,,,,,,,
,43,3343,,,,,,0.9004114866256714,0.06193879619240761,100.0,230.0,0.613043487071991,72.61901092529297,0.49443289637565613
0.7716634273529053,44,3349,,,,,,,,,,,,
0.9831757545471191,44,3399,,,,,,,,,,,,
,44,3419,0.7507864832878113,1.4714996814727783,1.304505705833435,1.6605781316757202,2.0101773738861084,,,,,,,
,44,3419,,,,,,0.9023882150650024,0.06353478133678436,100.0,229.0,0.613043487071991,68.90442657470703,0.49443289637565613
0.8119344115257263,45,3449,,,,,,,,,,,,
,45,3495,0.751737654209137,1.4662882089614868,1.3044663667678833,1.6606782674789429,2.0376534461975098,,,,,,,
,45,3495,,,,,,0.8978161215782166,0.06193074211478233,100.0,229.0,0.613043487071991,72.32643127441406,0.49443289637565613
0.9288507699966431,46,3499,,,,,,,,,,,,
0.9659425020217896,46,3549,,,,,,,,,,,,
,46,3571,0.7517878413200378,1.464879035949707,1.304534912109375,1.6607688665390015,2.0450632572174072,,,,,,,
,46,3571,,,,,,0.9020270109176636,0.06364663690328598,100.0,229.0,0.613043487071991,70.87577819824219,0.49443289637565613
1.070862054824829,47,3599,,,,,,,,,,,,
,47,3647,0.7526448965072632,1.463533639907837,1.3044933080673218,1.6608272790908813,2.0505802631378174,,,,,,,
,47,3647,,,,,,0.9021363258361816,0.06173119693994522,100.0,230.0,0.613043487071991,73.46973419189453,0.49443289637565613
1.0557868480682373,48,3649,,,,,,,,,,,,
0.5503642559051514,48,3699,,,,,,,,,,,,
,48,3723,0.7522900104522705,1.451951026916504,1.3043584823608398,1.6609680652618408,2.112375259399414,,,,,,,
,48,3723,,,,,,0.8990981578826904,0.06221853196620941,100.0,228.0,0.613043487071991,76.58211517333984,0.49443289637565613
0.7781123518943787,49,3749,,,,,,,,,,,,
0.8863279819488525,49,3799,,,,,,,,,,,,
,49,3799,0.75238436460495,1.4523831605911255,1.3044440746307373,1.6610361337661743,2.110999584197998,,,,,,,
,49,3799,,,,,,0.8998806476593018,0.06290312111377716,100.0,230.0,0.613043487071991,75.65109252929688,0.49443289637565613
1.1000449657440186,50,3849,,,,,,,,,,,,
,50,3875,0.7525488138198853,1.4535905122756958,1.3043653964996338,1.6609450578689575,2.102987289428711,,,,,,,
,50,3875,,,,,,0.9021210074424744,0.06204242631793022,100.0,229.0,0.613043487071991,76.27213287353516,0.49443289637565613
0.9029676914215088,51,3899,,,,,,,,,,,,
0.6313886642456055,51,3949,,,,,,,,,,,,
,51,3951,0.7524946928024292,1.4524716138839722,1.304253101348877,1.6608797311782837,2.1080000400543213,,,,,,,
,51,3951,,,,,,0.8991493582725525,0.06110823154449463,100.0,230.0,0.613043487071991,77.75689697265625,0.49443289637565613
1.423448085784912,52,3999,,,,,,,,,,,,
,52,4027,0.752465009689331,1.4557983875274658,1.3041414022445679,1.660718321800232,2.0876948833465576,,,,,,,
,52,4027,,,,,,0.8926186561584473,0.05962066724896431,100.0,229.0,0.613043487071991,78.51903533935547,0.49443289637565613
1.178713321685791,53,4049,,,,,,,,,,,,
0.7806047797203064,53,4099,,,,,,,,,,,,
,53,4103,0.7521690130233765,1.4614026546478271,1.3041690587997437,1.6606112718582153,2.0566842555999756,,,,,,,
,53,4103,,,,,,0.9042233824729919,0.05992107838392258,100.0,229.0,0.613043487071991,76.29798126220703,0.49443289637565613
0.9189199209213257,54,4149,,,,,,,,,,,,
,54,4179,0.7522616982460022,1.4620250463485718,1.3040779829025269,1.6605520248413086,2.0509607791900635,,,,,,,
,54,4179,,,,,,0.9012455940246582,0.0591142475605011,100.0,230.0,0.613043487071991,77.08666229248047,0.49443289637565613
0.8973917961120605,55,4199,,,,,,,,,,,,
0.7039077877998352,55,4249,,,,,,,,,,,,
,55,4255,0.7525116801261902,1.463218331336975,1.3039149045944214,1.6604480743408203,2.042327642440796,,,,,,,
,55,4255,,,,,,0.900709331035614,0.05656229704618454,100.0,230.0,0.613043487071991,80.01966094970703,0.49443289637565613
1.1795588731765747,56,4299,,,,,,,,,,,,
,56,4331,0.7525873780250549,1.4574158191680908,1.303762435913086,1.6604219675064087,2.0724151134490967,,,,,,,
,56,4331,,,,,,0.8981252908706665,0.055845391005277634,100.0,230.0,0.613043487071991,83.03839111328125,0.49443289637565613
0.7631133794784546,57,4349,,,,,,,,,,,,
0.7136070132255554,57,4399,,,,,,,,,,,,
,57,4407,0.7526038289070129,1.457694411277771,1.3036799430847168,1.6603569984436035,2.0701892375946045,,,,,,,
,57,4407,,,,,,0.8995800018310547,0.054876260459423065,100.0,229.0,0.613043487071991,84.34791564941406,0.49443289637565613
0.9174370765686035,58,4449,,,,,,,,,,,,
,58,4483,0.7526888847351074,1.4596996307373047,1.3036706447601318,1.6603134870529175,2.059178590774536,,,,,,,
,58,4483,,,,,,0.9023210406303406,0.054556965827941895,100.0,229.0,0.613043487071991,84.10107421875,0.49443289637565613
1.2903691530227661,59,4499,,,,,,,,,,,,
0.7021855115890503,59,4549,,,,,,,,,,,,
,59,4559,0.7526087760925293,1.460103988647461,1.3036304712295532,1.6602790355682373,2.0563552379608154,,,,,,,
,59,4559,,,,,,0.9040051698684692,0.054260510951280594,100.0,229.0,0.613043487071991,84.39473724365234,0.49443289637565613
0.8926254510879517,60,4599,,,,,,,,,,,,
,60,4635,0.7525681257247925,1.4618360996246338,1.3036723136901855,1.6602894067764282,2.046968460083008,,,,,,,
,60,4635,,,,,,0.9005266427993774,0.05454659089446068,100.0,230.0,0.613043487071991,83.342041015625,0.49443289637565613
1.0873302221298218,61,4649,,,,,,,,,,,,
0.6934722065925598,61,4699,,,,,,,,,,,,
,61,4711,0.7525935173034668,1.4612232446670532,1.303623914718628,1.660258173942566,2.0500071048736572,,,,,,,
,61,4711,,,,,,0.9010847210884094,0.054252397269010544,100.0,230.0,0.613043487071991,83.9900894165039,0.49443289637565613
0.8050073981285095,62,4749,,,,,,,,,,,,
,62,4787,0.7526702284812927,1.462465763092041,1.3036272525787354,1.6602617502212524,2.042489528656006,,,,,,,
,62,4787,,,,,,0.9024109244346619,0.05419643595814705,100.0,229.0,0.613043487071991,83.62031555175781,0.49443289637565613
0.7915291786193848,63,4799,,,,,,,,,,,,
0.7658907175064087,63,4849,,,,,,,,,,,,
,63,4863,0.7526081800460815,1.4590446949005127,1.3035521507263184,1.6602576971054077,2.0604586601257324,,,,,,,
,63,4863,,,,,,0.8993203043937683,0.053868699818849564,100.0,230.0,0.613043487071991,85.35327911376953,0.49443289637565613
0.730318009853363,64,4899,,,,,,,,,,,,
,64,4939,0.7526243329048157,1.4612764120101929,1.3036636114120483,1.6603044271469116,2.0495777130126953,,,,,,,
,64,4939,,,,,,0.9011524319648743,0.05457195267081261,100.0,230.0,0.613043487071991,83.49996948242188,0.49443289637565613
1.058410406112671,65,4949,,,,,,,,,,,,
1.0895354747772217,65,4999,,,,,,,,,,,,
,65,5015,0.7525871992111206,1.4605598449707031,1.303645372390747,1.6603097915649414,2.0530476570129395,,,,,,,
,65,5015,,,,,,0.9004254341125488,0.05459059402346611,100.0,230.0,0.613043487071991,83.7244644165039,0.49443289637565613
1.141862154006958,66,5049,,,,,,,,,,,,
,66,5091,0.7525777220726013,1.461753487586975,1.3036607503890991,1.6603080034255981,2.046487331390381,,,,,,,
,66,5091,,,,,,0.9032225608825684,0.054657455533742905,100.0,229.0,0.613043487071991,83.19913482666016,0.49443289637565613
0.5351341962814331,67,5099,,,,,,,,,,,,
0.8578944802284241,67,5149,,,,,,,,,,,,
,67,5167,0.7526119351387024,1.4611289501190186,1.303679347038269,1.6603381633758545,2.0497658252716064,,,,,,,
,67,5167,,,,,,0.898185133934021,0.05491700395941734,100.0,230.0,0.613043487071991,83.0433349609375,0.49443289637565613
0.7721676826477051,68,5199,,,,,,,,,,,,
,68,5243,0.7526088356971741,1.461375117301941,1.3037294149398804,1.6603766679763794,2.048905849456787,,,,,,,
,68,5243,,,,,,0.8965198993682861,0.055270180106163025,100.0,228.0,0.613043487071991,82.44926452636719,0.49443289637565613
0.6988131403923035,69,5249,,,,,,,,,,,,
1.1303153038024902,69,5299,,,,,,,,,,,,
,69,5319,0.7526217699050903,1.4605621099472046,1.3036929368972778,1.6603683233261108,2.0526938438415527,,,,,,,
,69,5319,,,,,,0.8979023098945618,0.05503597483038902,100.0,228.0,0.613043487071991,83.07264709472656,0.49443289637565613
1.1669503450393677,70,5349,,,,,,,,,,,,
,70,5395,0.7526418566703796,1.4600478410720825,1.3036400079727173,1.6603407859802246,2.0548977851867676,,,,,,,
,70,5395,,,,,,0.8983729481697083,0.054465945810079575,100.0,229.0,0.613043487071991,84.09677124023438,0.49443289637565613
0.7777539491653442,71,5399,,,,,,,,,,,,
0.8098636865615845,71,5449,,,,,,,,,,,,
,71,5471,0.7526727914810181,1.4583510160446167,1.3035699129104614,1.6603264808654785,2.063166618347168,,,,,,,
,71,5471,,,,,,0.9016720652580261,0.05396923050284386,100.0,229.0,0.613043487071991,85.45738220214844,0.49443289637565613
0.7804202437400818,72,5499,,,,,,,,,,,,
,72,5547,0.7527173757553101,1.4595167636871338,1.3036054372787476,1.6603343486785889,2.057244062423706,,,,,,,
,72,5547,,,,,,0.8999682068824768,0.05411173775792122,100.0,230.0,0.613043487071991,84.82209014892578,0.49443289637565613
0.6991360187530518,73,5549,,,,,,,,,,,,
0.8582300543785095,73,5599,,,,,,,,,,,,
,73,5623,0.7526838183403015,1.4593074321746826,1.3036428689956665,1.660360336303711,2.059021234512329,,,,,,,
,73,5623,,,,,,0.9001718759536743,0.05448969453573227,100.0,228.0,0.613043487071991,84.33009338378906,0.49443289637565613
0.8932256698608398,74,5649,,,,,,,,,,,,
0.8230509757995605,74,5699,,,,,,,,,,,,
,74,5699,0.7526730895042419,1.458392858505249,1.3036037683486938,1.6603553295135498,2.063279390335083,,,,,,,
,74,5699,,,,,,0.9033349752426147,0.05424458160996437,100.0,229.0,0.613043487071991,85.024658203125,0.49443289637565613
0.6392219066619873,75,5749,,,,,,,,,,,,
,75,5775,0.7527239322662354,1.4602515697479248,1.3036112785339355,1.6603316068649292,2.053358316421509,,,,,,,
,75,5775,,,,,,0.8972809314727783,0.0539977066218853,100.0,230.0,0.613043487071991,84.72577667236328,0.49443289637565613
0.6675692796707153,76,5799,,,,,,,,,,,,
1.0390385389328003,76,5849,,,,,,,,,,,,
,76,5851,0.7527927756309509,1.4605885744094849,1.3035846948623657,1.660309076309204,2.051306962966919,,,,,,,
,76,5851,,,,,,0.9014478921890259,0.05355386435985565,100.0,230.0,0.613043487071991,85.28233337402344,0.49443289637565613
0.7964280843734741,77,5899,,,,,,,,,,,,
,77,5927,0.7528321146965027,1.4624049663543701,1.3035814762115479,1.6602935791015625,2.0409224033355713,,,,,,,
,77,5927,,,,,,0.9022656679153442,0.053253259509801865,100.0,229.0,0.613043487071991,85.08020782470703,0.49443289637565613
0.7237624526023865,78,5949,,,,,,,,,,,,
0.7044991254806519,78,5999,,,,,,,,,,,,
,78,6003,0.7528078556060791,1.4641902446746826,1.3036189079284668,1.660302758216858,2.031421184539795,,,,,,,
,78,6003,,,,,,0.9001965522766113,0.05348490551114082,100.0,230.0,0.613043487071991,84.07381439208984,0.49443289637565613
0.6832895278930664,79,6049,,,,,,,,,,,,
,79,6079,0.7527592778205872,1.4644509553909302,1.3036372661590576,1.6603055000305176,2.0304887294769287,,,,,,,
,79,6079,,,,,,0.8949382901191711,0.0536099411547184,100.0,230.0,0.613043487071991,83.79263305664062,0.49443289637565613
0.763985812664032,80,6099,,,,,,,,,,,,
1.0291639566421509,80,6149,,,,,,,,,,,,
,80,6155,0.7528114914894104,1.4647413492202759,1.3036831617355347,1.6603394746780396,2.029268264770508,,,,,,,
,80,6155,,,,,,0.8946333527565002,0.05405886098742485,100.0,230.0,0.613043487071991,83.0168685913086,0.49443289637565613
0.6279568672180176,81,6199,,,,,,,,,,,,
,81,6231,0.7529054880142212,1.4655512571334839,1.3036906719207764,1.6603435277938843,2.024574041366577,,,,,,,
,81,6231,,,,,,0.8989429473876953,0.05406524986028671,100.0,229.0,0.613043487071991,82.71477508544922,0.49443289637565613
1.1073532104492188,82,6249,,,,,,,,,,,,
1.0089823007583618,82,6299,,,,,,,,,,,,
,82,6307,0.7529228329658508,1.4644213914871216,1.303661584854126,1.6603384017944336,2.0301294326782227,,,,,,,
,82,6307,,,,,,0.8986496329307556,0.05400758236646652,100.0,228.0,0.613043487071991,83.20708465576172,0.49443289637565613
0.7702199220657349,83,6349,,,,,,,,,,,,
,83,6383,0.752897322177887,1.4661555290222168,1.3037344217300415,1.6603715419769287,2.0212862491607666,,,,,,,
,83,6383,,,,,,0.8991531729698181,0.05456564575433731,100.0,229.0,0.613043487071991,81.77149963378906,0.49443289637565613
0.9828733205795288,84,6399,,,,,,,,,,,,
0.855063796043396,84,6449,,,,,,,,,,,,
,84,6459,0.7528976202011108,1.4665863513946533,1.3037517070770264,1.6603808403015137,2.019153118133545,,,,,,,
,84,6459,,,,,,0.89932781457901,0.05457368865609169,100.0,230.0,0.613043487071991,81.61394500732422,0.49443289637565613
1.0382717847824097,85,6499,,,,,,,,,,,,
,85,6535,0.7528652548789978,1.4672740697860718,1.303769588470459,1.6603872776031494,2.0155029296875,,,,,,,
,85,6535,,,,,,0.8984285593032837,0.05460413545370102,100.0,230.0,0.613043487071991,81.33021545410156,0.49443289637565613
0.9736135601997375,86,6549,,,,,,,,,,,,
0.7424765825271606,86,6599,,,,,,,,,,,,
,86,6611,0.7528914213180542,1.4661353826522827,1.3037370443344116,1.660392165184021,2.021202325820923,,,,,,,
,86,6611,,,,,,0.9032425284385681,0.054339177906513214,100.0,230.0,0.613043487071991,82.11119079589844,0.49443289637565613
0.8042290210723877,87,6649,,,,,,,,,,,,
,87,6687,0.7529151439666748,1.467198133468628,1.3038251399993896,1.6604419946670532,2.016547203063965,,,,,,,
,87,6687,,,,,,0.8952007293701172,0.05495048314332962,100.0,230.0,0.613043487071991,80.86579895019531,0.49443289637565613
0.7092400789260864,88,6699,,,,,,,,,,,,
0.6974877119064331,88,6749,,,,,,,,,,,,
,88,6763,0.7529441118240356,1.4655293226242065,1.3037669658660889,1.660427451133728,2.024789333343506,,,,,,,
,88,6763,,,,,,0.8994329571723938,0.054713886231184006,100.0,229.0,0.613043487071991,81.78250122070312,0.49443289637565613
0.7331724166870117,89,6799,,,,,,,,,,,,
,89,6839,0.7529639601707458,1.466385006904602,1.3037943840026855,1.6604403257369995,2.0203018188476562,,,,,,,
,89,6839,,,,,,0.8997781872749329,0.05486323684453964,100.0,230.0,0.613043487071991,81.2709732055664,0.49443289637565613
0.9212983846664429,90,6849,,,,,,,,,,,,
0.8613348007202148,90,6899,,,,,,,,,,,,
,90,6915,0.7529082298278809,1.466245412826538,1.3038380146026611,1.6604697704315186,2.0215046405792236,,,,,,,
,90,6915,,,,,,0.8937281370162964,0.05553140118718147,100.0,227.0,0.613043487071991,80.37482452392578,0.49443289637565613
0.49056142568588257,91,6949,,,,,,,,,,,,
,91,6991,0.7529582381248474,1.4664040803909302,1.3038181066513062,1.660454511642456,2.020193576812744,,,,,,,
,91,6991,,,,,,0.8986398577690125,0.05534384399652481,100.0,229.0,0.613043487071991,80.5848388671875,0.49443289637565613
0.9139438271522522,92,6999,,,,,,,,,,,,
0.9546880722045898,92,7049,,,,,,,,,,,,
,92,7067,0.752890944480896,1.465698003768921,1.3038283586502075,1.6604613065719604,2.024264335632324,,,,,,,
,92,7067,,,,,,0.9015451669692993,0.05565305054187775,100.0,229.0,0.613043487071991,80.4007797241211,0.49443289637565613
0.8003858327865601,93,7099,,,,,,,,,,,,
,93,7143,0.7528932690620422,1.4654325246810913,1.3038252592086792,1.6604657173156738,2.02558970451355,,,,,,,
,93,7143,,,,,,0.8956059813499451,0.05565234273672104,100.0,230.0,0.613043487071991,80.49467468261719,0.49443289637565613
0.6853666305541992,94,7149,,,,,,,,,,,,
0.6416375041007996,94,7199,,,,,,,,,,,,
,94,7219,0.7529611587524414,1.46538245677948,1.30376136302948,1.6604300737380981,2.024955987930298,,,,,,,
,94,7219,,,,,,0.8989489674568176,0.054978713393211365,100.0,230.0,0.613043487071991,81.45703125,0.49443289637565613
0.4726291596889496,95,7249,,,,,,,,,,,,
,95,7295,0.7528838515281677,1.464818000793457,1.3037583827972412,1.6604281663894653,2.028143882751465,,,,,,,
,95,7295,,,,,,0.9024940133094788,0.05510576441884041,100.0,230.0,0.613043487071991,81.47498321533203,0.49443289637565613
1.142189383506775,96,7299,,,,,,,,,,,,
0.6354597806930542,96,7349,,,,,,,,,,,,
,96,7371,0.7528584599494934,1.4647431373596191,1.3037441968917847,1.6604148149490356,2.0284183025360107,,,,,,,
,96,7371,,,,,,0.9007134437561035,0.05496653914451599,100.0,230.0,0.613043487071991,81.70201873779297,0.49443289637565613
0.7218403220176697,97,7399,,,,,,,,,,,,
,97,7447,0.7527683973312378,1.464469313621521,1.3038108348846436,1.6604599952697754,2.0306131839752197,,,,,,,
,97,7447,,,,,,0.9004647135734558,0.05576688051223755,100.0,229.0,0.613043487071991,80.6760025024414,0.49443289637565613
1.2206560373306274,98,7449,,,,,,,,,,,,
0.8924328684806824,98,7499,,,,,,,,,,,,
,98,7523,0.752848207950592,1.4637417793273926,1.3038057088851929,1.6604743003845215,2.0342578887939453,,,,,,,
,98,7523,,,,,,0.9003040194511414,0.05578460916876793,100.0,230.0,0.613043487071991,80.90850830078125,0.49443289637565613
0.7954859733581543,99,7549,,,,,,,,,,,,
0.8699806928634644,99,7599,,,,,,,,,,,,
,99,7599,0.7528226971626282,1.4640029668807983,1.3038097620010376,1.66046941280365,2.0328636169433594,,,,,,,
,99,7599,,,,,,0.8993117809295654,0.05589258670806885,100.0,229.0,0.613043487071991,80.6689224243164,0.49443289637565613
