evaluation_timestamp,collapse_detected,degradation_detected,checkpoint_used,frequency,max_prediction_length,fold_id,test_year,test_start,test_end,train_years,pred_min,pred_max,pred_mean,pred_std,pred_range,pred_num_unique,pred_pct_positive,pred_pct_negative,pred_num_predictions,mse,rmse,mae,mape,r2,mean_error,std_error,directional_accuracy,sharpe_ratio,max_drawdown,total_return,hit_rate,num_trades,precision,recall,f1_score,confusion_matrix,auc_roc,alpha,healthy_periods,degraded_periods,unidirectional_periods,weak_collapse_periods,strong_collapse_periods,total_periods,healthy_pct,degraded_pct,unidirectional_pct,weak_collapse_pct,strong_collapse_pct,experiment
2025-12-14T01:27:32.802039,True,True,experiments/12c_h1_rolling/macro_heavy_daily_h1_d010/fold_2016/checkpoints/tft-epoch=epoch=85-valloss=val_loss=0.3778.ckpt,daily,1,fold_2016,2016,2016-01-01,2016-12-31,10,0.06788289546966553,0.12311486899852753,0.0941726565361023,0.015566866844892502,0.055231973528862,200,100.0,0.0,200,0.6004261374473572,0.7748717069625854,0.5479777455329895,212.58232593536377,0.004268229007720947,-0.034959521144628525,0.7740826606750488,0.51,1.2104857776503184,-0.05595732107758522,0.11891007423400879,0.51,200,0.51,1.0,0.6754966887417219,"[[0, 98], [0, 102]]",0.5615246098439376,0.0,29,0,167,2,2,200,14.499999999999998,0.0,83.5,1.0,1.0,macro_heavy_daily_h1_d010
2025-12-14T01:41:15.746410,True,False,experiments/12c_h1_rolling/macro_heavy_daily_h1_d010/fold_2017/checkpoints/tft-epoch=epoch=55-valloss=val_loss=0.3059.ckpt,daily,1,fold_2017,2017,2017-01-01,2017-12-31,10,0.04653968662023544,0.05982283130288124,0.050065163522958755,0.002163443248718977,0.013283144682645798,197,100.0,0.0,200,0.18076378107070923,0.42516323924064636,0.289092481136322,112.74054050445557,0.0008436441421508789,0.010826850309967995,0.42502540349960327,0.595,2.2725931339001235,-0.027967534959316254,0.12742555141448975,0.595,200,0.595,1.0,0.7460815047021944,"[[0, 81], [0, 119]]",0.560639070442992,0.0,29,0,0,152,19,200,14.499999999999998,0.0,0.0,76.0,9.5,macro_heavy_daily_h1_d010
2025-12-14T01:55:50.378168,True,True,experiments/12c_h1_rolling/macro_heavy_daily_h1_d010/fold_2018/checkpoints/tft-epoch=epoch=65-valloss=val_loss=0.1752.ckpt,daily,1,fold_2018,2018,2018-01-01,2018-12-31,10,0.008008880540728569,0.1148746907711029,0.04816111549735069,0.03475610166788101,0.10686580836772919,198,100.0,0.0,199,0.9678765535354614,0.9838071465492249,0.6874918937683105,118.01981925964355,0.0005460381507873535,-0.05508088320493698,0.9822640419006348,0.5226130653266332,-0.11162565834681244,-0.09842368215322495,-0.02319413423538208,0.5226130653266332,199,0.5226130653266332,1.0,0.6864686468646866,"[[0, 95], [0, 104]]",0.5472672064777327,0.0,30,0,163,6,0,199,15.07537688442211,0.0,81.90954773869346,3.015075376884422,0.0,macro_heavy_daily_h1_d010
2025-12-14T02:10:22.005912,False,True,experiments/12c_h1_rolling/macro_heavy_daily_h1_d010/fold_2019/checkpoints/tft-epoch=epoch=90-valloss=val_loss=0.3784.ckpt,daily,1,fold_2019,2019,2019-01-01,2019-12-31,10,0.025956034660339355,0.08450702577829361,0.047068748623132706,0.015032299794256687,0.058550991117954254,199,100.0,0.0,200,0.6016846299171448,0.7756833434104919,0.5638166666030884,125.69564580917358,0.0032368898391723633,0.033553823828697205,0.7749572396278381,0.585,1.6472836498754606,-0.06836147606372833,0.1678025722503662,0.585,200,0.585,1.0,0.7381703470031545,"[[0, 83], [0, 117]]",0.5332097621254247,0.0,30,0,170,0,0,200,15.0,0.0,85.0,0.0,0.0,macro_heavy_daily_h1_d010
2025-12-14T02:24:41.683082,False,True,experiments/12c_h1_rolling/macro_heavy_daily_h1_d010/fold_2020/checkpoints/tft-epoch=epoch=70-valloss=val_loss=0.3080.ckpt,daily,1,fold_2020,2020,2020-01-01,2020-12-31,10,0.025141092017292976,0.19119709730148315,0.1529543399810791,0.042352333664894104,0.16605600714683533,201,100.0,0.0,201,5.793210983276367,2.4069089889526367,1.55237877368927,119.60407495498657,-0.0011336803436279297,-0.08855590969324112,2.4052793979644775,0.572139303482587,0.424973576464598,-0.3392496705055237,0.07327389717102051,0.572139303482587,201,0.572139303482587,1.0,0.7278481012658228,"[[0, 86], [0, 115]]",0.4618806875631952,0.0,30,0,171,0,0,201,14.925373134328357,0.0,85.07462686567165,0.0,0.0,macro_heavy_daily_h1_d010
2025-12-14T02:39:15.110346,False,True,experiments/12c_h1_rolling/macro_heavy_daily_h1_d010/fold_2021/checkpoints/tft-epoch=epoch=99-valloss=val_loss=0.9410.ckpt,daily,1,fold_2021,2021,2021-01-01,2021-12-31,10,0.06770246475934982,0.22634020447731018,0.1066364124417305,0.037450797855854034,0.15863773226737976,200,100.0,0.0,200,0.5470691919326782,0.7396412491798401,0.5569419264793396,153.44640016555786,0.013368844985961914,0.007894125767052174,0.7395990490913391,0.575,2.4416189364517393,-0.05212545022368431,0.250307559967041,0.575,200,0.575,1.0,0.7301587301587301,"[[0, 85], [0, 115]]",0.48286445012787726,0.0,30,0,170,0,0,200,15.0,0.0,85.0,0.0,0.0,macro_heavy_daily_h1_d010
2025-12-14T02:53:10.061061,True,True,experiments/12c_h1_rolling/macro_heavy_daily_h1_d010/fold_2022/checkpoints/tft-epoch=epoch=18-valloss=val_loss=0.3120.ckpt,daily,1,fold_2022,2022,2022-01-01,2022-12-31,10,0.060834646224975586,0.10194845497608185,0.08315999060869217,0.011085011065006256,0.04111380875110626,199,100.0,0.0,199,2.576216697692871,1.6050597429275513,1.2776176929473877,108.63029956817627,-0.005924224853515625,-0.13728685677051544,1.5991777181625366,0.4472361809045226,-0.53691375574447,-0.2258353978395462,-0.12476766109466553,0.4472361809045226,199,0.4472361809045226,1.0,0.6180555555555556,"[[0, 110], [0, 89]]",0.5045965270684372,0.0,29,1,141,28,0,199,14.572864321608039,0.5025125628140703,70.85427135678391,14.07035175879397,0.0,macro_heavy_daily_h1_d010
2025-12-14T03:06:24.300940,False,True,experiments/12c_h1_rolling/macro_heavy_daily_h1_d010/fold_2023/checkpoints/tft-epoch=epoch=43-valloss=val_loss=0.7146.ckpt,daily,1,fold_2023,2023,2023-01-01,2023-12-31,10,0.02976384200155735,0.23126770555973053,0.0844268873333931,0.053394049406051636,0.20150385797023773,199,100.0,0.0,199,0.6955041885375977,0.8339689373970032,0.661888837814331,167.7599549293518,0.002086460590362549,-0.03411395475268364,0.8332709670066833,0.5226130653266332,0.956701713786933,-0.1083863377571106,0.09764766693115234,0.5226130653266332,199,0.5226130653266332,1.0,0.6864686468646866,"[[0, 95], [0, 104]]",0.505161943319838,0.0,30,0,169,0,0,199,15.07537688442211,0.0,84.92462311557789,0.0,0.0,macro_heavy_daily_h1_d010
2025-12-14T03:19:16.856802,True,True,experiments/12c_h1_rolling/macro_heavy_daily_h1_d010/fold_2024/checkpoints/tft-epoch=epoch=16-valloss=val_loss=0.3553.ckpt,daily,1,fold_2024,2024,2024-01-01,2024-12-31,10,0.06603133678436279,0.07609469443559647,0.06938531249761581,0.0025312723591923714,0.010063357651233673,199,100.0,0.0,200,0.6695191264152527,0.8182414770126343,0.6106983423233032,185.47728061676025,0.00010859966278076172,0.017499376088380814,0.8180543780326843,0.565,1.6855375799170806,-0.08485137671232224,0.18174850940704346,0.565,200,0.565,1.0,0.7220447284345047,"[[0, 87], [0, 113]]",0.5238531176889432,0.0,29,1,0,168,2,200,14.499999999999998,0.5,0.0,84.0,1.0,macro_heavy_daily_h1_d010
2025-12-14T01:27:23.429291,True,True,experiments/12c_h1_rolling/macro_heavy_daily_h1_d005/fold_2016/checkpoints/tft-epoch=epoch=85-valloss=val_loss=0.3759.ckpt,daily,1,fold_2016,2016,2016-01-01,2016-12-31,10,0.08048613369464874,0.1618916094303131,0.1208997368812561,0.02291504293680191,0.08140547573566437,200,100.0,0.0,200,0.6024422645568848,0.7761715650558472,0.5508182644844055,248.15881252288818,0.0009247660636901855,-0.06168658286333084,0.7737163305282593,0.51,1.2104857776503184,-0.05595732107758522,0.11891007423400879,0.51,200,0.51,1.0,0.6754966887417219,"[[0, 98], [0, 102]]",0.5628251300520207,0.0,29,0,168,3,0,200,14.499999999999998,0.0,84.0,1.5,0.0,macro_heavy_daily_h1_d005
2025-12-14T01:41:05.895706,False,True,experiments/12c_h1_rolling/macro_heavy_daily_h1_d005/fold_2017/checkpoints/tft-epoch=epoch=66-valloss=val_loss=0.3058.ckpt,daily,1,fold_2017,2017,2017-01-01,2017-12-31,10,0.030273742973804474,0.057951219379901886,0.039266329258680344,0.005207407753914595,0.027677476406097412,199,100.0,0.0,200,0.18079714477062225,0.42520248889923096,0.2896447479724884,105.95318078994751,0.0006592273712158203,0.021625686436891556,0.42465218901634216,0.595,2.2725931339001235,-0.027967534959316254,0.12742555141448975,0.595,200,0.595,1.0,0.7460815047021944,"[[0, 81], [0, 119]]",0.5158211432721237,0.0,29,1,170,0,0,200,14.499999999999998,0.5,85.0,0.0,0.0,macro_heavy_daily_h1_d005
2025-12-14T01:55:45.581097,True,True,experiments/12c_h1_rolling/macro_heavy_daily_h1_d005/fold_2018/checkpoints/tft-epoch=epoch=61-valloss=val_loss=0.1745.ckpt,daily,1,fold_2018,2018,2018-01-01,2018-12-31,10,0.02113480120897293,0.12867529690265656,0.059016432613134384,0.038034774363040924,0.10754049569368362,198,100.0,0.0,199,0.9691307544708252,0.9844443798065186,0.6871959567070007,126.02471113204956,-0.0007491111755371094,-0.06593621522188187,0.9822337627410889,0.5226130653266332,-0.11162565834681244,-0.09842368215322495,-0.02319413423538208,0.5226130653266332,199,0.5226130653266332,1.0,0.6864686468646866,"[[0, 95], [0, 104]]",0.536842105263158,0.0,30,0,162,5,2,199,15.07537688442211,0.0,81.4070351758794,2.512562814070352,1.0050251256281406,macro_heavy_daily_h1_d005
2025-12-14T02:10:10.022733,True,True,experiments/12c_h1_rolling/macro_heavy_daily_h1_d005/fold_2019/checkpoints/tft-epoch=epoch=64-valloss=val_loss=0.3770.ckpt,daily,1,fold_2019,2019,2019-01-01,2019-12-31,10,0.03285132348537445,0.07371637225151062,0.04411506652832031,0.008328236639499664,0.04086504876613617,200,100.0,0.0,200,0.6020103693008423,0.7758932709693909,0.5644785165786743,127.72438526153564,0.002697288990020752,0.036507498472929,0.7750338912010193,0.585,1.6472836498754606,-0.06836147606372833,0.1678025722503662,0.585,200,0.585,1.0,0.7381703470031545,"[[0, 83], [0, 117]]",0.5406240345999381,0.0,29,1,145,25,0,200,14.499999999999998,0.5,72.5,12.5,0.0,macro_heavy_daily_h1_d005
2025-12-14T02:24:56.343093,False,True,experiments/12c_h1_rolling/macro_heavy_daily_h1_d005/fold_2020/checkpoints/tft-epoch=epoch=71-valloss=val_loss=0.3048.ckpt,daily,1,fold_2020,2020,2020-01-01,2020-12-31,10,0.011104874312877655,0.1688762754201889,0.1379747986793518,0.036136385053396225,0.15777140855789185,201,100.0,0.0,201,5.788113117218018,2.4058496952056885,1.5515133142471313,116.9474720954895,-0.00025272369384765625,-0.07357636094093323,2.404724359512329,0.572139303482587,0.424973576464598,-0.3392496705055237,0.07327389717102051,0.572139303482587,201,0.572139303482587,1.0,0.7278481012658228,"[[0, 86], [0, 115]]",0.5161779575328616,0.0,30,0,171,0,0,201,14.925373134328357,0.0,85.07462686567165,0.0,0.0,macro_heavy_daily_h1_d005
2025-12-14T02:39:32.031517,False,True,experiments/12c_h1_rolling/macro_heavy_daily_h1_d005/fold_2021/checkpoints/tft-epoch=epoch=91-valloss=val_loss=0.9384.ckpt,daily,1,fold_2021,2021,2021-01-01,2021-12-31,10,0.05433424562215805,0.23321054875850677,0.11367704719305038,0.04720764607191086,0.17887631058692932,200,100.0,0.0,200,0.5475168824195862,0.7399438619613647,0.5565135478973389,157.54061937332153,0.012561440467834473,0.0008534956141375005,0.7399433255195618,0.575,2.4416189364517393,-0.05212545022368431,0.250307559967041,0.575,200,0.575,1.0,0.7301587301587301,"[[0, 85], [0, 115]]",0.5056777493606137,0.0,30,0,170,0,0,200,15.0,0.0,85.0,0.0,0.0,macro_heavy_daily_h1_d005
2025-12-14T02:53:39.446807,True,True,experiments/12c_h1_rolling/macro_heavy_daily_h1_d005/fold_2022/checkpoints/tft-epoch=epoch=18-valloss=val_loss=0.3117.ckpt,daily,1,fold_2022,2022,2022-01-01,2022-12-31,10,0.057443857192993164,0.10100499540567398,0.0830509215593338,0.01191207766532898,0.04356113821268082,199,100.0,0.0,199,2.5766220092773438,1.6051859855651855,1.2775381803512573,108.74892473220825,-0.0060825347900390625,-0.13717779517173767,1.599313735961914,0.4472361809045226,-0.53691375574447,-0.2258353978395462,-0.12476766109466553,0.4472361809045226,199,0.4472361809045226,1.0,0.6180555555555556,"[[0, 110], [0, 89]]",0.5209397344228806,0.0,29,1,149,20,0,199,14.572864321608039,0.5025125628140703,74.87437185929649,10.050251256281408,0.0,macro_heavy_daily_h1_d005
2025-12-14T03:07:08.771662,False,True,experiments/12c_h1_rolling/macro_heavy_daily_h1_d005/fold_2023/checkpoints/tft-epoch=epoch=45-valloss=val_loss=0.7089.ckpt,daily,1,fold_2023,2023,2023-01-01,2023-12-31,10,0.03826361149549484,0.27710893750190735,0.10618826746940613,0.0672924593091011,0.2388453185558319,199,100.0,0.0,199,0.69762122631073,0.8352372050285339,0.6641738414764404,190.53198099136353,-0.0009510517120361328,-0.055875346064567566,0.8333661556243896,0.5226130653266332,0.956701713786933,-0.1083863377571106,0.09764766693115234,0.5226130653266332,199,0.5226130653266332,1.0,0.6864686468646866,"[[0, 95], [0, 104]]",0.5132591093117409,0.0,30,0,169,0,0,199,15.07537688442211,0.0,84.92462311557789,0.0,0.0,macro_heavy_daily_h1_d005
2025-12-14T03:20:20.067439,True,False,experiments/12c_h1_rolling/macro_heavy_daily_h1_d005/fold_2024/checkpoints/tft-epoch=epoch=15-valloss=val_loss=0.3557.ckpt,daily,1,fold_2024,2024,2024-01-01,2024-12-31,10,0.06686824560165405,0.0751773864030838,0.06950423866510391,0.0019831506069749594,0.008309140801429749,199,100.0,0.0,200,0.6695123314857483,0.8182373046875,0.6106764674186707,185.79347133636475,0.00011873245239257812,0.017380448058247566,0.8180527091026306,0.565,1.6855375799170806,-0.08485137671232224,0.18174850940704346,0.565,200,0.565,1.0,0.7220447284345047,"[[0, 87], [0, 113]]",0.5198860746617842,0.0,29,0,0,157,14,200,14.499999999999998,0.0,0.0,78.5,7.000000000000001,macro_heavy_daily_h1_d005
2025-12-14T01:28:25.514560,False,True,experiments/12c_h1_rolling/macro_heavy_daily_h1_h18/fold_2016/checkpoints/tft-epoch=epoch=62-valloss=val_loss=0.3740.ckpt,daily,1,fold_2016,2016,2016-01-01,2016-12-31,10,0.011369355022907257,0.14732173085212708,0.07614156603813171,0.030093714594841003,0.13595238327980042,199,100.0,0.0,200,0.6024657487869263,0.7761866450309753,0.5488833785057068,200.74470043182373,0.0008857846260070801,-0.016928432509303093,0.776002049446106,0.51,1.2104857776503184,-0.05595732107758522,0.11891007423400879,0.51,200,0.51,1.0,0.6754966887417219,"[[0, 98], [0, 102]]",0.476390556222489,0.0,30,0,170,0,0,200,15.0,0.0,85.0,0.0,0.0,macro_heavy_daily_h1_h18
2025-12-14T01:42:56.113820,True,True,experiments/12c_h1_rolling/macro_heavy_daily_h1_h18/fold_2017/checkpoints/tft-epoch=epoch=43-valloss=val_loss=0.3061.ckpt,daily,1,fold_2017,2017,2017-01-01,2017-12-31,10,-0.011362381279468536,0.05405070632696152,0.0006115922587923706,0.012216933071613312,0.06541308760643005,199,40.5,59.5,200,0.18340140581130981,0.4282538890838623,0.2960543632507324,101.55187845230103,-0.013735651969909668,0.06028042733669281,0.4239901900291443,0.48,2.254646901219159,-0.027967944741249084,0.0898979902267456,0.24,81,0.5925925925925926,0.40336134453781514,0.48,"[[48, 33], [71, 48]]",0.4918560016599232,-0.03752756118774414,171,21,0,8,0,200,85.5,10.5,0.0,4.0,0.0,macro_heavy_daily_h1_h18
2025-12-14T01:58:20.178458,True,True,experiments/12c_h1_rolling/macro_heavy_daily_h1_h18/fold_2018/checkpoints/tft-epoch=epoch=05-valloss=val_loss=0.1914.ckpt,daily,1,fold_2018,2018,2018-01-01,2018-12-31,10,0.08663653582334518,0.11340160667896271,0.09609849005937576,0.005453688092529774,0.026765070855617523,199,100.0,0.0,199,0.9800252318382263,0.9899622201919556,0.6913671493530273,196.38986587524414,-0.011999011039733887,-0.10301827639341354,0.984587550163269,0.5226130653266332,-0.11162565834681244,-0.09842368215322495,-0.02319413423538208,0.5226130653266332,199,0.5226130653266332,1.0,0.6864686468646866,"[[0, 95], [0, 104]]",0.49180161943319844,0.0,30,0,34,108,27,199,15.07537688442211,0.0,17.08542713567839,54.2713567839196,13.5678391959799,macro_heavy_daily_h1_h18
2025-12-14T02:13:57.482691,True,True,experiments/12c_h1_rolling/macro_heavy_daily_h1_h18/fold_2019/checkpoints/tft-epoch=epoch=59-valloss=val_loss=0.3771.ckpt,daily,1,fold_2019,2019,2019-01-01,2019-12-31,10,0.01299977581948042,0.11726796627044678,0.04056870564818382,0.026681456714868546,0.10426819324493408,199,100.0,0.0,200,0.5999743342399597,0.7745801210403442,0.5632286071777344,114.33359384536743,0.006070196628570557,0.04005386307835579,0.7735437750816345,0.585,1.6472836498754606,-0.06836147606372833,0.1678025722503662,0.585,200,0.585,1.0,0.7381703470031545,"[[0, 83], [0, 117]]",0.5125115848007414,0.0,30,0,169,1,0,200,15.0,0.0,84.5,0.5,0.0,macro_heavy_daily_h1_h18
2025-12-14T02:29:31.213348,False,True,experiments/12c_h1_rolling/macro_heavy_daily_h1_h18/fold_2020/checkpoints/tft-epoch=epoch=57-valloss=val_loss=0.3023.ckpt,daily,1,fold_2020,2020,2020-01-01,2020-12-31,10,0.009705107659101486,0.1514836549758911,0.10860543698072433,0.036363985389471054,0.14177854359149933,200,100.0,0.0,201,5.788267135620117,2.405881881713867,1.5560591220855713,113.11079263687134,-0.00027930736541748047,-0.04420703649520874,2.405475616455078,0.572139303482587,0.424973576464598,-0.3392496705055237,0.07327389717102051,0.572139303482587,201,0.572139303482587,1.0,0.7278481012658228,"[[0, 86], [0, 115]]",0.4541961577350859,0.0,30,0,171,0,0,201,14.925373134328357,0.0,85.07462686567165,0.0,0.0,macro_heavy_daily_h1_h18
2025-12-14T02:45:09.225398,False,True,experiments/12c_h1_rolling/macro_heavy_daily_h1_h18/fold_2021/checkpoints/tft-epoch=epoch=99-valloss=val_loss=0.9385.ckpt,daily,1,fold_2021,2021,2021-01-01,2021-12-31,10,0.09493657946586609,0.17167191207408905,0.1386505365371704,0.016602689400315285,0.07673533260822296,200,100.0,0.0,200,0.5549392700195312,0.7449424862861633,0.5567424297332764,182.54743814468384,-0.0008246898651123047,-0.02412000484764576,0.7445518374443054,0.575,2.4416189364517393,-0.05212545022368431,0.250307559967041,0.575,200,0.575,1.0,0.7301587301587301,"[[0, 85], [0, 115]]",0.4623017902813299,0.0,30,0,170,0,0,200,15.0,0.0,85.0,0.0,0.0,macro_heavy_daily_h1_h18
2025-12-14T02:59:29.458286,True,True,experiments/12c_h1_rolling/macro_heavy_daily_h1_h18/fold_2022/checkpoints/tft-epoch=epoch=12-valloss=val_loss=0.3132.ckpt,daily,1,fold_2022,2022,2022-01-01,2022-12-31,10,0.09271623194217682,0.11542552709579468,0.10736744105815887,0.0058340951800346375,0.02270929515361786,198,100.0,0.0,199,2.5846803188323975,1.607694149017334,1.2808512449264526,112.16360330581665,-0.009229063987731934,-0.16149428486824036,1.599562406539917,0.4472361809045226,-0.53691375574447,-0.2258353978395462,-0.12476766109466553,0.4472361809045226,199,0.4472361809045226,1.0,0.6180555555555556,"[[0, 110], [0, 89]]",0.526046986721144,0.0,30,0,49,112,8,199,15.07537688442211,0.0,24.623115577889447,56.28140703517588,4.0201005025125625,macro_heavy_daily_h1_h18
2025-12-14T03:14:10.412329,False,True,experiments/12c_h1_rolling/macro_heavy_daily_h1_h18/fold_2023/checkpoints/tft-epoch=epoch=56-valloss=val_loss=0.6805.ckpt,daily,1,fold_2023,2023,2023-01-01,2023-12-31,10,0.008633080869913101,0.20825280249118805,0.09743017703294754,0.05741220340132713,0.19961972534656525,199,100.0,0.0,199,0.6973429322242737,0.8350706100463867,0.6638785004615784,191.03071689605713,-0.0005517005920410156,-0.04711723327636719,0.8337402939796448,0.5226130653266332,0.956701713786933,-0.1083863377571106,0.09764766693115234,0.5226130653266332,199,0.5226130653266332,1.0,0.6864686468646866,"[[0, 95], [0, 104]]",0.5109311740890689,0.0,29,1,169,0,0,199,14.572864321608039,0.5025125628140703,84.92462311557789,0.0,0.0,macro_heavy_daily_h1_h18
2025-12-14T03:27:25.067406,True,True,experiments/12c_h1_rolling/macro_heavy_daily_h1_h18/fold_2024/checkpoints/tft-epoch=epoch=19-valloss=val_loss=0.3545.ckpt,daily,1,fold_2024,2024,2024-01-01,2024-12-31,10,0.03356214612722397,0.1387474238872528,0.05986643210053444,0.029148219153285027,0.10518527776002884,197,100.0,0.0,200,0.6676913499832153,0.8171238303184509,0.611571192741394,171.63320779800415,0.0028382539749145508,0.02701825089752674,0.8166770339012146,0.565,1.6855375799170806,-0.08485137671232224,0.18174850940704346,0.565,200,0.565,1.0,0.7220447284345047,"[[0, 87], [0, 113]]",0.48814973044451226,0.0,29,1,144,12,14,200,14.499999999999998,0.5,72.0,6.0,7.000000000000001,macro_heavy_daily_h1_h18
2025-12-14T03:31:31.133204,True,True,experiments/12c_h1_rolling/market_only_daily_h1_d010/fold_2016/checkpoints/tft-epoch=epoch=99-valloss=val_loss=0.3761.ckpt,daily,1,fold_2016,2016,2016-01-01,2016-12-31,10,0.04093993082642555,0.1085801050066948,0.06835750490427017,0.0159648098051548,0.06764017045497894,200,100.0,0.0,200,0.5997264981269836,0.7744200825691223,0.5456023812294006,177.21749544143677,0.005428493022918701,-0.009144370444118977,0.7743660807609558,0.51,1.2104857776503184,-0.05595732107758522,0.11891007423400879,0.51,200,0.51,1.0,0.6754966887417219,"[[0, 98], [0, 102]]",0.5364145658263306,0.0,30,0,168,2,0,200,15.0,0.0,84.0,1.0,0.0,market_only_daily_h1_d010
2025-12-14T03:43:29.593905,True,True,experiments/12c_h1_rolling/market_only_daily_h1_d010/fold_2017/checkpoints/tft-epoch=epoch=85-valloss=val_loss=0.3040.ckpt,daily,1,fold_2017,2017,2017-01-01,2017-12-31,10,0.01310217659920454,0.06445099413394928,0.02403770387172699,0.010352619923651218,0.051348816603422165,199,100.0,0.0,200,0.18137674033641815,0.4258834719657898,0.2917196750640869,99.74480271339417,-0.0025445222854614258,0.03685431182384491,0.4242858588695526,0.595,2.2725931339001235,-0.027967534959316254,0.12742555141448975,0.595,200,0.595,1.0,0.7460815047021944,"[[0, 81], [0, 119]]",0.49735449735449744,0.0,29,0,163,8,0,200,14.499999999999998,0.0,81.5,4.0,0.0,market_only_daily_h1_d010
2025-12-14T03:55:21.148139,True,True,experiments/12c_h1_rolling/market_only_daily_h1_d010/fold_2018/checkpoints/tft-epoch=epoch=04-valloss=val_loss=0.1971.ckpt,daily,1,fold_2018,2018,2018-01-01,2018-12-31,10,0.0017284229397773743,0.012736430391669273,0.006969428155571222,0.003012483473867178,0.011008007451891899,195,100.0,0.0,199,0.9688447713851929,0.9842991232872009,0.6894963979721069,108.1992506980896,-0.0004538297653198242,-0.013889199122786522,0.9842011332511902,0.5226130653266332,-0.11162565834681244,-0.09842368215322495,-0.02319413423538208,0.5226130653266332,199,0.5226130653266332,1.0,0.6864686468646866,"[[0, 95], [0, 104]]",0.47449392712550603,0.0,29,1,0,169,0,199,14.572864321608039,0.5025125628140703,0.0,84.92462311557789,0.0,market_only_daily_h1_d010
2025-12-14T04:07:19.387845,False,True,experiments/12c_h1_rolling/market_only_daily_h1_d010/fold_2019/checkpoints/tft-epoch=epoch=89-valloss=val_loss=0.3743.ckpt,daily,1,fold_2019,2019,2019-01-01,2019-12-31,10,0.003076590597629547,0.11927397549152374,0.03905816003680229,0.022871850058436394,0.1161973848938942,200,100.0,0.0,200,0.604693591594696,0.7776204943656921,0.5653071403503418,115.57714939117432,-0.0017478466033935547,0.04156440123915672,0.7765089273452759,0.585,1.6472836498754606,-0.06836147606372833,0.1678025722503662,0.585,200,0.585,1.0,0.7381703470031545,"[[0, 83], [0, 117]]",0.5158068170116362,0.0,30,0,170,0,0,200,15.0,0.0,85.0,0.0,0.0,market_only_daily_h1_d010
2025-12-14T04:19:06.980067,False,True,experiments/12c_h1_rolling/market_only_daily_h1_d010/fold_2020/checkpoints/tft-epoch=epoch=96-valloss=val_loss=0.3045.ckpt,daily,1,fold_2020,2020,2020-01-01,2020-12-31,10,0.013050101697444916,0.19074566662311554,0.13640964031219482,0.038389794528484344,0.17769557237625122,199,100.0,0.0,201,5.798264026641846,2.407958507537842,1.5529534816741943,115.94065427780151,-0.0020068883895874023,-0.07201121002435684,2.406881332397461,0.572139303482587,0.424973576464598,-0.3392496705055237,0.07327389717102051,0.572139303482587,201,0.572139303482587,1.0,0.7278481012658228,"[[0, 86], [0, 115]]",0.4493427704752275,0.0,30,0,171,0,0,201,14.925373134328357,0.0,85.07462686567165,0.0,0.0,market_only_daily_h1_d010
2025-12-14T04:30:59.576826,False,True,experiments/12c_h1_rolling/market_only_daily_h1_d010/fold_2021/checkpoints/tft-epoch=epoch=99-valloss=val_loss=0.9340.ckpt,daily,1,fold_2021,2021,2021-01-01,2021-12-31,10,0.040256839245557785,0.18457093834877014,0.08657846599817276,0.0280609093606472,0.14431409537792206,200,100.0,0.0,200,0.5493057370185852,0.7411516308784485,0.5575985312461853,145.13189792633057,0.009335219860076904,0.027952080592513084,0.7406243681907654,0.575,2.4416189364517393,-0.05212545022368431,0.250307559967041,0.575,200,0.575,1.0,0.7301587301587301,"[[0, 85], [0, 115]]",0.49831202046035805,0.0,30,0,170,0,0,200,15.0,0.0,85.0,0.0,0.0,market_only_daily_h1_d010
2025-12-14T04:42:38.781887,False,True,experiments/12c_h1_rolling/market_only_daily_h1_d010/fold_2022/checkpoints/tft-epoch=epoch=16-valloss=val_loss=0.3145.ckpt,daily,1,fold_2022,2022,2022-01-01,2022-12-31,10,0.1143794059753418,0.1869499534368515,0.16283436119556427,0.019317204132676125,0.0725705474615097,199,100.0,0.0,199,2.5997958183288574,1.612388253211975,1.2871049642562866,119.55379247665405,-0.015131115913391113,-0.21696119010448456,1.5977245569229126,0.4472361809045226,-0.53691375574447,-0.2258353978395462,-0.12476766109466553,0.4472361809045226,199,0.4472361809045226,1.0,0.6180555555555556,"[[0, 110], [0, 89]]",0.5360572012257405,0.0,30,0,169,0,0,199,15.07537688442211,0.0,84.92462311557789,0.0,0.0,market_only_daily_h1_d010
2025-12-14T04:54:37.319757,False,True,experiments/12c_h1_rolling/market_only_daily_h1_d010/fold_2023/checkpoints/tft-epoch=epoch=64-valloss=val_loss=0.6814.ckpt,daily,1,fold_2023,2023,2023-01-01,2023-12-31,10,-0.027446884661912918,0.2473432719707489,0.11068274825811386,0.08091376721858978,0.2747901678085327,199,84.92462311557789,15.07537688442211,199,0.702061116695404,0.8378908634185791,0.6681573987007141,214.34032917022705,-0.007321357727050781,-0.06036980822682381,0.8357132077217102,0.5125628140703518,1.0287270370261419,-0.08759216964244843,0.10229599475860596,0.44221105527638194,169,0.5207100591715976,0.8461538461538461,0.6446886446886446,"[[14, 81], [16, 88]]",0.5114372469635627,0.004648327827453613,134,6,59,0,0,199,67.33668341708542,3.015075376884422,29.64824120603015,0.0,0.0,market_only_daily_h1_d010
2025-12-14T05:06:31.017285,True,True,experiments/12c_h1_rolling/market_only_daily_h1_d010/fold_2024/checkpoints/tft-epoch=epoch=20-valloss=val_loss=0.3542.ckpt,daily,1,fold_2024,2024,2024-01-01,2024-12-31,10,-0.00850234180688858,0.10702498257160187,0.06146090105175972,0.02257419563829899,0.11552732437849045,198,99.0,1.0,200,0.6675078868865967,0.8170115351676941,0.6089898943901062,139.27111625671387,0.003112316131591797,0.025423787534236908,0.816615879535675,0.575,1.889745492383054,-0.08485137671232224,0.20484960079193115,0.565,198,0.5707070707070707,1.0,0.7266881028938906,"[[2, 85], [0, 113]]",0.5075780693723935,0.023101091384887695,30,0,141,3,26,200,15.0,0.0,70.5,1.5,13.0,market_only_daily_h1_d010
2025-12-14T03:32:28.290853,False,True,experiments/12c_h1_rolling/market_only_daily_h1_d025/fold_2016/checkpoints/tft-epoch=epoch=90-valloss=val_loss=0.3759.ckpt,daily,1,fold_2016,2016,2016-01-01,2016-12-31,10,0.02593826875090599,0.0888449177145958,0.05870039761066437,0.013354535214602947,0.0629066526889801,199,100.0,0.0,200,0.6024251580238342,0.7761605381965637,0.5465755462646484,167.27993488311768,0.0009530782699584961,0.0005127370241098106,0.7761603593826294,0.51,1.2104857776503184,-0.05595732107758522,0.11891007423400879,0.51,200,0.51,1.0,0.6754966887417219,"[[0, 98], [0, 102]]",0.4756902761104442,0.0,30,0,170,0,0,200,15.0,0.0,85.0,0.0,0.0,market_only_daily_h1_d025
2025-12-14T03:44:04.207651,True,True,experiments/12c_h1_rolling/market_only_daily_h1_d025/fold_2017/checkpoints/tft-epoch=epoch=58-valloss=val_loss=0.3046.ckpt,daily,1,fold_2017,2017,2017-01-01,2017-12-31,10,0.019393641501665115,0.0570971854031086,0.0274035707116127,0.0075587378814816475,0.03770354390144348,200,100.0,0.0,200,0.18140602111816406,0.4259178638458252,0.2912243604660034,101.13208293914795,-0.002706289291381836,0.033488448709249496,0.424599289894104,0.595,2.2725931339001235,-0.027967534959316254,0.12742555141448975,0.595,200,0.595,1.0,0.7460815047021944,"[[0, 81], [0, 119]]",0.49631704533665316,0.0,29,0,138,27,6,200,14.499999999999998,0.0,69.0,13.5,3.0,market_only_daily_h1_d025
2025-12-14T03:55:34.014807,True,True,experiments/12c_h1_rolling/market_only_daily_h1_d025/fold_2018/checkpoints/tft-epoch=epoch=04-valloss=val_loss=0.1992.ckpt,daily,1,fold_2018,2018,2018-01-01,2018-12-31,10,-0.007091555744409561,0.006162378937005997,-0.0007042315555736423,0.003787672147154808,0.013253934681415558,198,50.25125628140703,49.74874371859296,199,0.9688464403152466,0.9842999577522278,0.6898484826087952,104.10692691802979,-0.00045549869537353516,-0.006215549539774656,0.9842803478240967,0.49748743718592964,-0.6376930989513026,-0.06868599355220795,-0.04765141010284424,0.2613065326633166,100,0.52,0.5,0.5098039215686274,"[[47, 48], [52, 52]]",0.46831983805668015,-0.024457275867462158,29,1,0,169,0,199,14.572864321608039,0.5025125628140703,0.0,84.92462311557789,0.0,market_only_daily_h1_d025
2025-12-14T04:07:21.519970,False,True,experiments/12c_h1_rolling/market_only_daily_h1_d025/fold_2019/checkpoints/tft-epoch=epoch=97-valloss=val_loss=0.3727.ckpt,daily,1,fold_2019,2019,2019-01-01,2019-12-31,10,0.0016271695494651794,0.09384381771087646,0.0361243337392807,0.01952551305294037,0.09221664816141129,200,100.0,0.0,200,0.6045255064964294,0.7775123715400696,0.5658473372459412,113.13823461532593,-0.0014693737030029297,0.04449823498725891,0.7762380242347717,0.585,1.6472836498754606,-0.06836147606372833,0.1678025722503662,0.585,200,0.585,1.0,0.7381703470031545,"[[0, 83], [0, 117]]",0.49531459170013387,0.0,30,0,170,0,0,200,15.0,0.0,85.0,0.0,0.0,market_only_daily_h1_d025
2025-12-14T04:19:03.329447,True,True,experiments/12c_h1_rolling/market_only_daily_h1_d025/fold_2020/checkpoints/tft-epoch=epoch=97-valloss=val_loss=0.3078.ckpt,daily,1,fold_2020,2020,2020-01-01,2020-12-31,10,0.03823092207312584,0.1692662239074707,0.12398916482925415,0.026885518804192543,0.13103529810905457,201,100.0,0.0,201,5.782032012939453,2.404585599899292,1.5520778894424438,112.85727024078369,0.0007981657981872559,-0.059590741991996765,2.4038472175598145,0.572139303482587,0.424973576464598,-0.3392496705055237,0.07327389717102051,0.572139303482587,201,0.572139303482587,1.0,0.7278481012658228,"[[0, 86], [0, 115]]",0.4938321536905966,0.0,30,0,151,8,12,201,14.925373134328357,0.0,75.12437810945273,3.9800995024875623,5.970149253731343,market_only_daily_h1_d025
2025-12-14T04:31:08.558381,False,True,experiments/12c_h1_rolling/market_only_daily_h1_d025/fold_2021/checkpoints/tft-epoch=epoch=98-valloss=val_loss=0.9345.ckpt,daily,1,fold_2021,2021,2021-01-01,2021-12-31,10,0.06623178720474243,0.17144234478473663,0.10369264334440231,0.021258272230625153,0.1052105575799942,199,100.0,0.0,200,0.5502641201019287,0.741797924041748,0.55647873878479,159.08082723617554,0.007606863975524902,0.010837901383638382,0.7417186498641968,0.575,2.4416189364517393,-0.05212545022368431,0.250307559967041,0.575,200,0.575,1.0,0.7301587301587301,"[[0, 85], [0, 115]]",0.49391304347826087,0.0,30,0,170,0,0,200,15.0,0.0,85.0,0.0,0.0,market_only_daily_h1_d025
2025-12-14T04:42:56.746761,True,True,experiments/12c_h1_rolling/market_only_daily_h1_d025/fold_2022/checkpoints/tft-epoch=epoch=19-valloss=val_loss=0.3146.ckpt,daily,1,fold_2022,2022,2022-01-01,2022-12-31,10,0.13868805766105652,0.16527555882930756,0.15443311631679535,0.00786734838038683,0.026587501168251038,199,100.0,0.0,199,2.6011641025543213,1.6128125190734863,1.2868294715881348,118.58847141265869,-0.015665411949157715,-0.20855998992919922,1.5992707014083862,0.4472361809045226,-0.53691375574447,-0.2258353978395462,-0.12476766109466553,0.4472361809045226,199,0.4472361809045226,1.0,0.6180555555555556,"[[0, 110], [0, 89]]",0.5197139938712972,0.0,29,1,149,20,0,199,14.572864321608039,0.5025125628140703,74.87437185929649,10.050251256281408,0.0,market_only_daily_h1_d025
2025-12-14T04:54:44.443682,False,True,experiments/12c_h1_rolling/market_only_daily_h1_d025/fold_2023/checkpoints/tft-epoch=epoch=66-valloss=val_loss=0.6783.ckpt,daily,1,fold_2023,2023,2023-01-01,2023-12-31,10,0.006705727428197861,0.24028503894805908,0.08539997041225433,0.05502907186746597,0.23357930779457092,199,100.0,0.0,199,0.6962410807609558,0.8344106078147888,0.6633370518684387,173.94328117370605,0.00102919340133667,-0.035087037831544876,0.8336725831031799,0.5226130653266332,0.956701713786933,-0.1083863377571106,0.09764766693115234,0.5226130653266332,199,0.5226130653266332,1.0,0.6864686468646866,"[[0, 95], [0, 104]]",0.5088056680161943,0.0,30,0,169,0,0,199,15.07537688442211,0.0,84.92462311557789,0.0,0.0,market_only_daily_h1_d025
2025-12-14T05:06:21.061927,True,True,experiments/12c_h1_rolling/market_only_daily_h1_d025/fold_2024/checkpoints/tft-epoch=epoch=22-valloss=val_loss=0.3548.ckpt,daily,1,fold_2024,2024,2024-01-01,2024-12-31,10,0.010668888688087463,0.12157908827066422,0.06990287452936172,0.02321234904229641,0.11091019958257675,198,100.0,0.0,200,0.6671919226646423,0.8168181777000427,0.60865318775177,148.18696975708008,0.003584146499633789,0.0169818177819252,0.8166416883468628,0.565,1.6855375799170806,-0.08485137671232224,0.18174850940704346,0.565,200,0.565,1.0,0.7220447284345047,"[[0, 87], [0, 113]]",0.5458244329162852,0.0,29,0,144,3,24,200,14.499999999999998,0.0,72.0,1.5,12.0,market_only_daily_h1_d025
2025-12-14T03:40:12.614875,False,True,experiments/12c_h1_rolling/market_only_daily_h1_h14/fold_2016/checkpoints/tft-epoch=epoch=94-valloss=val_loss=0.3799.ckpt,daily,1,fold_2016,2016,2016-01-01,2016-12-31,10,0.046493515372276306,0.1083543598651886,0.08107909560203552,0.012565729208290577,0.06186084449291229,199,100.0,0.0,200,0.6036770343780518,0.7769665718078613,0.5489431619644165,196.80218696594238,-0.0011229515075683594,-0.021865954622626305,0.7766587734222412,0.51,1.2104857776503184,-0.05595732107758522,0.11891007423400879,0.51,200,0.51,1.0,0.6754966887417219,"[[0, 98], [0, 102]]",0.5103041216486595,0.0,30,0,170,0,0,200,15.0,0.0,85.0,0.0,0.0,market_only_daily_h1_h14
2025-12-14T03:52:20.218597,True,True,experiments/12c_h1_rolling/market_only_daily_h1_h14/fold_2017/checkpoints/tft-epoch=epoch=12-valloss=val_loss=0.3216.ckpt,daily,1,fold_2017,2017,2017-01-01,2017-12-31,10,0.002621609717607498,0.01869259774684906,0.010064213536679745,0.0041312468238174915,0.016070988029241562,199,100.0,0.0,200,0.183599054813385,0.42848458886146545,0.2940389811992645,99.20721650123596,-0.014828085899353027,0.05082780495285988,0.4254592955112457,0.595,2.2725931339001235,-0.027967534959316254,0.12742555141448975,0.595,200,0.595,1.0,0.7460815047021944,"[[0, 81], [0, 119]]",0.475153024172632,0.0,29,1,0,170,0,200,14.499999999999998,0.5,0.0,85.0,0.0,market_only_daily_h1_h14
2025-12-14T04:04:43.404472,True,True,experiments/12c_h1_rolling/market_only_daily_h1_h14/fold_2018/checkpoints/tft-epoch=epoch=08-valloss=val_loss=0.1898.ckpt,daily,1,fold_2018,2018,2018-01-01,2018-12-31,10,-0.1175311878323555,-0.09259464591741562,-0.10255683213472366,0.006353916134685278,0.02493654191493988,199,0.0,100.0,199,0.9792701005935669,0.9895807504653931,0.702113926410675,197.5960612297058,-0.011219263076782227,0.09563704580068588,0.9849485158920288,0.47738693467336685,0.0,0.0,0.0,0.0,0,0.0,0.0,0.0,"[[95, 0], [104, 0]]",0.42935222672064777,0.02319413423538208,30,0,34,135,0,199,15.07537688442211,0.0,17.08542713567839,67.8391959798995,0.0,market_only_daily_h1_h14
2025-12-14T04:17:24.493933,False,True,experiments/12c_h1_rolling/market_only_daily_h1_h14/fold_2019/checkpoints/tft-epoch=epoch=99-valloss=val_loss=0.3799.ckpt,daily,1,fold_2019,2019,2019-01-01,2019-12-31,10,0.0009392406791448593,0.09147819876670837,0.0414801687002182,0.024517737329006195,0.09053895622491837,200,100.0,0.0,200,0.6035633087158203,0.7768933773040771,0.565122663974762,121.44654989242554,0.0001246333122253418,0.039142392575740814,0.7759066224098206,0.585,1.6472836498754606,-0.06836147606372833,0.1678025722503662,0.585,200,0.585,1.0,0.7381703470031545,"[[0, 83], [0, 117]]",0.5171455050973124,0.0,30,0,170,0,0,200,15.0,0.0,85.0,0.0,0.0,market_only_daily_h1_h14
2025-12-14T04:29:38.112348,False,True,experiments/12c_h1_rolling/market_only_daily_h1_h14/fold_2020/checkpoints/tft-epoch=epoch=97-valloss=val_loss=0.3082.ckpt,daily,1,fold_2020,2020,2020-01-01,2020-12-31,10,0.03319321572780609,0.1482071727514267,0.1143304780125618,0.021387210115790367,0.1150139570236206,201,100.0,0.0,201,5.784474849700928,2.4050934314727783,1.553130030632019,111.51487827301025,0.00037604570388793945,-0.049932051450014114,2.4045751094818115,0.572139303482587,0.424973576464598,-0.3392496705055237,0.07327389717102051,0.572139303482587,201,0.572139303482587,1.0,0.7278481012658228,"[[0, 86], [0, 115]]",0.49908998988877656,0.0,30,0,171,0,0,201,14.925373134328357,0.0,85.07462686567165,0.0,0.0,market_only_daily_h1_h14
2025-12-14T04:42:09.496400,False,True,experiments/12c_h1_rolling/market_only_daily_h1_h14/fold_2021/checkpoints/tft-epoch=epoch=98-valloss=val_loss=0.9583.ckpt,daily,1,fold_2021,2021,2021-01-01,2021-12-31,10,0.022621039301156998,0.23991845548152924,0.11605916917324066,0.05782178416848183,0.21729741990566254,200,100.0,0.0,200,0.5518417954444885,0.7428605556488037,0.5578286051750183,170.600163936615,0.004761457443237305,-0.0015286243287846446,0.7428590059280396,0.575,2.4416189364517393,-0.05212545022368431,0.250307559967041,0.575,200,0.575,1.0,0.7301587301587301,"[[0, 85], [0, 115]]",0.49186700767263425,0.0,30,0,170,0,0,200,15.0,0.0,85.0,0.0,0.0,market_only_daily_h1_h14
2025-12-14T04:54:29.797051,False,True,experiments/12c_h1_rolling/market_only_daily_h1_h14/fold_2022/checkpoints/tft-epoch=epoch=59-valloss=val_loss=0.3129.ckpt,daily,1,fold_2022,2022,2022-01-01,2022-12-31,10,0.11511743068695068,0.15260736644268036,0.13620483875274658,0.01016313023865223,0.037489935755729675,199,100.0,0.0,199,2.5940463542938232,1.6106042861938477,1.2841218709945679,115.72533845901489,-0.0128861665725708,-0.19033171236515045,1.5993187427520752,0.4472361809045226,-0.53691375574447,-0.2258353978395462,-0.12476766109466553,0.4472361809045226,199,0.4472361809045226,1.0,0.6180555555555556,"[[0, 110], [0, 89]]",0.5277834525025537,0.0,30,0,169,0,0,199,15.07537688442211,0.0,84.92462311557789,0.0,0.0,market_only_daily_h1_h14
2025-12-14T05:07:01.276589,False,True,experiments/12c_h1_rolling/market_only_daily_h1_h14/fold_2023/checkpoints/tft-epoch=epoch=94-valloss=val_loss=0.6812.ckpt,daily,1,fold_2023,2023,2023-01-01,2023-12-31,10,0.030630696564912796,0.33959102630615234,0.11182232946157455,0.06790061295032501,0.30896031856536865,199,100.0,0.0,199,0.6995183825492859,0.8363721370697021,0.6642191410064697,187.56756782531738,-0.0036731958389282227,-0.0615093968808651,0.8341072797775269,0.5226130653266332,0.956701713786933,-0.1083863377571106,0.09764766693115234,0.5226130653266332,199,0.5226130653266332,1.0,0.6864686468646866,"[[0, 95], [0, 104]]",0.5005060728744939,0.0,30,0,169,0,0,199,15.07537688442211,0.0,84.92462311557789,0.0,0.0,market_only_daily_h1_h14
2025-12-14T05:19:28.483370,True,True,experiments/12c_h1_rolling/market_only_daily_h1_h14/fold_2024/checkpoints/tft-epoch=epoch=57-valloss=val_loss=0.3565.ckpt,daily,1,fold_2024,2024,2024-01-01,2024-12-31,10,0.03144214674830437,0.13659019768238068,0.05590086057782173,0.026993250474333763,0.10514804720878601,198,100.0,0.0,200,0.6660730242729187,0.8161329627037048,0.610419511795044,159.2458963394165,0.005255162715911865,0.0309838205575943,0.815544605255127,0.565,1.6855375799170806,-0.08485137671232224,0.18174850940704346,0.565,200,0.565,1.0,0.7220447284345047,"[[0, 87], [0, 113]]",0.49842335469433424,0.0,29,1,144,26,0,200,14.499999999999998,0.5,72.0,13.0,0.0,market_only_daily_h1_h14
2025-12-14T05:11:27.216498,True,True,experiments/12c_h1_rolling/macro_heavy_weekly_h1_enc8/fold_2016/checkpoints/tft-epoch=epoch=28-valloss=val_loss=0.5788.ckpt,weekly,1,fold_2016,2016,2016-01-01,2016-12-31,10,0.2837352752685547,0.2963794767856598,0.28961798548698425,0.003315596142783761,0.012644201517105103,15,100.0,0.0,15,1.5975072383880615,1.263925313949585,1.0945899486541748,675.2947807312012,-0.06975579261779785,0.32198598980903625,1.2222243547439575,0.6666666666666666,3.609049541425517,-0.021500559523701668,0.09456241130828857,0.6666666666666666,15,0.6666666666666666,1.0,0.8,"[[0, 5], [0, 10]]",0.5800000000000001,0.0,5,1,0,9,0,15,33.33333333333333,6.666666666666667,0.0,60.0,0.0,macro_heavy_weekly_h1_enc8
2025-12-14T05:16:36.717949,True,True,experiments/12c_h1_rolling/macro_heavy_weekly_h1_enc8/fold_2017/checkpoints/tft-epoch=epoch=27-valloss=val_loss=0.5635.ckpt,weekly,1,fold_2017,2017,2017-01-01,2017-12-31,10,0.3208819031715393,0.3225211501121521,0.3216347396373749,0.0005879285163246095,0.001639246940612793,14,100.0,0.0,14,0.7793266177177429,0.8827947974205017,0.7612966299057007,106.09345436096191,-0.013403534889221191,-0.10435034334659576,0.8766056895256042,0.5714285714285714,1.7867413814726505,-0.02273082546889782,0.030299782752990723,0.5714285714285714,14,0.5714285714285714,1.0,0.7272727272727273,"[[0, 6], [0, 8]]",0.8333333333333334,0.0,5,1,0,8,0,14,35.714285714285715,7.142857142857142,0.0,57.14285714285714,0.0,macro_heavy_weekly_h1_enc8
2025-12-14T05:21:28.255936,True,True,experiments/12c_h1_rolling/macro_heavy_weekly_h1_enc8/fold_2018/checkpoints/tft-epoch=epoch=26-valloss=val_loss=0.4677.ckpt,weekly,1,fold_2018,2018,2018-01-01,2018-12-31,10,0.30562824010849,0.32743221521377563,0.31855079531669617,0.005253680516034365,0.021803975105285645,14,100.0,0.0,14,5.135487079620361,2.2661612033843994,1.6228094100952148,364.481782913208,-0.020886898040771484,-0.32605990767478943,2.242581367492676,0.5,-0.024142896411681485,-0.07116635143756866,-0.004615366458892822,0.5,14,0.5,1.0,0.6666666666666666,"[[0, 7], [0, 7]]",0.5510204081632653,0.0,5,1,0,8,0,14,35.714285714285715,7.142857142857142,0.0,57.14285714285714,0.0,macro_heavy_weekly_h1_enc8
2025-12-14T05:26:18.082585,True,True,experiments/12c_h1_rolling/macro_heavy_weekly_h1_enc8/fold_2019/checkpoints/tft-epoch=epoch=76-valloss=val_loss=0.9078.ckpt,weekly,1,fold_2019,2019,2019-01-01,2019-12-31,10,0.2435467541217804,0.2995895743370056,0.28799566626548767,0.014765958301723003,0.05604282021522522,14,100.0,0.0,14,2.62843918800354,1.6212462186813354,1.3181648254394531,118.5524582862854,-0.061361074447631836,-0.3801884055137634,1.576038122177124,0.5,-0.42245539962450923,-0.06571739912033081,-0.0145416259765625,0.5,14,0.5,1.0,0.6666666666666666,"[[0, 7], [0, 7]]",0.2857142857142857,0.0,5,1,7,1,0,14,35.714285714285715,7.142857142857142,50.0,7.142857142857142,0.0,macro_heavy_weekly_h1_enc8
2025-12-14T05:31:03.472912,False,True,experiments/12c_h1_rolling/macro_heavy_weekly_h1_enc8/fold_2020/checkpoints/tft-epoch=epoch=51-valloss=val_loss=0.6886.ckpt,weekly,1,fold_2020,2020,2020-01-01,2020-12-31,10,0.24323560297489166,0.29319414496421814,0.27193671464920044,0.015602624043822289,0.04995854198932648,14,100.0,0.0,14,52.870765686035156,7.271228790283203,5.485939025878906,107.47569799423218,-0.005995035171508789,-0.6575166583061218,7.241439342498779,0.5,-0.3835359550837931,-0.22455154359340668,-0.08791565895080566,0.5,14,0.5,1.0,0.6666666666666666,"[[0, 7], [0, 7]]",0.5714285714285714,0.0,5,1,8,0,0,14,35.714285714285715,7.142857142857142,57.14285714285714,0.0,0.0,macro_heavy_weekly_h1_enc8
2025-12-14T05:35:50.441513,True,True,experiments/12c_h1_rolling/macro_heavy_weekly_h1_enc8/fold_2021/checkpoints/tft-epoch=epoch=99-valloss=val_loss=4.0313.ckpt,weekly,1,fold_2021,2021,2021-01-01,2021-12-31,10,0.5323603749275208,0.693152904510498,0.6444162726402283,0.052588485181331635,0.1607925295829773,15,100.0,0.0,15,1.863478422164917,1.3650928735733032,1.0901912450790405,282.1136951446533,0.0075264573097229,-0.10376685112714767,1.3611431121826172,0.6666666666666666,2.8452124742250895,-0.01813076063990593,0.08272409439086914,0.6666666666666666,15,0.6666666666666666,1.0,0.8,"[[0, 5], [0, 10]]",0.56,0.0,5,0,7,1,2,15,33.33333333333333,0.0,46.666666666666664,6.666666666666667,13.333333333333334,macro_heavy_weekly_h1_enc8
2025-12-14T05:40:37.078395,True,True,experiments/12c_h1_rolling/macro_heavy_weekly_h1_enc8/fold_2022/checkpoints/tft-epoch=epoch=51-valloss=val_loss=0.5979.ckpt,weekly,1,fold_2022,2022,2022-01-01,2022-12-31,10,0.27436572313308716,0.29527124762535095,0.2882845401763916,0.005244954023510218,0.020905524492263794,14,100.0,0.0,14,9.990791320800781,3.1608211994171143,2.657705545425415,136.87697649002075,-0.0523303747177124,-0.7053887248039246,3.081106424331665,0.2857142857142857,-0.9761627702515514,-0.14177735149860382,-0.06297200918197632,0.2857142857142857,14,0.2857142857142857,1.0,0.4444444444444445,"[[0, 10], [0, 4]]",0.35,0.0,5,1,0,8,0,14,35.714285714285715,7.142857142857142,0.0,57.14285714285714,0.0,macro_heavy_weekly_h1_enc8
2025-12-14T05:45:25.501860,False,True,experiments/12c_h1_rolling/macro_heavy_weekly_h1_enc8/fold_2023/checkpoints/tft-epoch=epoch=79-valloss=val_loss=1.5194.ckpt,weekly,1,fold_2023,2023,2023-01-01,2023-12-31,10,0.4432157874107361,0.5538418292999268,0.5176703333854675,0.03599958121776581,0.11062604188919067,14,100.0,0.0,14,3.173358917236328,1.7813924551010132,1.2712410688400269,168.58490705490112,-0.0019959211349487305,0.04073399305343628,1.7809267044067383,0.6428571428571429,2.262683280828133,-0.04549334570765495,0.07867169380187988,0.6428571428571429,14,0.6428571428571429,1.0,0.782608695652174,"[[0, 5], [0, 9]]",0.4666666666666667,0.0,5,1,8,0,0,14,35.714285714285715,7.142857142857142,57.14285714285714,0.0,0.0,macro_heavy_weekly_h1_enc8
2025-12-14T05:50:05.706196,True,True,experiments/12c_h1_rolling/macro_heavy_weekly_h1_enc8/fold_2024/checkpoints/tft-epoch=epoch=54-valloss=val_loss=0.7568.ckpt,weekly,1,fold_2024,2024,2024-01-01,2024-12-31,10,0.31210628151893616,0.3165186047554016,0.31356245279312134,0.0013842580374330282,0.004412323236465454,14,100.0,0.0,14,2.2480363845825195,1.499345302581787,1.1902366876602173,186.24804019927979,-0.0004075765609741211,-0.041887786239385605,1.4987599849700928,0.5714285714285714,1.3068857997590535,-0.054644230753183365,0.03708338737487793,0.5714285714285714,14,0.5714285714285714,1.0,0.7272727272727273,"[[0, 6], [0, 8]]",0.75,0.0,5,1,0,8,0,14,35.714285714285715,7.142857142857142,0.0,57.14285714285714,0.0,macro_heavy_weekly_h1_enc8
2025-12-14T05:11:15.588726,True,True,experiments/12c_h1_rolling/market_only_weekly_h1_enc8/fold_2016/checkpoints/tft-epoch=epoch=27-valloss=val_loss=0.5952.ckpt,weekly,1,fold_2016,2016,2016-01-01,2016-12-31,10,0.21144291758537292,0.22164028882980347,0.21694062650203705,0.0031536028254777193,0.010197371244430542,15,100.0,0.0,15,1.65266752243042,1.285561203956604,1.1081280708312988,514.5752429962158,-0.10669326782226562,0.3946632146835327,1.2234821319580078,0.6666666666666666,3.609049541425517,-0.021500559523701668,0.09456241130828857,0.6666666666666666,15,0.6666666666666666,1.0,0.8,"[[0, 5], [0, 10]]",0.22,0.0,5,1,0,9,0,15,33.33333333333333,6.666666666666667,0.0,60.0,0.0,market_only_weekly_h1_enc8
2025-12-14T05:15:52.392180,True,True,experiments/12c_h1_rolling/market_only_weekly_h1_enc8/fold_2017/checkpoints/tft-epoch=epoch=23-valloss=val_loss=0.5870.ckpt,weekly,1,fold_2017,2017,2017-01-01,2017-12-31,10,0.2045895904302597,0.23015911877155304,0.21886391937732697,0.008916668593883514,0.025569528341293335,14,100.0,0.0,14,0.7757676243782043,0.8807767033576965,0.765969455242157,100.56461095809937,-0.008775472640991211,-0.0015795017825439572,0.8807752728462219,0.5714285714285714,1.7867413814726505,-0.02273082546889782,0.030299782752990723,0.5714285714285714,14,0.5714285714285714,1.0,0.7272727272727273,"[[0, 6], [0, 8]]",0.4583333333333333,0.0,5,1,0,8,0,14,35.714285714285715,7.142857142857142,0.0,57.14285714285714,0.0,market_only_weekly_h1_enc8
2025-12-14T05:20:33.101151,True,True,experiments/12c_h1_rolling/market_only_weekly_h1_enc8/fold_2018/checkpoints/tft-epoch=epoch=14-valloss=val_loss=0.4283.ckpt,weekly,1,fold_2018,2018,2018-01-01,2018-12-31,10,0.13990908861160278,0.15272383391857147,0.14562015235424042,0.0038026501424610615,0.012814745306968689,14,100.0,0.0,14,5.057032585144043,2.2487847805023193,1.6211987733840942,217.46065616607666,-0.005290865898132324,-0.15312926471233368,2.2435648441314697,0.5,-0.024142896411681485,-0.07116635143756866,-0.004615366458892822,0.5,14,0.5,1.0,0.6666666666666666,"[[0, 7], [0, 7]]",0.4897959183673469,0.0,5,1,0,8,0,14,35.714285714285715,7.142857142857142,0.0,57.14285714285714,0.0,market_only_weekly_h1_enc8
2025-12-14T05:25:08.471324,True,True,experiments/12c_h1_rolling/market_only_weekly_h1_enc8/fold_2019/checkpoints/tft-epoch=epoch=98-valloss=val_loss=0.9278.ckpt,weekly,1,fold_2019,2019,2019-01-01,2019-12-31,10,0.1821838915348053,0.18843476474285126,0.18463388085365295,0.0018781805410981178,0.0062508732080459595,14,100.0,0.0,14,2.5536532402038574,1.5980154275894165,1.2998945713043213,106.454598903656,-0.031162619590759277,-0.27682656049728394,1.5738551616668701,0.5,-0.42245539962450923,-0.06571739912033081,-0.0145416259765625,0.5,14,0.5,1.0,0.6666666666666666,"[[0, 7], [0, 7]]",0.5102040816326532,0.0,5,1,0,8,0,14,35.714285714285715,7.142857142857142,0.0,57.14285714285714,0.0,market_only_weekly_h1_enc8
2025-12-14T05:29:39.812279,True,True,experiments/12c_h1_rolling/market_only_weekly_h1_enc8/fold_2020/checkpoints/tft-epoch=epoch=28-valloss=val_loss=0.6906.ckpt,weekly,1,fold_2020,2020,2020-01-01,2020-12-31,10,0.1842096745967865,0.21856361627578735,0.20063184201717377,0.011884377337992191,0.034353941679000854,14,100.0,0.0,14,52.97815704345703,7.278609752655029,5.492365837097168,104.66945171356201,-0.00803840160369873,-0.5862120985984802,7.254964828491211,0.5,-0.3835359550837931,-0.22455154359340668,-0.08791565895080566,0.5,14,0.5,1.0,0.6666666666666666,"[[0, 7], [0, 7]]",0.3673469387755102,0.0,5,1,0,8,0,14,35.714285714285715,7.142857142857142,0.0,57.14285714285714,0.0,market_only_weekly_h1_enc8
2025-12-14T05:34:14.328372,True,True,experiments/12c_h1_rolling/market_only_weekly_h1_enc8/fold_2021/checkpoints/tft-epoch=epoch=97-valloss=val_loss=3.9993.ckpt,weekly,1,fold_2021,2021,2021-01-01,2021-12-31,10,0.4885774850845337,0.6550526022911072,0.5917636752128601,0.06377019733190536,0.1664751172065735,15,100.0,0.0,15,1.845499873161316,1.3584917783737183,1.0869052410125732,242.96672344207764,0.017101705074310303,-0.051114272326231,1.357529878616333,0.6666666666666666,2.8452124742250895,-0.01813076063990593,0.08272409439086914,0.6666666666666666,15,0.6666666666666666,1.0,0.8,"[[0, 5], [0, 10]]",0.54,0.0,5,0,8,1,1,15,33.33333333333333,0.0,53.333333333333336,6.666666666666667,6.666666666666667,market_only_weekly_h1_enc8
2025-12-14T05:38:43.932125,True,True,experiments/12c_h1_rolling/market_only_weekly_h1_enc8/fold_2022/checkpoints/tft-epoch=epoch=35-valloss=val_loss=0.6037.ckpt,weekly,1,fold_2022,2022,2022-01-01,2022-12-31,10,0.2852228879928589,0.3079723119735718,0.29248517751693726,0.0060288081876933575,0.02274942398071289,14,100.0,0.0,14,10.013875007629395,3.164470672607422,2.6628353595733643,138.10176849365234,-0.05476176738739014,-0.7095893621444702,3.0838863849639893,0.2857142857142857,-0.9761627702515514,-0.14177735149860382,-0.06297200918197632,0.2857142857142857,14,0.2857142857142857,1.0,0.4444444444444445,"[[0, 10], [0, 4]]",0.19999999999999998,0.0,5,1,2,6,0,14,35.714285714285715,7.142857142857142,14.285714285714285,42.857142857142854,0.0,market_only_weekly_h1_enc8
2025-12-14T05:43:13.137028,True,True,experiments/12c_h1_rolling/market_only_weekly_h1_enc8/fold_2023/checkpoints/tft-epoch=epoch=32-valloss=val_loss=1.5955.ckpt,weekly,1,fold_2023,2023,2023-01-01,2023-12-31,10,0.3068336546421051,0.32787421345710754,0.3179342448711395,0.008356794714927673,0.02104055881500244,14,100.0,0.0,14,3.224437952041626,1.795672059059143,1.301703691482544,135.59502363204956,-0.01812434196472168,0.2404700368642807,1.779497742652893,0.6428571428571429,2.262683280828133,-0.04549334570765495,0.07867169380187988,0.6428571428571429,14,0.6428571428571429,1.0,0.782608695652174,"[[0, 5], [0, 9]]",0.6,0.0,5,1,0,8,0,14,35.714285714285715,7.142857142857142,0.0,57.14285714285714,0.0,market_only_weekly_h1_enc8
2025-12-14T05:47:56.053850,True,True,experiments/12c_h1_rolling/market_only_weekly_h1_enc8/fold_2024/checkpoints/tft-epoch=epoch=79-valloss=val_loss=0.7275.ckpt,weekly,1,fold_2024,2024,2024-01-01,2024-12-31,10,0.29571348428726196,0.3469937741756439,0.3134649097919464,0.017098531126976013,0.05128028988838196,14,100.0,0.0,14,2.216841459274292,1.4889061450958252,1.1806727647781372,185.58101654052734,0.013474583625793457,-0.04179020971059799,1.4883195161819458,0.5714285714285714,1.3068857997590535,-0.054644230753183365,0.03708338737487793,0.5714285714285714,14,0.5714285714285714,1.0,0.7272727272727273,"[[0, 6], [0, 8]]",0.8333333333333334,0.0,5,1,6,2,0,14,35.714285714285715,7.142857142857142,42.857142857142854,14.285714285714285,0.0,market_only_weekly_h1_enc8
