Date,SP500_Close,SP500_Volume,SP500_Returns,VIX,Treasury_10Y,Yield_Spread,CPI,Unemployment,Fed_Rate,Consumer_Sentiment,Industrial_Production,Wilshire5000,Inflation_YoY,SP500_Volatility
1990-02-28,331.8900146484375,2961970000,0.8539042758088922,23.262631578947367,8.51,0.08,127.7,5.3,8.24,89.5,140.9,3201.199951171875,,0.9600077750405103
1990-03-31,339.94000244140625,3283280000,2.4254986404143253,20.062272727272727,8.65,0.01,128.3,5.3,8.28,91.3,141.8,3273.4599609375,,0.7451604473382197
1990-04-30,330.79998779296875,2801220000,-2.688714062127162,21.4035,9.04,0.08,128.9,5.2,8.26,93.9,108.8,3172.330078125,,0.6765308141810007
1990-05-31,361.2300109863281,3596680000,9.198919079889457,18.097727272727273,8.6,0.1,129.1,5.4,8.18,90.6,108.7,3448.47998046875,,0.7126787302550212
1990-06-30,358.0199890136719,3226280000,-0.8886365681221697,16.82238095238095,8.43,0.19,129.3,5.3,8.29,88.3,109.7,3424.3701171875,,0.8037614442927709
1990-07-31,356.1499938964844,3373540000,-0.5223158411739148,18.392857142857142,8.36,0.45,130.0,5.2,8.15,88.2,109.8,3384.360107421875,,0.8169900669644005
1990-08-31,322.55999755859375,4020730000,-9.431418479162911,28.175217391304347,8.86,0.79,130.5,5.5,8.13,76.4,109.9,3053.60009765625,,1.188320208509786
1990-09-30,306.04998779296875,2687280000,-5.1184306456431905,29.10736842105263,8.82,0.8,131.5,5.6,8.2,72.8,109.8,2879.340087890625,,1.335087583706337
1990-10-31,304.0,3572430000,-0.6698212301042394,29.697727272727274,8.65,0.88,132.5,5.7,8.11,63.9,110.7,2833.989990234375,,1.4152266320741065
1990-11-30,322.2200012207031,2988380000,5.993421454178649,24.85,8.26,0.73,133.3,5.7,7.81,66.0,109.6,3015.02001953125,,1.17956674727268
1990-12-31,330.2200012207031,3116830000,2.482775733875209,23.363,8.08,0.93,133.7,5.9,7.31,65.5,107.5,3101.360107421875,,0.7964061097209375
1991-01-31,343.92999267578125,3523950000,4.15177499981747,27.576666666666668,8.03,0.98,134.1,6.1,6.91,66.8,107.1,3245.35009765625,6.175771971496435,0.9810237797388058
1991-02-28,367.07000732421875,4303170000,6.728117681278034,21.59842105263158,8.02,0.98,134.8,6.2,6.25,70.4,106.5,3484.85009765625,5.5599060297572445,1.0924872168726125
1991-03-31,375.2200012207031,3706410000,2.2202832522042026,17.74421052631579,8.05,1.03,135.1,6.5,6.12,87.7,105.7,3583.669921875,5.3000779423226785,0.9475032332818246
1991-04-30,375.3399963378906,4017200000,0.03197993624997064,17.37272727272727,8.02,1.22,135.0,6.8,5.91,81.8,105.3,3587.919921875,4.732350659425899,0.962487974701789
1991-05-31,389.8299865722656,3739700000,3.8604972493607503,16.93227272727273,8.06,1.38,135.3,6.6,5.78,78.3,105.1,3719.300048828125,4.802478698683199,0.8779324453505108
1991-06-30,371.1600036621094,3258730000,-4.789262897479862,17.134999999999998,8.24,1.34,135.7,6.9,5.9,82.1,105.8,3545.469970703125,4.949729311678253,0.7756867356528864
1991-07-31,387.80999755859375,3481570000,4.485934295776639,17.294090909090908,8.2,1.39,136.0,7.0,5.82,82.9,106.9,3705.889892578125,4.615384615384621,0.8135014335638823
1991-08-31,395.42999267578125,3713820000,1.9648784624321625,15.681363636363637,7.82,1.46,136.3,6.8,5.66,82.0,107.6,3795.0400390625,4.444444444444451,0.7626438665446981
1991-09-30,387.8599853515625,3260990000,-1.9143735843086374,16.9565,7.47,1.48,136.6,6.8,5.45,83.0,108.2,3743.97998046875,3.878326996197723,0.7957553738705502
1991-10-31,392.45001220703125,3952260000,1.1834236654519215,16.348181818181818,7.47,1.77,137.1,6.7,5.21,78.3,108.1,3807.080078125,3.471698113207533,0.5856574107897542
1991-11-30,375.2200012207031,3608700000,-4.390370862630699,17.925263157894737,7.38,2.0,137.2,6.8,4.81,69.1,108.2,3649.989990234375,2.925731432858192,0.8380200163322558
1991-12-31,417.0899963378906,4155310000,11.15878550742815,18.347619047619048,6.71,1.94,137.8,6.8,4.43,68.2,107.8,4041.10009765625,3.0665669409125185,0.9162082783342973
1992-01-31,408.7799987792969,5105380000,-1.9923751783923582,17.743333333333332,7.31,2.2,138.2,7.1,4.03,67.5,107.8,4027.77001953125,3.0574198359433202,0.8077132064792297
1992-02-29,412.70001220703125,4267610000,0.958954312696414,17.47736842105263,7.27,2.0,138.3,7.1,4.06,68.8,106.7,4071.25,2.596439169139475,0.6953756165776757
1992-03-31,403.69000244140625,4066240000,-2.183186212532784,17.520454545454545,7.54,1.94,138.7,7.3,3.98,76.0,107.2,3961.550048828125,2.664692820133241,0.5940667238676772
1992-04-30,414.95001220703125,4315840000,2.7892713957560433,16.562857142857144,7.61,2.15,139.4,7.3,3.73,77.2,107.2,4008.7099609375,3.259259259259273,0.7836747966402617
1992-05-31,415.3500061035156,3643980000,0.09639568254424802,15.077000000000002,7.33,2.14,139.7,7.2,3.82,79.2,108.2,4021.510009765625,3.2520325203251765,0.6633697694416697
1992-06-30,408.1400146484375,4259830000,-1.7358833150663777,15.203181818181816,7.14,2.31,139.9,7.5,3.76,80.4,108.8,3930.330078125,3.095062638172452,0.5869679260442067
1992-07-31,424.2099914550781,4265220000,3.9373686063305824,13.601818181818182,6.72,2.3,140.3,7.8,3.25,76.6,108.2,4083.85009765625,3.161764705882364,0.6371737445035389
1992-08-31,414.0299987792969,3653820000,-2.399753160189122,14.421904761904763,6.62,2.47,140.5,7.7,3.3,76.1,108.9,3985.0,3.0814380044020373,0.5151246214216885
1992-09-30,417.79998779296875,4023850000,0.9105593857418715,13.696666666666667,6.37,2.57,140.9,7.6,3.22,75.6,108.6,4024.360107421875,3.1478770131771583,0.5718619966371968
1992-10-31,418.67999267578125,4380340000,0.2106282691536565,17.548571428571428,6.8,2.4,141.2,7.5,3.1,73.3,108.6,4067.780029296875,2.9905178701677526,0.6822000159120514
1992-11-30,431.3500061035156,3905020000,3.026180770368403,14.447368421052632,6.95,2.16,141.8,7.4,3.09,85.3,109.0,4223.41015625,3.352769679300316,0.5104477692564803
1992-12-31,435.7099914550781,4876150000,1.0107766987062838,12.191363636363635,6.7,2.14,142.1,7.2,2.92,91.0,109.7,4289.740234375,3.1204644412191396,0.42701690292282746
1993-01-31,438.7799987792969,5084820000,0.7045987892006611,12.457368421052632,6.39,2.19,142.2,7.3,3.02,89.3,110.5,4336.919921875,2.894356005788712,0.4701237642171753
1993-02-28,443.3800048828125,5442450000,1.0483627595407663,13.72157894736842,6.03,2.11,142.9,7.1,3.03,86.6,111.0,4342.8701171875,3.3261026753434564,0.6027628138224358
1993-03-31,451.6700134277344,5766950000,1.8697299051888772,13.60608695652174,6.03,2.07,143.4,7.0,3.07,85.9,111.8,4444.2998046875,3.388608507570301,0.7725907354055102
1993-04-30,440.19000244140625,5853170000,-2.541681016015662,12.840952380952379,6.05,2.22,143.6,7.0,2.96,85.6,112.0,4316.1201171875,3.012912482065988,0.6803181259791775
1993-05-31,450.19000244140625,5108640000,2.271746278774489,13.606,6.16,1.92,144.2,7.0,3.0,80.3,110.0,4438.5498046875,3.2211882605583497,0.57374494794375
1993-06-30,450.5299987792969,5544400000,0.07552285391652092,12.524090909090908,5.8,1.77,144.4,6.9,3.04,81.5,110.4,4449.56982421875,3.216583273766971,0.6035639963279519
1993-07-31,448.1300048828125,5308530000,-0.532704570835929,11.50047619047619,5.83,1.7,144.4,7.0,3.06,77.0,110.1,4443.27978515625,2.9223093371347098,0.5791433848554175
1993-08-31,463.55999755859375,5506200000,3.4431956145887233,11.928636363636365,5.45,1.57,144.5,6.8,3.03,77.3,110.6,4601.5498046875,2.8469750889679624,0.3928711359789872
1993-09-30,458.92999267578125,5552720000,-0.9987930164805148,12.931428571428572,5.4,1.51,144.9,6.7,3.09,77.9,111.1,4601.83984375,2.838892831795592,0.42862338894452484
1993-10-31,467.8299865722656,5757400000,1.9392922751884534,11.856,5.43,1.44,144.9,6.7,2.99,82.7,111.0,4672.77001953125,2.620396600566588,0.4464278941726773
1993-11-30,461.7900085449219,5592790000,-1.291062608362914,14.094,5.83,1.61,145.5,6.8,3.02,81.2,112.2,4583.81982421875,2.6093088857545688,0.5276124186645301
1993-12-31,466.45001220703125,5791210000,1.0091174724184304,11.356363636363637,5.83,1.58,145.8,6.4,2.96,88.2,113.2,4657.830078125,2.603800140745971,0.37887893658285204
1994-01-31,481.6099853515625,6393410000,3.2500745519977725,11.261,5.7,1.58,146.1,6.4,3.05,94.3,114.0,4798.06982421875,2.742616033755274,0.4082272981547537
1994-02-28,467.1400146484375,5853100000,-3.004499728667853,13.64421052631579,6.15,1.48,146.3,6.7,3.25,93.2,114.4,4678.39013671875,2.3792862141357674,0.6573239212773668
1994-03-31,445.7699890136719,7225010000,-4.574651060635082,15.223478260869564,6.77,1.56,146.7,6.5,3.34,91.5,115.1,4457.68994140625,2.3012552301255207,0.5582242640743945
1994-04-30,450.9100036621094,5735010000,1.1530643100964522,16.471052631578946,7.06,1.33,147.2,6.5,3.56,92.6,115.6,4494.72021484375,2.506963788300842,0.8840327251774013
1994-05-31,456.5,5675970000,1.2397144202814125,13.897142857142857,7.17,1.16,147.4,6.4,4.01,92.8,116.0,4525.52001953125,2.2191400832177743,0.6820755778200512
1994-06-30,444.2699890136719,5852670000,-2.679082362832008,13.408636363636363,7.34,1.15,147.7,6.0,4.25,91.2,116.1,4395.22021484375,2.2853185595567815,0.492962012221731
1994-07-31,458.260009765625,4980100000,3.1489907258900107,12.4845,7.12,1.13,148.1,6.0,4.26,89.0,116.8,4519.7998046875,2.5623268698060864,0.5715267432436336
1994-08-31,475.489990234375,6398750000,3.7598699649926237,11.889130434782608,7.19,1.02,148.6,6.1,4.47,91.7,117.2,4705.9599609375,2.837370242214532,0.43484931556423445
1994-09-30,462.7099914550781,6152870000,-2.6877534841474704,13.233333333333333,7.62,1.0,149.1,6.1,4.73,91.5,118.5,4605.81982421875,2.898550724637672,0.5892479013510836
1994-10-31,472.3500061035156,6131590000,2.0833815622011143,15.2715,7.81,0.97,149.4,5.9,4.76,92.7,118.7,4674.18017578125,3.105590062111796,0.6858527960936813
1994-11-30,453.69000244140625,6030440000,-3.950461187888721,16.378,7.91,0.51,149.5,5.8,5.29,91.6,119.8,4490.580078125,2.7491408934707806,0.6993308692601159
1994-12-31,459.2699890136719,6351530000,1.2299117331743048,14.177142857142858,7.84,0.15,149.9,5.6,5.45,95.1,120.2,4540.6201171875,2.8120713305898493,0.6567501390227121
1995-01-31,470.4200134277344,6536250000,2.4277711761677034,12.331,7.6,0.34,150.2,5.4,5.53,97.6,121.4,4631.39990234375,2.8062970568103918,0.3833140425257572
1995-02-28,487.3900146484375,6330100000,3.607414807259257,11.47,7.22,0.43,150.6,5.7,5.92,95.1,121.9,4803.89990234375,2.939166097060819,0.41148324705478184
1995-03-31,500.7099914550781,7792400000,2.732919511338072,12.166521739130435,7.2,0.4,151.0,5.4,5.98,90.3,122.6,4920.419921875,2.9311520109066125,0.4795717408586994
1995-04-30,514.7100219726562,6307030000,2.796035780491146,12.442631578947369,7.07,0.47,151.3,5.5,6.05,92.5,121.9,5035.89013671875,2.785326086956541,0.3750801752804987
1995-05-31,533.4000244140625,7555690000,3.631171269946476,12.265909090909092,6.3,0.41,151.9,5.8,6.01,89.8,121.1,5192.7998046875,3.0529172320217013,0.4501913736004047
1995-06-30,544.75,7555650000,2.1278543431649366,11.896818181818183,6.21,0.42,152.3,5.7,6.0,92.7,120.9,5348.77001953125,3.114421123899813,0.6782875958398369
1995-07-31,562.0599975585938,7307960000,3.177603957520647,12.514,6.45,0.57,152.5,5.6,5.85,94.4,121.0,5561.85986328125,2.9709655638082477,0.6125722839193635
1995-08-31,561.8800048828125,7146620000,-0.03202374774278205,12.798260869565217,6.28,0.43,152.8,5.7,5.74,96.2,121.3,5602.27978515625,2.826379542395707,0.44334034788208354
1995-09-30,584.4099731445312,7052830000,4.009747288732535,12.057,6.17,0.34,153.0,5.6,5.8,88.9,123.0,5806.6298828125,2.6156941649899457,0.3480982548971695
1995-10-31,581.5,7768000000,-0.49793351897702287,14.333809523809524,6.03,0.42,153.2,5.6,5.76,90.2,122.6,5740.8701171875,2.5435073627844584,0.3994406698463705
1995-11-30,605.3699951171875,7602150000,4.104900278106194,12.46904761904762,5.76,0.4,153.7,5.5,5.8,88.2,122.5,5969.990234375,2.809364548494986,0.5288719844984782
1995-12-31,615.9299926757812,7697540000,1.744387340596476,11.7485,5.58,0.4,153.7,5.6,5.6,91.0,122.8,6057.2001953125,2.535023348899257,0.5653941130073463
1996-01-31,636.02001953125,8881870000,3.2617386869231213,13.401428571428571,5.6,0.67,153.7,5.6,5.56,89.3,122.8,6211.81982421875,2.330226364846877,0.746982869791987
1996-02-29,640.4299926757812,8749960000,0.6933701784703983,15.032999999999998,6.13,0.69,154.7,5.8,5.22,88.5,121.9,6307.25,2.722443559096943,0.7052188927494755
1996-03-31,645.5,8984200000,0.7916567590839696,17.76238095238095,6.34,0.55,155.0,5.5,5.31,93.7,123.7,6365.89013671875,2.6490066225165476,0.9828766042148079
1996-04-30,654.1699829101562,8875580000,1.343142201418468,16.575238095238095,6.66,0.63,155.6,5.6,5.22,92.7,123.5,6514.7900390625,2.8420356906807553,0.7745631143924167
1996-05-31,669.1199951171875,8921140000,2.2853405991703157,16.14636363636364,6.85,0.58,156.2,5.4,5.24,89.4,124.5,6677.35009765625,2.8308097432521384,0.6720726566275997
1996-06-30,670.6300048828125,7930840000,0.22567099722681228,16.395,6.73,0.62,156.7,5.6,5.27,92.4,125.3,6612.77001953125,2.8890347997373444,0.5433622586326178
1996-07-31,639.9500122070312,8849860000,-4.57480167192077,17.978636363636365,6.8,0.58,156.8,5.3,5.4,94.7,125.7,6247.02978515625,2.8196721311475548,0.8392168530574068
1996-08-31,651.989990234375,7380320000,1.881393514756069,15.760454545454547,6.96,0.62,157.2,5.4,5.22,95.3,126.2,6434.02001953125,2.8795811518324443,0.8411418388718835
1996-09-30,687.3300170898438,8064070000,5.420332732833044,16.578,6.72,0.62,157.4,5.1,5.3,94.7,126.9,6765.64990234375,2.8758169934640643,0.6365886427418823
1996-10-31,705.27001953125,9381670000,2.610100242291802,16.438636363636363,6.37,0.6,157.8,5.2,5.24,96.5,127.1,6851.330078125,3.0026109660574507,0.48589424155350086
1996-11-30,757.02001953125,8409890000,7.337615178140577,16.099999999999998,6.06,0.47,158.3,5.2,5.31,99.2,126.6,7292.16015625,2.9928432010410067,0.5277228034369156
1996-12-31,740.739990234375,9089170000,-2.1505414489508046,19.260952380952382,6.43,0.55,158.7,5.4,5.31,96.9,128.0,7198.2900390625,3.2530904359141077,0.7289061640006137
1997-01-31,784.1699829101562,10616810000,5.863054951581548,19.517,6.61,0.6,159.1,5.3,5.29,97.4,117.656,7556.7900390625,3.5133376707872532,0.8678279099485865
1997-02-28,790.8200073242188,9715930000,0.8480335334162481,20.139473684210525,6.56,0.47,159.4,5.4,5.25,99.7,117.689,7559.419921875,3.506493506493502,0.8596091367859462
1997-03-31,757.1199951171875,10120760000,-4.261401064074876,20.169999999999998,6.92,0.47,159.8,5.3,5.19,100.0,118.13,7213.52978515625,3.0967741935483906,0.8888867203857082
1997-04-30,801.3400268554688,10454880000,5.840557906734034,19.662272727272725,6.72,0.43,159.9,5.2,5.39,101.4,119.59,7519.2900390625,2.7634961439588768,1.088269207800771
1997-05-31,848.280029296875,10106650000,5.857688480332501,19.924761904761905,6.67,0.45,160.0,4.9,5.51,103.2,118.994,8038.5,2.432778489116516,1.1480815392610706
1997-06-30,885.1400146484375,10857950000,4.345261479527585,20.194285714285712,6.51,0.43,160.1,4.8,5.5,104.5,119.737,8396.8701171875,2.169751116783658,0.8180701010045776
1997-07-31,954.3099975585938,11958120000,7.814580943742477,20.529090909090908,6.02,0.28,160.3,5.0,5.56,107.1,119.886,9031.4296875,2.2321428571428603,1.0065617937682556
1997-08-31,899.469970703125,10606100000,-5.746563170852836,23.084761904761905,6.34,0.37,160.6,4.8,5.52,104.4,119.811,8679.98046875,2.1628498727735312,1.014781803594904
1997-09-30,947.280029296875,11383000000,5.315359061556713,23.812380952380952,6.12,0.32,160.9,4.9,5.54,106.0,121.315,9180.2099609375,2.223634053367207,1.2047298876564085
1997-10-31,914.6199951171875,13662460000,-3.447769737522033,24.035,5.84,0.21,161.3,4.9,5.54,105.6,122.387,8865.25,2.217997465145749,1.1511149574385469
1997-11-30,955.4000244140625,9250210000,4.458685521263939,31.96058823529412,5.86,0.1,161.6,4.7,5.5,107.2,122.694,9142.4296875,2.0846493998736504,2.2085039075201958
1997-12-31,970.4299926757812,11958880000,1.5731597108694428,26.276363636363637,5.75,0.09,161.8,4.6,5.52,102.1,127.327,9298.1904296875,1.953371140516702,1.0614353514932278
1998-01-31,980.280029296875,12733830000,1.0150177442407982,23.8665,5.53,0.21,161.9,4.7,5.5,106.6,128.135,9340.7998046875,1.7598994343180463,1.1480320021659918
1998-02-28,1049.3399658203125,11656550000,7.044919253631243,19.998947368421053,5.62,0.07,161.9,4.7,5.56,110.4,127.925,10006.4404296875,1.5683814303638632,0.8872890697011632
1998-03-31,1101.75,13719590000,4.994571434122053,20.158636363636365,5.67,0.07,162.0,4.6,5.51,106.5,128.103,10494.7197265625,1.3767209011263937,0.6992949705887179
1998-04-30,1111.75,13656060000,0.9076469253460395,22.02857142857143,5.68,0.09,162.0,4.7,5.49,108.7,127.693,10609.6103515625,1.31332082551594,0.673059626405974
1998-05-31,1090.8199462890625,11477140000,-1.8826223261468433,20.874000000000002,5.56,0.03,162.4,4.3,5.45,106.5,127.808,10314.1796875,1.5000000000000124,0.8757704188857958
1998-06-30,1133.8399658203125,13551970000,3.9438240635040422,21.66272727272727,5.44,-0.05,162.9,4.3,5.49,105.6,128.763,10663.6103515625,1.7489069331667828,0.8871850864725496
1998-07-31,1120.6700439453125,14194800000,-1.1615326917385427,19.930000000000003,5.5,0.01,163.0,4.5,5.56,105.2,128.072,10420.259765625,1.6843418590143378,0.8661461749263789
1998-08-31,957.280029296875,15071550000,-14.579671825011387,31.58809523809524,5.05,0.14,163.3,4.5,5.54,104.4,126.788,8785.7099609375,1.6811955168119619,1.3714100463758059
1998-09-30,1017.010009765625,16714080000,6.239551504341101,38.2047619047619,4.44,0.14,163.6,4.5,5.55,104.4,129.096,9346.8095703125,1.678060907395884,2.514290467421825
1998-10-31,1098.6700439453125,17310550000,8.029422856762892,36.443333333333335,4.64,0.52,163.6,4.6,5.51,97.4,128.658,10032.1904296875,1.4259144451332917,1.854716083218598
1998-11-30,1163.6300048828125,12735580000,5.912599628568138,26.104736842105265,4.74,0.2,164.0,4.6,5.07,102.7,132.041,10650.2001953125,1.4851485148514865,0.9404966061783107
1998-12-31,1229.22998046875,15181450000,5.637528708495609,25.479090909090907,4.65,0.11,164.3,4.4,4.83,100.5,131.811,11317.58984375,1.5451174289246028,1.2327839526803277
1999-01-31,1279.6400146484375,16213500000,4.100944085374847,28.035263157894736,4.66,0.08,164.5,4.3,4.68,103.9,132.774,11724.830078125,1.6059295861643008,1.2177313606608555
1999-02-28,1238.3299560546875,14555860000,-3.2282562377591306,28.82263157894737,5.29,0.16,164.6,4.3,4.63,108.1,132.506,11286.080078125,1.6676961087090714,1.3632840140102327
1999-03-31,1286.3699951171875,18002500000,3.87942154089167,25.309565217391306,5.25,0.26,164.7,4.4,4.76,105.7,132.593,11707.669921875,1.6666666666666607,1.219664674905686
1999-04-30,1335.1800537109375,18523200000,3.7944027596277463,23.478571428571428,5.36,0.28,165.0,4.2,4.81,104.6,132.755,12259.3603515625,1.85185185185186,1.2429853793521128
1999-05-31,1301.8399658203125,15880260000,-2.4970480796175143,26.204500000000003,5.64,0.22,166.2,4.3,4.74,106.8,133.966,11976.75,2.3399014778324956,1.154588569600953
1999-06-30,1372.7099609375,16079170000,5.443833111432483,23.626363636363635,5.81,0.28,166.2,4.2,4.74,107.3,134.126,12583.599609375,2.025782688766098,1.1668505873947492
1999-07-31,1328.719970703125,15332930000,-3.2046092391091685,21.04904761904762,5.92,0.29,166.2,4.3,4.76,106.0,134.184,12189.83984375,1.9631901840490684,0.9019413025925166
1999-08-31,1320.4100341796875,15818550000,-0.6254091687235008,24.323636363636364,5.98,0.25,166.7,4.3,4.99,104.5,135.148,12042.23046875,2.0820575627678917,1.0274822212628754
1999-09-30,1282.7099609375,16438700000,-2.8551792448024638,24.541428571428572,5.9,0.27,167.2,4.2,5.07,104.5,135.63,11713.7998046875,2.2004889975550057,1.1981589956719816
1999-10-31,1362.9300537109375,18176100000,6.253954145238461,24.191,6.02,0.23,167.9,4.2,5.22,103.2,135.043,12449.400390625,2.6283618581907087,1.2850966189958863
1999-11-30,1388.9100341796875,17493520000,1.9061858969220413,21.805500000000002,6.18,0.17,168.2,4.1,5.2,107.2,138.502,12851.9296875,2.5609756097561,1.2487016189192262
1999-12-31,1469.25,19640690000,5.784389473992291,22.15909090909091,6.45,0.21,168.4,4.1,5.42,105.4,139.542,13812.669921875,2.495435179549599,0.8383792324058296
2000-01-31,1394.4599609375,21494400000,-5.090354879190063,23.202,6.68,0.07,168.8,4.1,5.3,112.0,140.492,13230.6201171875,2.6139817629179385,1.2735519421804864
2000-02-29,1366.4200439453125,20912000000,-2.0108083256356934,23.5955,6.42,-0.11,169.1,4.0,5.45,112.0,141.485,13511.0,2.733900364520059,1.3929340334029567
2000-03-31,1498.5799560546875,26156200000,9.671982835364812,22.718260869565217,6.03,-0.47,170.0,4.1,5.73,107.1,142.075,14296.1796875,3.2179720704310855,1.60183948512994
2000-04-30,1452.4300537109375,20106460000,-3.0795755780191336,27.164210526315788,6.23,-0.45,171.2,4.1,5.85,109.2,142.017,13541.7001953125,3.7575757575757596,1.7532744246273764
2000-05-31,1420.5999755859375,19898300000,-2.1915050603417807,26.37318181818182,6.29,-0.4,171.2,3.9,6.02,110.7,143.683,13052.9599609375,3.0084235860409203,1.7995811126071937
2000-06-30,1454.5999755859375,21738300000,2.3933549615877237,21.54,6.03,-0.35,171.3,4.1,6.27,106.4,144.159,13618.5,3.0685920577617543,1.3653835028766996
2000-07-31,1430.8299560546875,19089100000,-1.6341275904170893,19.893,6.04,-0.26,172.3,4.0,6.53,108.3,144.602,13330.3095703125,3.6702767749699383,0.9630791885671733
2000-08-31,1517.6800537109375,20363700000,6.069910494167097,18.088695652173914,5.73,-0.45,172.7,4.0,6.54,108.3,145.319,14280.0400390625,3.5992801439711952,0.8741515163114499
2000-09-30,1436.510009765625,20838300000,-5.3482974719764265,19.6875,5.8,-0.18,172.7,4.1,6.5,106.8,145.681,13613.330078125,3.289473684210531,0.6728749889983477
2000-10-31,1429.4000244140625,25234800000,-0.49494854217706497,25.256190476190476,5.77,-0.17,173.6,3.9,6.52,105.8,145.96,13314.6796875,3.394877903513982,1.3170911877560196
2000-11-30,1314.949951171875,20532300000,-8.006861010730892,26.38285714285714,5.48,-0.13,173.9,3.9,6.51,107.6,146.316,11976.240234375,3.388822829964333,1.4485413212209555
2000-12-31,1320.280029296875,23610800000,0.40534456237286687,26.5305,5.12,0.01,174.2,4.0,6.51,98.4,148.602,12175.8798828125,3.444180522565321,1.5735060087410853
2001-01-31,1366.010009765625,27829800000,3.4636576676164488,24.918571428571425,5.19,0.57,174.5,4.0,6.4,98.4,147.306,12631.3603515625,3.376777251184837,1.8022992551472308
2001-02-28,1239.93994140625,21644400000,-9.229073539585963,23.411578947368422,4.92,0.51,175.7,4.2,5.98,94.7,146.997,11425.2900390625,3.903015966883494,0.9012157349337279
2001-03-31,1160.3299560546875,27806610000,-6.420471080339151,28.49681818181818,4.93,0.75,176.2,4.2,5.49,91.5,146.001,10645.849609375,3.6470588235294032,1.482123119371835
2001-04-30,1249.4599609375,25409990000,7.681436165439459,28.133999999999997,5.35,1.05,176.3,4.3,5.31,88.4,146.466,11512.4599609375,2.9789719626168276,2.0423481707192033
2001-05-31,1255.8199462890625,24525900000,0.5090187401275648,22.944090909090907,5.43,1.21,176.8,4.5,4.8,92.0,144.866,11610.2197265625,3.2710280373831946,1.2825532602834597
2001-06-30,1224.3800048828125,24748030000,-2.503538942756467,20.94047619047619,5.42,1.17,177.5,4.4,4.21,92.6,143.12,11407.150390625,3.6193812025685945,0.9867802358618237
2001-07-31,1211.22998046875,23793710000,-1.0740149595403703,22.316190476190474,5.07,1.28,177.9,4.5,3.97,92.4,142.501,11208.509765625,3.2501450957632017,1.0829530678326167
2001-08-31,1133.5799560546875,23359200000,-6.410840688075748,21.86173913043478,4.85,1.21,177.4,4.5,3.77,91.5,142.849,10515.08984375,2.7214823393167498,0.9704729146373114
2001-09-30,1040.93994140625,25025290000,-8.172340570563886,35.065333333333335,4.6,1.74,177.5,4.9,3.65,81.8,141.499,9562.9501953125,2.8389339513325673,1.4763826606974062
2001-10-31,1059.780029296875,28972280000,1.8099111333141016,32.61227272727273,4.3,1.86,178.2,4.9,3.07,82.7,140.3,9796.8603515625,2.6497695852534475,1.6419052249781267
2001-11-30,1139.449951171875,25338400000,7.51759041240454,26.494999999999997,4.78,1.94,177.6,5.4,2.49,83.9,136.891,10531.4501953125,2.127659574468077,1.1811289293278449
2001-12-31,1148.0799560546875,25128570000,0.7573834088927756,23.72,5.07,2.0,177.6,5.7,2.09,88.8,137.139,10707.6796875,1.9517795637198576,1.0295205880064604
2002-01-31,1130.199951171875,29746200000,-1.5573832456979853,22.252857142857142,5.07,1.91,177.3,5.8,1.82,88.8,136.737,10564.6904296875,1.6045845272206316,0.810585704432046
2002-02-28,1106.72998046875,26047600000,-2.0766211039727644,22.87578947368421,4.88,1.82,177.6,5.6,1.73,93.0,136.518,10332.8896484375,1.7765042979942747,1.2312967476376366
2002-03-31,1147.3900146484375,26563200000,3.6738892862074657,18.985,5.42,1.7,178.0,5.5,1.74,95.7,137.634,10775.740234375,1.3090495162208393,1.1290814647878136
2002-04-30,1076.9200439453125,28568900000,-6.141762591921907,19.900454545454547,5.11,1.87,178.6,5.7,1.73,93.0,138.845,10241.1796875,1.3045944412932498,0.905280173456294
2002-05-31,1067.1400146484375,26905500000,-0.9081481352177012,20.087727272727275,5.08,1.86,179.5,6.0,1.75,96.9,139.151,10106.490234375,1.527149321266963,1.373819546261906
2002-06-30,989.8200073242188,29981510000,-7.24553538081798,25.271,4.86,1.96,179.5,5.8,1.75,92.4,139.334,9384.0302734375,1.1267605633802802,1.2493577747243763
2002-07-31,911.6199951171875,42228720000,-7.900427514940766,34.04954545454546,4.51,2.28,179.7,5.9,1.75,88.1,140.57,8616.9404296875,1.0118043844856484,1.9276348709804656
2002-08-31,916.0700073242188,29298400000,0.4881433306494376,33.74272727272727,4.14,2.0,179.9,5.9,1.73,87.6,140.687,8654.0400390625,1.4092446448703555,2.617899810023438
2002-09-30,815.280029296875,27723710000,-11.002431825242788,37.6475,3.63,1.91,180.5,5.7,1.74,86.1,140.542,7773.6298828125,1.6901408450704203,1.7924807938728418
2002-10-31,885.760009765625,36656010000,8.644880033371404,35.206818181818186,3.93,2.25,180.8,5.6,1.75,80.6,140.493,8357.3203125,1.4590347923681302,2.3186180600471276
2002-11-30,936.3099975585938,28087960000,5.706962070498589,28.010526315789477,4.22,2.14,181.3,5.7,1.75,84.2,139.293,8846.7099609375,2.083333333333348,1.5532552849685517
2002-12-31,879.8200073242188,25993640000,-6.033257188502883,28.21047619047619,3.83,2.22,181.5,6.0,1.34,86.7,110.796,8343.1904296875,2.195945945945943,1.3715624312164532
2003-01-31,855.7000122070312,30749580000,-2.741469268304464,27.424285714285713,4.0,2.28,181.6,6.0,1.24,82.4,110.602,8125.06982421875,2.425267907501394,1.4060650927565397
2003-02-28,841.1500244140625,25235300000,-1.700360825687175,32.21842105263158,3.71,2.18,182.2,5.7,1.24,79.9,111.129,7972.60009765625,2.5900900900900803,1.3074090707770116
2003-03-31,848.1799926757812,30080030000,0.8357567684332823,30.634285714285717,3.83,2.32,183.3,5.8,1.26,77.6,111.108,8051.85986328125,2.977528089887649,1.4993858009497274
2003-04-30,916.9199829101562,29669610000,8.10441071800323,23.99190476190476,3.89,2.38,183.9,5.8,1.25,86.0,110.14,8701.9697265625,2.9675251959686566,1.4847635436583375
2003-05-31,963.5900268554688,30952100000,5.0898709609522585,20.23952380952381,3.37,2.04,183.3,6.0,1.26,92.1,109.656,9218.8896484375,2.116991643454047,1.0648436068441323
2003-06-30,974.5,31219400000,1.1322214676852127,20.362380952380953,3.54,2.22,183.3,6.1,1.26,89.7,109.583,9342.419921875,2.116991643454047,1.0080224805318398
2003-07-31,990.3099975585938,31553200000,1.6223701958536507,19.161363636363635,4.49,2.69,183.6,6.4,1.22,89.7,109.678,9555.1904296875,2.17028380634392,1.0232690679709509
2003-08-31,1008.010009765625,24881470000,1.7873203593487874,19.274285714285714,4.45,2.5,183.9,6.2,1.01,89.3,110.037,9770.5595703125,2.2234574763757564,0.8342718796011483
2003-09-30,995.969970703125,29940110000,-1.1944364585525724,19.532380952380954,3.96,2.46,184.5,6.1,1.03,87.7,110.213,9649.6796875,2.216066481994461,0.7432121085171228
2003-10-31,1050.7099609375,31258000000,5.496148663571665,18.045,4.33,2.48,185.0,6.1,1.01,89.6,110.602,10224.51953125,2.3230088495575174,0.9310598166268147
2003-11-30,1058.199951171875,23300720000,0.7128504071372888,17.39333333333333,4.34,2.28,185.0,6.0,1.01,93.7,111.751,10352.2197265625,2.0408163265306145,0.7004585489763918
2003-12-31,1111.9200439453125,27839130000,5.076554077889206,16.826363636363638,4.27,2.43,184.6,5.9,1.0,92.6,112.946,10799.6298828125,1.7079889807162463,0.6945615773116127
2004-01-31,1131.1300048828125,32820000000,1.7276386950755285,16.101,4.16,2.32,185.0,5.7,0.98,103.8,113.187,11029.2001953125,1.8722466960352513,0.5951118277216748
2004-02-29,1144.93994140625,27985600000,1.220897373761054,15.99842105263158,3.99,2.33,185.8,5.6,1.0,94.4,113.795,11172.8896484375,1.975850713501659,0.6989854049446829
2004-03-31,1126.2099609375,33597900000,-1.635891961786684,17.687391304347827,3.86,2.26,186.3,5.6,1.01,95.8,114.59,11039.419921875,1.6366612111292866,0.7650564894888837
2004-04-30,1107.300048828125,31611900000,-1.6790751960348183,15.69857142857143,4.53,2.22,187.2,5.7,1.0,94.2,114.523,10793.66015625,1.7944535073409318,0.8381638988897334
2004-05-31,1120.6800537109375,29326400000,1.208345009735412,17.705000000000002,4.66,2.12,187.6,5.6,1.0,90.2,115.423,10926.3603515625,2.345881069285305,0.770266747302377
2004-06-30,1140.8399658203125,27529500000,1.7988998771432563,15.357142857142858,4.62,1.92,188.8,5.6,1.0,95.6,116.947,11138.91015625,3.000545553737033,0.6719292307399642
2004-07-31,1101.719970703125,29285600000,-3.4290519520026264,15.502380952380953,4.5,1.82,189.4,5.6,1.03,96.7,116.19,10701.650390625,3.1590413943355156,0.5627713186749824
2004-08-31,1104.239990234375,26586800000,0.22873503233691306,16.68409090909091,4.13,1.72,189.3,5.5,1.26,95.9,116.213,10719.150390625,2.9363784665579207,0.7900114225636634
2004-09-30,1114.5799560546875,26829870000,0.9363875526838816,14.08095238095238,4.14,1.51,189.4,5.4,1.43,95.9,116.62,10895.48046875,2.655826558265595,0.616154187150249
2004-10-31,1130.199951171875,30567200000,1.4014243690939843,14.987,4.05,1.49,189.7,5.4,1.61,91.7,116.666,11068.9501953125,2.540540540540537,0.708498796506481
2004-11-30,1173.8199462890625,29067280000,3.859493629597055,13.604500000000002,4.36,1.34,190.9,5.5,1.76,92.8,117.592,11568.5400390625,3.189189189189201,0.7107950432326093
2004-12-31,1211.9200439453125,31102500000,3.245821284320516,12.459545454545456,4.24,1.16,191.2,5.4,1.93,97.1,116.956,11971.1396484375,3.5752979414951147,0.6083280311416387
2005-01-31,1181.27001953125,31498800000,-2.529046744229402,13.437999999999999,4.14,0.85,191.1,5.4,2.16,97.1,117.813,11642.5703125,3.297297297297286,0.5812410137514755
2005-02-28,1203.5999755859375,29297410000,1.8903346132113308,11.708947368421052,4.36,0.77,191.3,5.2,2.28,95.5,117.667,11863.48046875,2.9601722282023735,0.6140014269475442
2005-03-31,1180.5899658203125,39014150000,-1.911765556028966,13.126363636363635,4.5,0.7,192.0,5.4,2.5,94.1,118.393,11638.26953125,3.059581320450877,0.6566748423914326
2005-04-30,1156.8499755859375,43424270000,-2.0108582083263493,14.459047619047618,4.21,0.55,193.2,5.2,2.63,87.7,118.527,11363.51953125,3.205128205128216,0.7533233516965515
2005-05-31,1191.5,39321990000,2.995204663120865,13.967619047619047,4.0,0.4,194.2,5.2,2.79,86.9,118.277,11787.8095703125,3.518123667377404,0.8708379429755382
2005-06-30,1191.3299560546875,40334040000,-0.014271417986777557,11.868636363636364,3.94,0.28,194.1,5.1,3.0,86.9,118.641,11876.740234375,2.8072033898304927,0.5086319841649056
2005-07-31,1234.1800537109375,37464670000,3.596828690361842,11.049,4.28,0.26,194.1,5.0,3.04,96.5,119.657,12360.8095703125,2.48152059134108,0.5782562604827358
2005-08-31,1220.3299560546875,42030090000,-1.122210459860007,12.951304347826087,4.02,0.18,195.1,5.0,3.26,89.1,119.444,12217.1298828125,3.063919704173257,0.5440689399443467
2005-09-30,1228.81005859375,44777510000,0.694902431673361,12.628095238095238,4.34,0.16,196.1,4.9,3.5,76.9,119.678,12289.259765625,3.5374868004223847,0.5909768855719096
2005-10-31,1207.010009765625,47597800000,-1.7740779932313488,14.907,4.57,0.17,198.5,5.1,3.62,74.2,118.016,12063.240234375,4.638903531892469,0.7131949803251022
2005-11-30,1249.47998046875,43329730000,3.5186096519093324,12.1735,4.49,0.07,198.9,5.0,3.78,81.6,107.877,12521.919921875,4.190675746464123,0.7734101723406148
2005-12-31,1248.2900390625,41756130000,-0.09523493171964548,11.26,4.39,-0.02,197.8,5.0,4.0,91.5,108.96,12517.6904296875,3.451882845188292,0.49291108638459363
2006-01-31,1280.0799560546875,49211650000,2.5466771341108085,12.036,4.53,-0.01,197.7,4.9,4.16,91.5,109.762,12953.6298828125,3.4536891679748827,0.6227545222630763
2006-02-28,1280.6600341796875,42859940000,0.04531577283561905,12.471052631578948,4.55,-0.14,199.0,4.7,4.29,91.2,110.269,12922.26953125,4.0250914793517945,0.6181686309854624
2006-03-31,1294.8699951171875,50905040000,1.1095810408889628,11.69391304347826,4.86,0.04,199.1,4.8,4.49,88.9,110.878,13155.4404296875,3.6979166666666563,0.5466251528685111
2006-04-30,1310.6099853515625,43308430000,1.215565291784415,11.84736842105263,5.07,0.2,199.8,4.7,4.59,87.4,111.2088,13280.9296875,3.4161490683229934,0.535606327539509
2006-05-31,1270.0899658203125,54312830000,-3.0916916538203165,14.454545454545455,5.12,0.08,201.0,4.7,4.79,79.1,112.2624,12841.6904296875,3.501544799176104,0.6334785408974478
2006-06-30,1270.199951171875,54873260000,0.008659650459597046,16.918636363636363,5.15,-0.01,201.9,4.6,4.94,84.9,112.0991,12849.2900390625,4.0185471406491535,0.9397946308933505
2006-07-31,1276.6600341796875,46348220000,0.5085878803453348,15.325999999999999,4.99,0.02,202.3,4.6,4.99,84.7,113.2096,12789.669921875,4.224626481195259,0.9176684211155053
2006-08-31,1303.8199462890625,50485620000,2.127419311502643,13.351739130434783,4.74,-0.05,203.2,4.8,5.24,84.7,113.5293,13062.5400390625,4.151717068170169,0.6696733630950406
2006-09-30,1335.8499755859375,49001440000,2.4566297967782313,12.1845,4.64,-0.07,203.7,4.7,5.25,85.4,113.7063,13345.9697265625,3.87557368689444,0.4790313661640577
2006-10-31,1377.93994140625,54858450000,3.1508003585395628,11.288571428571428,4.61,-0.1,202.7,4.6,5.25,93.6,113.1336,13829.0703125,2.1158690176322326,0.46765293178923106
2006-11-30,1400.6300048828125,55343930000,1.6466656343095964,10.817619047619049,4.46,-0.16,201.7,4.4,5.25,92.1,113.6615,14116.7099609375,1.4077425842131674,0.4697220901841799
2006-12-31,1418.300048828125,47578780000,1.2615782814670462,10.9645,4.71,-0.11,201.7,4.5,5.25,91.7,112.3227,14257.5498046875,1.9716885743174872,0.49501530181845255
2007-01-31,1438.239990234375,56686200000,1.4059043023177953,11.0425,4.83,-0.11,202.8,4.5,5.24,91.7,112.4425,14531.919921875,2.5796661608497917,0.41695888296126105
2007-02-28,1406.8199462890625,51844990000,-2.1846175991944383,11.155263157894737,4.56,-0.09,203.153,4.6,5.25,96.9,111.9282,14271.6103515625,2.086934673366825,0.5228579703783001
2007-03-31,1420.8599853515625,67622250000,0.9979982939206433,15.162727272727272,4.65,0.07,203.906,4.5,5.26,88.4,113.1433,14409.26953125,2.4138623807132165,1.0239442231653375
2007-04-30,1482.3699951171875,57032470000,4.3290690426759815,12.933000000000002,4.63,0.03,205.146,4.4,5.26,87.1,112.4866,14952.349609375,2.6756756756756594,0.610377584247338
2007-05-31,1530.6199951171875,64958050000,3.2549228707361655,13.297727272727274,4.9,-0.02,205.999,4.5,5.25,87.1,113.0344,15462.16015625,2.4870646766169235,0.5502385972597545
2007-06-30,1503.3499755859375,65322800000,-1.781632254788501,14.947619047619046,5.03,0.16,207.387,4.5,5.25,85.3,112.6889,15210.650390625,2.717682020802381,0.7661700645914484
2007-07-31,1455.27001953125,70337430000,-3.198187836198829,17.273333333333333,4.78,0.22,207.784,4.5,5.25,90.4,113.3704,14682.66015625,2.7108255066732534,0.8609790093318833
2007-08-31,1473.989990234375,91381760000,1.2863572018857905,25.02608695652174,4.54,0.39,208.028,4.6,5.26,83.4,113.8604,14847.7001953125,2.3759842519684993,1.4525942069290265
2007-09-30,1526.75,57809700000,3.579400817860079,22.198947368421056,4.59,0.62,207.738,4.6,5.02,83.4,114.4254,15362.01953125,1.982326951399127,1.246351611391263
2007-10-31,1549.3800048828125,73981930000,1.4822338223554832,19.19090909090909,4.48,0.54,208.292,4.7,4.94,80.9,114.357,15673.3603515625,2.758756783423788,0.849249336675219
2007-11-30,1481.1400146484375,82054430000,-4.404341737941575,25.307,3.97,0.93,208.903,4.7,4.76,76.1,113.9957,14932.669921875,3.5711452652454234,1.3867016462110215
2007-12-31,1468.3599853515625,64821670000,-0.8628508561297932,21.651,4.04,0.99,210.565,4.7,4.49,75.5,113.9019,14819.580078125,4.39514129895886,1.4189850664422692
2008-01-31,1378.550048828125,98475340000,-6.116343227776988,25.816190476190474,3.67,1.5,211.16,5.0,4.24,75.5,113.9673,13896.650390625,4.122287968441807,1.2972322366896556
2008-02-29,1330.6300048828125,78536130000,-3.476119273728817,25.456,3.53,1.88,212.516,4.9,3.94,70.8,114.2334,13455.9599609375,4.608841611987025,1.4141969793891016
2008-03-31,1322.699951171875,93189170000,-0.5959623397817415,27.103500000000004,3.45,1.83,212.571,4.8,2.98,69.5,111.9137,13332.009765625,4.249507125832497,1.551788779190406
2008-04-30,1385.5899658203125,85978630000,4.75466976412291,21.562727272727273,3.77,1.48,213.301,5.1,2.61,62.6,112.1281,13991.1201171875,3.9752176498688785,1.5186106293494772
2008-05-31,1400.3800048828125,80990480000,1.067418170406853,18.303333333333335,4.06,1.4,213.743,5.0,2.28,59.8,111.1807,14260.759765625,3.7592415497162524,0.9246385699489227
2008-06-30,1280.0,96614040000,-8.596238482631446,22.11047619047619,3.99,1.36,215.132,5.5,1.98,56.4,110.9051,13073.5400390625,3.734563882982056,1.1006993891020724
2008-07-31,1267.3800048828125,124980570000,-0.9859371185302779,24.321818181818184,3.99,1.47,217.403,5.5,2.0,61.2,111.7251,12946.8896484375,4.62932660840103,1.2855466071433796
2008-08-31,1282.8299560546875,86266010000,1.2190464669121548,20.695714285714285,3.83,1.47,219.181,5.7,2.01,63.0,111.8419,13124.490234375,5.361297517641872,1.466478765848799
2008-09-30,1166.3599853515625,140007320000,-9.079143354379216,30.23857142857143,3.85,1.85,218.88,6.1,2.0,70.3,110.3034,11875.41015625,5.3634866995927455,2.0252033861214094
2008-10-31,968.75,152559660000,-16.942452401777075,61.45863636363636,4.01,2.45,218.813,6.1,1.81,57.6,107.254,9768.6396484375,5.051082134695517,4.058571011682553
2008-11-30,896.239990234375,110661870000,-7.484904233870971,62.73722222222222,2.93,1.93,216.71,6.5,0.97,55.3,107.2854,8945.2197265625,3.7371411612088012,4.639941560932396
2008-12-31,903.25,112884470000,0.7821576633499472,52.405,2.25,1.49,213.06,6.7,0.39,60.1,106.1173,9087.169921875,1.1849072732885269,4.064564808175328
2009-01-31,825.8800048828125,112090640000,-8.565734305805428,44.683,2.87,1.93,211.49,7.2,0.16,61.2,103.5966,8335.6396484375,0.1562795984088039,2.16264954750064
2009-02-28,735.0900268554688,124492210000,-10.993119762019942,45.57052631578947,3.02,2.02,212.174,7.6,0.15,56.3,101.337,7473.97021484375,-0.16092905945904734,2.394745702949416
2009-03-31,797.8699951171875,161843640000,8.540446199532292,44.79545454545455,2.71,1.9,213.007,8.1,0.22,57.3,98.7849,8113.14013671875,0.20510794040580205,2.829805967687305
2009-04-30,872.8099975585938,138855320000,9.392507914826332,38.063809523809525,3.16,2.25,212.714,8.5,0.18,57.3,97.3755,8962.6103515625,-0.275197959690765,2.427290052427504
2009-05-31,919.1400146484375,131614940000,5.308144638516654,31.977999999999998,3.47,2.55,212.671,8.9,0.15,68.7,97.0723,9408.2900390625,-0.5015368924362495,1.8145165273979167
2009-06-30,919.3200073242188,112653150000,0.019582726560996022,29.140454545454546,3.53,2.42,212.876,9.4,0.18,70.8,95.8402,9428.1201171875,-1.0486584980384128,1.4835512983086765
2009-07-31,987.47998046875,106635790000,7.414172714778422,26.162727272727274,3.52,2.39,214.459,9.5,0.21,66.0,95.3964,10158.3896484375,-1.35416714580755,1.3793562410458426
2009-08-31,1020.6199951171875,116059270000,3.356018886854417,25.337142857142858,3.4,2.43,214.469,9.4,0.16,65.7,95.9709,10512.3095703125,-2.149821380502881,1.0162594275184464
2009-09-30,1057.0799560546875,112295490000,3.5723345723119637,24.92666666666667,3.31,2.36,215.428,9.7,0.16,73.5,97.4422,10945.1103515625,-1.5771198830409339,0.9947232141586126
2009-10-31,1036.18994140625,109700560000,-1.9762000526814205,24.31142857142857,3.41,2.51,215.791,9.8,0.15,70.6,98.4622,10655.4697265625,-1.3810879609529536,1.0984134146286741
2009-11-30,1095.6300048828125,80694830000,5.736406145372763,23.82842105263158,3.21,2.54,216.385,10.2,0.12,67.4,98.6271,11207.2197265625,-0.14997000599881183,1.3169719907342716
2009-12-31,1115.0999755859375,89515330000,1.7770570919338313,21.239545454545453,3.85,2.71,217.25,10.0,0.12,72.5,99.4398,11548.41015625,1.9665821834225161,0.8348179845228872
2010-01-31,1073.8699951171875,90947580000,-3.6974245692262153,20.643157894736845,3.63,2.81,217.541,10.0,0.12,74.4,100.3043,11151.150390625,2.861128185729811,0.7848356097258192
2010-02-28,1104.489990234375,84561340000,2.8513689046546054,22.54,3.61,2.8,217.587,9.7,0.11,73.6,101.0516,11512.259765625,2.551207970816405,1.204651510345545
2010-03-31,1169.4300537109375,103683550000,5.8796425545497355,17.767391304347825,3.84,2.82,217.591,9.7,0.13,73.6,100.9862,12222.1904296875,2.152041951672956,0.6612830244219314
2010-04-30,1186.68994140625,116741910000,1.4759230482012997,17.424285714285716,3.69,2.72,217.729,9.7,0.16,72.2,101.61,12477.2099609375,2.3576257322038163,0.5923606338454985
2010-05-31,1089.4100341796875,127662780000,-8.197584207319053,31.9295,3.31,2.55,217.579,9.9,0.2,73.6,102.2666,11466.1904296875,2.3077899666621216,1.668183030723963
2010-06-30,1030.7099609375,110106750000,-5.388244223983851,29.916363636363634,2.97,2.36,217.224,9.7,0.2,76.0,92.5537,10823.2001953125,2.04250361712921,1.8319334445608697
2010-07-31,1101.5999755859375,94778110000,6.8777849574635175,25.565238095238094,2.94,2.39,216.929,9.5,0.18,67.8,92.5354,11568.3701171875,1.1517352967233885,1.3966367984187047
2010-08-31,1049.3299560546875,85738250000,-4.744918363260475,24.74590909090909,2.47,2.0,217.597,9.5,0.18,68.9,93.4009,11001.080078125,1.45848584177668,1.144816491436655
2010-09-30,1141.199951171875,79589450000,8.755110305113556,22.517619047619046,2.53,2.11,218.15,9.6,0.19,68.9,93.2093,12020.580078125,1.2635312030005341,1.1366784643505654
2010-10-31,1183.260009765625,87030370000,3.685599403554063,20.444,2.63,2.29,218.372,9.6,0.19,67.7,93.1902,12489.0595703125,1.1960647107618128,0.8331576542755081
2010-11-30,1180.550048828125,83219950000,-0.22902497465766558,20.1685,2.81,2.36,218.879,9.6,0.19,71.6,93.3753,12541.0302734375,1.1525752709291348,0.7768206802170312
2010-12-31,1257.6400146484375,80984530000,6.530004034715509,17.56954545454545,3.3,2.69,219.146,9.8,0.19,74.5,93.8961,13360.080078125,0.8727272727272695,0.8187830623467707
2011-01-31,1286.1199951171875,92164940000,2.2645574359139164,17.3155,3.42,2.84,220.252,9.4,0.18,74.2,94.8756,13617.33984375,1.246201865395502,0.44198867262882213
2011-02-28,1327.219970703125,59223660000,3.1956563728093412,17.43,3.42,2.73,221.062,9.0,0.17,77.5,95.1452,14072.099609375,1.5970623244955018,0.7269222829216325
2011-03-31,1325.8299560546875,89507640000,-0.10473129391664893,20.723478260869566,3.47,2.67,222.27,8.9,0.16,67.5,93.0238,14101.1904296875,2.1503646750095307,0.9947313457657624
2011-04-30,1363.6099853515625,77364810000,2.8495380666536008,16.244,3.32,2.71,223.49,8.8,0.14,69.8,93.5904,14495.2802734375,2.645949781609236,0.6767910718204411
2011-05-31,1345.199951171875,81708980000,-1.350095289522324,16.91142857142857,3.05,2.6,224.433,9.0,0.1,74.3,93.097,14287.3095703125,3.150120186231198,0.6494593741167694
2011-06-30,1320.6400146484375,86122730000,-1.8257461652479323,19.153181818181817,3.18,2.73,224.804,9.1,0.09,74.3,92.9815,14023.0498046875,3.4894855080469966,0.9198773322844404
2011-07-31,1292.280029296875,81102170000,-2.147442530666621,19.2275,2.82,2.46,224.304,9.2,0.09,63.7,93.07,13701.4697265625,3.3997298655320307,0.9612108014392374
2011-08-31,1218.8900146484375,108419170000,-5.679110795232889,35.02913043478261,2.23,2.03,225.425,9.1,0.07,55.8,94.1525,12856.2001953125,3.597476068144334,2.462140041942324
2011-09-30,1131.4200439453125,102786820000,-7.1761988080896515,36.53,1.92,1.67,226.268,9.1,0.1,59.5,94.0419,11842.080078125,3.721292688517064,2.0397835145908085
2011-10-31,1253.300048828125,93616870000,10.772303843744147,32.8195,2.17,1.92,226.955,9.1,0.08,60.8,94.1851,13191.0498046875,3.9304489586577063,1.8227152004602645
2011-11-30,1246.9599609375,80904870000,-0.5058715107011391,32.037,2.08,1.83,226.763,9.0,0.07,63.7,94.7136,13101.1298828125,3.6019901406713295,1.8075408918901776
2011-12-31,1257.5999755859375,74742430000,0.8532763666636134,25.047619047619047,1.89,1.64,226.72,8.6,0.08,69.9,94.8263,13189.599609375,3.456143392989164,1.6340434265331467
2012-01-31,1312.4100341796875,79567560000,4.358306270498535,20.228,1.83,1.61,226.747,8.5,0.07,75.0,95.2915,13839.0703125,2.9488949022029365,0.8881381543900835
2012-02-29,1365.6800537109375,78385710000,4.058946376811723,18.4205,1.98,1.68,227.505,8.3,0.08,75.3,95.9054,14400.330078125,2.914566954067177,0.5369553610028847
2012-03-31,1408.469970703125,83899660000,3.133231453144192,16.167272727272728,2.23,1.9,228.433,8.3,0.1,76.2,96.2095,14805.349609375,2.772753857920529,0.6593874725047869
2012-04-30,1397.9100341796875,74761710000,-0.7497452372495994,17.823,1.95,1.68,229.098,8.2,0.13,76.4,96.5685,14689.5400390625,2.509284531746392,0.8284639459276132
2012-05-31,1310.3299560546875,86920490000,-6.2650725714543665,21.001818181818184,1.59,1.32,229.177,8.1,0.14,79.3,97.4133,13740.240234375,2.1137711477367427,0.8094605011634592
2012-06-30,1362.1600341796875,81582440000,3.955498222833631,21.13095238095238,1.67,1.34,228.527,8.2,0.16,73.2,97.2853,14258.26953125,1.6561093218981693,1.1178624652402835
2012-07-31,1379.3199462890625,73103810000,1.259757420478791,17.565238095238094,1.51,1.28,228.618,8.2,0.16,72.3,97.4298,14370.2099609375,1.9232826877808584,1.036425254656472
2012-08-31,1406.5799560546875,70283810000,1.9763369506085704,15.689565217391305,1.57,1.35,228.723,8.3,0.16,74.3,98.0398,14680.580078125,1.4630143063103063,0.7763816192342444
2012-09-30,1440.6700439453125,69784280000,2.4236153617775313,15.284736842105264,1.65,1.42,230.102,8.1,0.13,78.3,96.8202,15044.1396484375,1.6944508282213944,0.6452381194441146
2012-10-31,1412.1600341796875,69423600000,-1.9789409716293949,16.3345,1.72,1.42,231.414,7.8,0.14,82.6,97.0328,14773.0595703125,1.9647066599105534,0.6554277583659771
2012-11-30,1416.1800537109375,68921770000,0.28467166850427716,16.703,1.62,1.37,231.751,7.9,0.16,82.7,96.5879,14848.0400390625,2.1996533826065034,0.9247459103569977
2012-12-31,1426.18994140625,66388180000,0.7068230956284616,17.307,1.78,1.53,231.025,7.7,0.16,72.9,97.509,14995.0703125,1.898817925194085,0.7068604042378379
2013-01-31,1498.1099853515625,75848510000,5.0428096466868855,13.505238095238095,2.02,1.75,230.979,7.8,0.16,72.9,98.093,15824.2099609375,1.8663973503508346,0.8266758504255216
2013-02-28,1514.6800537109375,69273480000,1.1060648765041536,14.072631578947368,1.89,1.64,231.198,7.9,0.14,73.8,98.6212,15993.4501953125,1.6232610272301828,0.5746355611665371
2013-03-31,1569.18994140625,68527110000,3.5987723982872977,13.0315,1.87,1.62,232.77,7.7,0.15,77.6,99.0446,16598.169921875,1.8985873319529167,0.6845066212892836
2013-04-30,1597.5699462890625,77098000000,1.8085767779890016,13.967272727272727,1.7,1.48,232.34,7.6,0.14,76.4,99.4765,16864.279296875,1.4151149289823417,0.7444755526994427
2013-05-31,1630.739990234375,76447250000,2.0762811683057825,13.493636363636364,2.16,1.86,231.485,7.5,0.15,84.5,98.7439,17212.259765625,1.0070818624905664,0.7196274600018293
2013-06-30,1606.280029296875,74946790000,-1.4999301595580827,17.2715,2.52,2.16,231.831,7.6,0.11,84.1,98.6709,16992.08984375,1.4457810236864876,0.8900884030748415
2013-07-31,1685.72998046875,68106820000,4.946207991308538,13.974545454545455,2.6,2.29,232.944,7.6,0.09,85.1,99.0549,17890.390625,1.892239456210798,0.7841363425775227
2013-08-31,1632.969970703125,64802810000,-3.1298019479343964,14.21,2.78,2.39,233.318,7.4,0.09,82.1,98.9462,17352.080078125,2.00898029494192,0.5214247669925536
2013-09-30,1681.550048828125,66174410000,2.974952325919533,14.692000000000002,2.64,2.31,233.526,7.3,0.08,77.5,99.3579,17982.4296875,1.4880357406715339,0.6259564029017867
2013-10-31,1756.5400390625,74066820000,4.459575276194472,15.377727272727272,2.57,2.26,233.947,7.2,0.08,73.2,100.0439,18711.919921875,1.094575090530392,0.7632451465819748
2013-11-30,1805.81005859375,61094130000,2.8049471367328715,12.944736842105263,2.75,2.47,233.808,7.3,0.09,75.1,99.9778,19201.9609375,0.8875905605585155,0.6434195929168544
2013-12-31,1848.3599853515625,64958820000,2.3562791975445974,14.192380952380953,3.04,2.66,233.887,7.0,0.08,82.5,101.2825,19706.029296875,1.2388269667784835,0.570792172723244
2014-01-31,1782.5899658203125,75871910000,-3.5582905955811595,14.24095238095238,2.67,2.33,234.582,6.7,0.09,81.2,101.7629,19105.240234375,1.5598820672009017,0.6362183668524567
2014-02-28,1859.449951171875,69725590000,4.31170301781616,15.47,2.66,2.33,234.933,6.6,0.07,81.6,101.0251,19946.83984375,1.6154984039654208,0.9646763405162139
2014-03-31,1872.3399658203125,71885030000,0.6932165418227054,14.836666666666666,2.73,2.29,235.169,6.7,0.07,80.0,101.6276,19996.009765625,1.0306310950723985,0.6185621023735612
2014-04-30,1883.949951171875,71595810000,0.6200789153414155,14.19809523809524,2.67,2.25,235.64,6.7,0.08,84.1,103.2374,19959.83984375,1.420332271670821,0.780495269904028
2014-05-31,1923.5699462890625,63623630000,2.103028007328045,12.475238095238096,2.48,2.11,236.254,6.3,0.09,81.9,102.7435,20348.349609375,2.0601766853143744,0.594226288225367
2014-06-30,1960.22998046875,63283380000,1.9058331749470137,11.541428571428572,2.53,2.06,237.083,6.3,0.09,82.5,103.6585,20862.740234375,2.265443361759223,0.4200285486456413
2014-07-31,1930.6700439453125,66524690000,-1.5079830845342368,12.296363636363635,2.58,2.05,237.693,6.1,0.1,82.5,103.9152,20410.810546875,2.038687409849582,0.4750514461167933
2014-08-31,2003.3699951171875,58131140000,3.7655295579825276,13.491904761904761,2.35,1.87,237.909,6.2,0.09,82.5,104.3882,21233.830078125,1.9677007346196929,0.6868281361578339
2014-09-30,1972.2900390625,66706000000,-1.5513837249453988,13.466666666666667,2.52,1.94,237.428,6.1,0.09,84.6,104.1152,20760.4609375,1.6709060233121686,0.42769791168216575
2014-10-31,2018.050048828125,89361460000,2.3201460667203078,17.759545454545453,2.35,1.85,237.633,5.9,0.09,86.9,105.0728,21256.740234375,1.7586906811233094,0.9868413336167816
2014-11-30,2067.56005859375,60641870000,2.453358864631494,13.440555555555555,2.18,1.71,237.642,5.8,0.09,88.8,104.8568,21731.1796875,1.6398070211455673,0.6680215421684896
2014-12-31,2058.89990234375,80743820000,-0.4188587515997044,16.292272727272728,2.17,1.5,237.032,5.8,0.09,93.6,106.6617,21669.859375,1.3446664414866971,0.6891446697108743
2015-01-31,1994.989990234375,77330040000,-3.1040805838410623,19.1195,1.68,1.21,236.149,5.6,0.12,98.1,106.5114,21060.439453125,0.6679966919883151,1.0442594850379001
2015-02-28,2104.5,68775560000,5.48925108906233,15.90421052631579,2.0,1.37,234.677,5.7,0.11,95.4,106.1878,22212.33984375,-0.10896723746770531,0.9318092649043013
2015-03-31,2067.889892578125,76675850000,-1.7396107114219572,14.812727272727273,1.94,1.38,235.186,5.5,0.11,93.0,105.8028,21947.91015625,0.007228843937756579,0.7235189913045799
2015-04-30,2085.510009765625,72060940000,0.8520819822535275,13.494761904761905,2.05,1.47,235.74,5.5,0.11,93.0,105.2161,22034.2890625,0.042437616703461245,0.7036255876567884
2015-05-31,2107.389892578125,65187730000,1.0491382304589791,13.3385,2.12,1.51,235.982,5.4,0.12,90.7,105.1786,22259.69921875,-0.1151303258357439,0.6650558797376416
2015-06-30,2063.110107421875,73213980000,-2.1011671979729973,14.339545454545457,2.35,1.71,237.031,5.5,0.12,96.1,105.1018,21841.75,-0.02193324700632271,0.597146112319021
2015-07-31,2103.840087890625,77920590000,1.9742029435184882,14.352727272727272,2.2,1.53,237.786,5.3,0.13,93.1,107.1086,22180.080078125,0.03912609963272473,0.8010587108901812
2015-08-31,1972.1800537109375,84626790000,-6.258081825586559,19.42809523809524,2.21,1.47,238.099,5.3,0.13,91.9,107.477,20802.9609375,0.07986246842279776,0.9430191295431217
2015-09-30,1920.030029296875,79989370000,-2.6442831280001466,24.377142857142857,2.06,1.42,237.931,5.1,0.14,87.2,107.0793,20119.279296875,0.21185369880554195,1.7874035610688437
2015-10-31,2079.360107421875,82951650000,8.298311781266655,16.81904761904762,2.16,1.41,237.566,5.1,0.14,90.0,107.0917,21648.509765625,-0.028194737262920988,1.073811972758577
2015-11-30,2080.409912109375,72251180000,0.050486911033487125,16.217894736842105,2.21,1.27,238.042,5.0,0.12,91.3,107.2123,21658.55078125,0.16832041474150738,0.8033554292734237
2015-12-31,2043.93994140625,83649260000,-1.7530185032692547,18.025454545454547,2.27,1.21,238.111,5.0,0.12,92.6,106.5339,21167.859375,0.4552127982719645,1.0379496115733124
2016-01-31,1940.239990234375,92409770000,-5.07353220469523,23.717894736842105,1.94,1.18,237.847,5.0,0.24,92.0,106.0222,19926.099609375,0.7190375567967644,1.2526251364548044
2016-02-29,1932.22998046875,93049560000,-0.41283603090035426,22.517,1.74,0.96,238.107,4.9,0.34,91.7,106.8477,19864.01953125,0.7715291767534049,1.3874412741951958
2016-03-31,2059.739990234375,92639420000,6.599111444005845,15.84909090909091,1.78,1.05,237.707,4.9,0.38,91.7,106.3275,21224.3203125,1.071917546112422,0.9410140467632508
2016-04-30,2065.300048828125,81124990000,0.26993982833325436,14.300476190476191,1.83,1.06,237.92,5.0,0.36,89.0,103.3759,21377.58984375,0.9247476032917534,0.6311463293927921
2016-05-31,2096.949951171875,78883600000,1.5324602525288444,14.852857142857141,1.84,0.97,238.89,5.0,0.37,94.7,104.147,21701.470703125,1.2322973786136115,0.6403520859737113
2016-06-30,2098.860107421875,86852700000,0.09109212401243738,17.774545454545457,1.49,0.91,239.41,4.7,0.37,93.5,103.5527,21711.380859375,1.0036661871231978,0.6931992624848424
2016-07-31,2173.60009765625,69530250000,3.5609800753315435,13.1585,1.46,0.79,239.927,4.9,0.38,90.0,104.1342,22547.919921875,0.9003894257862077,1.0916248213467679
2016-08-31,2170.949951171875,75610310000,-0.12192428990193127,12.399565217391304,1.58,0.78,239.828,4.9,0.39,89.8,104.9141,22561.220703125,0.7261685265372853,0.3724866215653654
2016-09-30,2168.27001953125,77023620000,-0.12344511393173052,14.21952380952381,1.6,0.83,240.305,4.9,0.4,91.2,104.4016,22576.669921875,0.9977682605461169,0.7026640327679389
2016-10-31,2126.14990234375,70033560000,-1.942567890903446,14.645500000000002,1.84,0.98,241.002,5.0,0.4,87.2,104.226,22072.490234375,1.446334913245173,0.6589872119654536
2016-11-30,2198.81005859375,83451390000,3.4174521829295035,15.2895,2.37,1.26,241.863,4.9,0.4,93.8,104.2687,22991.0703125,1.6051789180060672,0.6224901883007575
2016-12-31,2238.830078125,75344550000,1.8200762441865859,12.472380952380954,2.45,1.25,242.348,4.6,0.41,98.2,103.8589,23425.859375,1.7794222022502248,0.5088170221799426
2017-01-31,2278.8701171875,70576420000,1.7884358198382522,11.6085,2.45,1.26,243.032,4.7,0.54,98.5,104.5712,23847.2109375,2.1799728396826534,0.4364262142662344
2017-02-28,2363.639892578125,69260940000,3.719816006681631,11.530526315789475,2.36,1.14,244.158,4.8,0.65,96.3,104.5548,24609.7890625,2.541294460053667,0.3642447816806254
2017-03-31,2362.719970703125,81664010000,-0.03891971352694146,11.89782608695652,2.4,1.13,244.456,4.7,0.66,96.9,103.7332,24624.720703125,2.8392096151985458,0.4566580391205214
2017-04-30,2384.199951171875,65369860000,0.9091208748854607,13.136315789473684,2.29,1.01,243.752,4.5,0.79,97.0,104.0998,24878.48046875,2.451244115669149,0.42362003829572115
2017-05-31,2411.800048828125,79719460000,1.1576251246328662,10.862272727272726,2.21,0.93,244.158,4.4,0.9,97.1,105.1241,25041.33984375,2.205199045585826,0.4727645980633843
2017-06-30,2423.409912109375,81078810000,0.4813775207812565,10.513636363636364,2.31,0.93,243.846,4.3,0.91,95.1,105.0284,25230.41015625,1.8528883505283922,0.4438212353593698
2017-07-31,2470.300048828125,63348090000,1.9348826001101882,10.2645,2.3,0.96,243.79,4.4,1.04,93.4,105.16,25685.189453125,1.6100730638902716,0.4790391026622557
2017-08-31,2471.64990234375,70784900000,0.0546433019853243,11.975652173913044,2.12,0.79,244.048,4.3,1.15,93.4,105.4757,25657.9609375,1.7595943759694421,0.45797571350385174
2017-09-30,2519.360107421875,66624120000,1.9302978562167672,10.437999999999999,2.33,0.86,245.03,4.4,1.16,95.1,104.739,26233.33984375,1.9662512224048578,0.48085577549270375
2017-10-31,2575.260009765625,68601610000,2.218813506615125,10.115714285714287,2.38,0.78,246.373,4.2,1.15,100.7,104.6367,26760.189453125,2.228612210687042,0.2593234103508807
2017-11-30,2647.580078125,73416960000,2.8082627806563343,10.54047619047619,2.42,0.64,246.639,4.1,1.15,98.5,106.1469,27493.380859375,1.9746716116148422,0.3340554131332353
2017-12-31,2673.610107421875,65531700000,0.9831630594270502,10.2645,2.4,0.51,247.592,4.1,1.16,95.9,106.3969,27794.169921875,2.1638305247000167,0.41239010858901104
2018-01-31,2823.81005859375,77318690000,5.617870412552817,11.062380952380952,2.72,0.58,247.963,4.1,1.3,95.7,107.4637,29237.48046875,2.0289509200434486,0.4344084121701578
2018-02-28,2713.830078125,79933970000,-3.89473718793677,22.464736842105264,2.87,0.62,249.245,4.1,1.41,95.7,107.2433,28117.01953125,2.083486922402722,1.4462829316190169
2018-03-31,2640.8701171875,76803890000,-2.688449860055664,19.023809523809526,2.74,0.47,249.619,4.1,1.42,99.7,106.5109,27410.720703125,2.112036521909877,1.1743375010053936
2018-04-30,2648.050048828125,70194700000,0.27187749953683227,18.267619047619046,2.95,0.46,249.462,4.1,1.51,98.8,107.1665,27520.94921875,2.3425448816830174,1.3545979846423677
2018-05-31,2705.27001953125,76011820000,2.16083418545836,14.124545454545455,2.83,0.43,250.013,3.9,1.69,98.0,107.3051,28218.4609375,2.398037336478853,0.7177032256160202
2018-06-30,2718.3701171875,77891360000,0.48424362676078303,13.678095238095239,2.85,0.33,250.535,3.8,1.7,98.2,107.3006,28394.130859375,2.7431247590692376,0.6055582891110077
2018-07-31,2816.2900390625,64898300000,3.602155617289915,13.147619047619049,2.96,0.29,250.857,4.0,1.82,97.9,107.714,29295.75,2.8988063497272343,0.5786153478469002
2018-08-31,2901.52001953125,69523070000,3.0263211276748248,12.54695652173913,2.86,0.24,251.286,3.9,1.91,96.2,107.9989,30274.529296875,2.9658100045892644,0.475956492373006
2018-09-30,2913.97998046875,63031510000,0.42942874264617625,12.910526315789474,3.05,0.24,251.846,3.9,1.91,100.1,108.2317,30259.8203125,2.781700199975523,0.40474984647155526
2018-10-31,2711.739990234375,88549160000,-6.94033560936963,19.518636363636364,3.15,0.28,251.994,3.7,1.95,98.6,108.4822,27980.900390625,2.2815000020294463,0.9639770953134313
2018-11-30,2760.169921875,76918450000,1.7859356654779779,19.336000000000002,3.01,0.21,252.827,3.7,2.19,97.5,109.0654,28448.869140625,2.5089300556683902,1.3204393808017931
2018-12-31,2506.85009765625,84162180000,-9.177689467997252,24.953157894736844,2.69,0.21,252.876,3.7,2.2,98.3,109.3931,25749.720703125,2.1341561924456354,1.4798201091320216
2019-01-31,2704.10009765625,80859870000,7.868440166582613,19.57238095238095,2.63,0.18,252.733,3.9,2.27,98.3,109.9487,27992.41015625,1.9236740965385968,1.6870007520457528
2019-02-28,2784.489990234375,70638770000,2.9728889343927145,15.234736842105262,2.73,0.21,252.673,4.0,2.4,91.2,109.4447,28903.30078125,1.375353567774673,0.7146280567212354
2019-03-31,2834.39990234375,79159660000,1.7924256249588488,14.485238095238095,2.41,0.14,253.113,3.8,2.4,98.4,110.475,29266.91015625,1.3997331933867319,0.6081474032415705
2019-04-30,2945.830078125,70090370000,3.9313498313737982,12.949047619047619,2.51,0.24,254.148,3.8,2.41,97.2,110.2214,30410.01953125,1.878442408062142,0.5947810102001435
2019-05-31,2752.06005859375,77250740000,-6.57777313668354,16.721818181818183,2.14,0.19,254.958,3.6,2.42,100.0,109.1818,28369.390625,1.97789714934824,0.7236960323635028
2019-06-30,2941.760009765625,71250630000,6.89301639982407,15.836000000000002,2.0,0.25,255.155,3.6,2.39,98.2,109.5645,30268.05078125,1.8440537250284494,0.860692333289726
2019-07-31,2980.3798828125,70599470000,1.3128152166957952,13.305909090909092,2.02,0.13,255.305,3.7,2.38,98.2,109.5965,30684.8203125,1.773121738679806,0.4980645090127727
2019-08-31,2926.4599609375,80269220000,-1.8091627240523933,18.97909090909091,1.5,0.0,256.161,3.7,2.4,89.8,109.1756,29925.349609375,1.9400205343711896,1.1809789803499937
2019-09-30,2976.739990234375,74178980000,1.7181177931020697,15.559000000000001,1.68,0.05,256.3,3.7,2.13,93.2,109.9206,30351.919921875,1.768541092572451,0.9360551219765958
2019-10-31,3037.56005859375,75161370000,2.0431770513684056,15.507272727272728,1.69,0.17,256.358,3.5,2.04,95.5,109.5174,30945.630859375,1.7317872647761412,0.8221663661951136
2019-11-30,3140.97998046875,69369500000,3.4047037714499906,12.514736842105263,1.78,0.17,257.271,3.6,1.83,96.8,108.6714,32025.859375,1.7577236608431912,0.4136434815778924
2019-12-31,3230.780029296875,72325540000,2.858981890573009,13.756666666666666,1.92,0.34,257.936,3.5,1.55,99.3,109.677,32886.73828125,2.000980717822154,0.4730981007085261
2020-01-31,3225.52001953125,77287980000,-0.16280928190489652,13.94095238095238,1.51,0.18,258.501,3.5,1.55,99.8,109.433,32838.19140625,2.2822504382094877,0.4964913839670182
2020-02-29,2954.219970703125,84436590000,-8.411048363840312,19.628947368421052,1.13,0.27,258.82,3.6,1.55,101.0,109.2026,30125.0703125,2.4327886240318453,0.9697493379837436
2020-03-31,2584.590087890625,162185380000,-12.511928240892821,57.73681818181819,0.7,0.47,259.05,3.5,1.58,89.1,109.6035,25899.9296875,2.345592679949271,4.346289519040871
2020-04-30,2912.429931640625,123608160000,12.68440381652789,41.453809523809525,0.64,0.44,257.953,4.4,0.65,71.8,103.6635,29365.490234375,1.4971591356217617,4.229997096841357
2020-05-31,3044.31005859375,107135190000,4.528181966555822,30.897000000000002,0.65,0.49,255.902,14.7,0.05,72.3,92.5919,30927.0390625,0.37025706194744323,1.7711149263048376
2020-06-30,3100.2900390625,131458880000,1.838839651392421,31.119545454545456,0.66,0.5,255.768,13.3,0.05,78.1,92.5503,31630.509765625,0.24024612490447517,1.6151694331106723
2020-07-31,3271.1201171875,96928130000,5.510132148044367,26.840454545454545,0.55,0.44,257.214,11.1,0.08,72.5,97.4587,33393.390625,0.7477331035428136,1.3128682316083131
2020-08-31,3500.31005859375,82466520000,7.006466690171775,22.88952380952381,0.72,0.58,258.723,10.2,0.09,74.1,100.1665,35807.66015625,1.0001522480002967,0.655966844344043
2020-09-30,3363.0,92310780000,-3.9227970178423055,27.64761904761905,0.69,0.56,259.681,8.4,0.1,74.1,101.3605,34480.26953125,1.3191572376121563,1.3075225164378295
2020-10-31,3269.9599609375,86503220000,-2.766578622137972,29.64666666666667,0.88,0.74,260.209,7.9,0.09,81.8,101.5055,33724.80859375,1.5021961475748746,1.2240166389811813
2020-11-30,3621.6298828125,96611620000,10.75456354438591,25.076842105263157,0.84,0.68,260.325,6.9,0.09,76.9,103.2054,37839.6484375,1.1870751075713892,1.3767544439165973
2020-12-31,3756.070068359375,96375680000,3.712145909357001,22.37409090909091,0.93,0.8,260.817,6.7,0.09,80.7,103.9818,39456.66015625,1.116943737981524,0.7193884617611049
2021-01-31,3714.239990234375,106117800000,-1.1136660755445171,24.91,1.11,1.0,261.775,6.7,0.09,79.0,105.7244,39396.171875,1.2665328180548663,0.730439071287009
2021-02-28,3811.14990234375,99082320000,2.6091451377448394,23.140526315789476,1.44,1.3,262.231,6.3,0.09,76.8,107.1843,40508.6796875,1.3179043350591169,1.0357714682743602
2021-03-31,3972.889892578125,122371150000,4.2438632533165155,21.84304347826087,1.74,1.58,263.161,6.2,0.08,84.9,104.6526,41741.87109375,1.586952325805835,1.1082424008249028
2021-04-30,4181.169921875,83124090000,5.242532134755851,17.416190476190476,1.65,1.49,264.793,6.0,0.07,88.3,105.583,43870.08984375,2.6516458424596934,0.7273602797239147
2021-05-31,4204.10986328125,88321860000,0.548648867060697,19.7605,1.58,1.44,266.832,6.1,0.07,82.9,99.0122,43966.359375,4.27116630585147,0.8149874864078394
2021-06-30,4297.5,102544180000,2.2214009565834747,16.956818181818182,1.45,1.2,268.551,5.8,0.06,85.5,99.8562,45113.859375,4.997888711644927,0.6305880983713651
2021-07-31,4395.259765625,84255620000,2.274805482838871,17.603333333333335,1.24,1.05,270.981,5.9,0.08,81.2,100.0951,45708.0,5.352352515803949,0.657151431328422
2021-08-31,4522.68017578125,80500760000,2.8990416255438634,17.472727272727273,1.3,1.1,272.265,5.4,0.1,70.3,101.1148,46979.62890625,5.2341693626001495,0.6066543403848996
2021-09-30,4307.5400390625,85528860000,-4.75691688019011,19.824761904761903,1.52,1.24,273.012,5.2,0.09,70.3,101.5949,44850.03125,5.133606232261889,0.6005405938382337
2021-10-31,4605.3798828125,76971630000,6.914383640060651,17.765,1.55,1.07,274.138,4.8,0.08,71.7,100.0178,47795.08984375,5.353004700068009,0.9090433732864008
2021-11-30,4567.0,84341970000,-0.8333706184746159,18.5425,1.43,0.91,276.724,4.6,0.08,67.4,101.611,46936.078125,6.299433400556986,0.5120413393322278
2021-12-31,4766.18017578125,92750180000,4.361291346206486,21.354545454545455,1.52,0.79,278.88,4.2,0.08,70.6,102.2852,48461.16015625,6.925545497417729,1.124370991221628
2022-01-31,4515.5498046875,95562890000,-5.258516502739385,23.181,1.79,0.61,280.192,3.9,0.08,67.2,101.8926,45416.46875,7.035431190908237,0.9690963866878365
2022-02-28,4373.93994140625,92667710000,-3.1360491945908286,25.748421052631578,1.83,0.39,281.933,4.0,0.08,62.8,103.4677,44259.2109375,7.513223074312347,1.3588382657553162
2022-03-31,4530.41015625,123546260000,3.5773288371546252,26.968695652173913,2.32,0.04,284.182,3.8,0.08,59.4,103.5811,45606.671875,7.987885742948242,1.524053438276273
2022-04-30,4131.93017578125,90367840000,-8.795671180434306,24.3735,2.89,0.19,287.708,3.6,0.2,65.2,104.5853,41343.96875,8.65392967336751,1.1850616981890216
2022-05-31,4132.14990234375,108860390000,0.005317770464463578,29.445714285714285,2.85,0.32,288.663,3.6,0.33,58.4,105.5973,41084.8984375,8.18155243748877,1.9703626195069777
2022-06-30,3785.3798828125,106116710000,-8.391999993382681,28.1,2.98,0.06,291.474,3.6,0.77,50.0,105.1924,37564.23046875,8.535808840778847,1.8745694325746964
2022-07-31,4130.2900390625,81688320000,9.111639173021002,24.8685,2.67,-0.22,295.328,3.6,1.21,51.5,104.3648,41119.578125,8.984762769345455,1.484497195597054
2022-08-31,3955.0,92252350000,-4.244012827299837,22.169565217391302,3.15,-0.3,295.271,3.5,1.68,58.2,104.8075,39560.859375,8.449855838980413,1.1862498086348163
2022-09-30,3585.6201171875,94241020000,-9.339567201327437,27.406190476190474,3.83,-0.39,295.62,3.7,2.33,58.6,104.5464,35836.921875,8.280954683310625,1.4380494766936205
2022-10-31,3871.97998046875,91989440000,7.98634138370089,29.883499999999998,4.1,-0.41,296.761,3.5,2.56,59.9,105.1762,38702.5,8.252413018260896,1.7856091681271746
2022-11-30,4080.110107421875,87078600000,5.375289335249311,23.482,3.68,-0.7,298.062,3.7,3.08,56.8,104.6894,40552.421875,7.710932192364961,1.7577395505467455
2022-12-31,3839.5,85249330000,-5.897147407473047,21.784285714285716,3.88,-0.53,298.349,3.7,3.78,59.7,104.5175,38073.94140625,6.981138841078605,1.4030158577033094
2023-01-31,4076.60009765625,80763810000,6.17528578346791,20.203,3.52,-0.69,298.112,3.5,4.1,64.9,103.4332,40724.9609375,6.395614435815444,1.1215524561877144
2023-02-28,3970.14990234375,80392280000,-2.611249393181858,20.062105263157896,3.92,-0.89,300.536,3.4,4.33,67.0,102.9525,39704.37890625,6.598376209950585,1.0430448099343512
2023-03-31,4109.31005859375,113094800000,3.505161257710898,21.644347826086957,3.48,-0.58,301.648,3.6,4.57,62.0,102.004,40708.41015625,6.146061326896146,1.059369397077079
2023-04-30,4169.47998046875,70861260000,1.4642341662481018,17.817894736842106,3.44,-0.6,301.808,3.5,4.65,63.5,103.0258,41064.05078125,4.900802202232812,0.8350728726991568
2023-05-31,4179.830078125,85190040000,0.2482347368192972,17.64409090909091,3.64,-0.76,302.918,3.4,4.83,59.2,103.0398,42053.1796875,4.938284435483586,0.8569613111601327
2023-06-30,4450.3798828125,87983140000,6.472746490423464,13.994285714285715,3.81,-1.06,303.294,3.7,5.06,64.4,103.0107,44883.609375,4.055250210996508,0.7308021296174654
2023-07-31,4588.9599609375,75063200000,3.113893235501086,13.943999999999999,3.97,-0.91,303.841,3.6,5.08,71.6,102.2468,46450.21875,2.8825576985588963,0.6012564576936985
2023-08-31,4507.66015625,86840820000,-1.7716390070854016,15.85391304347826,4.09,-0.76,304.348,3.5,5.12,69.5,102.8957,45468.4296875,3.0741251257319524,0.6549755682010333
2023-09-30,4288.0498046875,73482980000,-4.871936746562488,15.241,4.59,-0.44,306.269,3.8,5.33,67.9,103.4886,43249.30078125,3.602259657668627,0.7351992796979797
2023-10-31,4193.7998046875,80344830000,-2.197968873798295,18.944285714285712,4.88,-0.19,307.481,3.8,5.33,63.8,103.6115,42059.94921875,3.6123345048709066,0.815027128777698
2023-11-30,4567.7998046875,80970570000,8.917926878197013,14.077142857142857,4.37,-0.36,307.619,3.9,5.33,61.3,102.7081,45900.8984375,3.2063798806959642,0.9096199082046708
2023-12-31,4769.830078125,81530670000,4.422923115636013,12.7185,3.88,-0.35,307.917,3.7,5.33,69.7,102.6651,48295.37890625,3.2069824266211633,0.5625083144303691
2024-01-31,4845.64990234375,81737880000,1.5895707598991615,13.395238095238096,3.99,-0.28,308.85,3.7,5.33,69.7,102.484,48769.87109375,3.602001932159715,0.6389757956195568
2024-02-29,5096.27001953125,82066930000,5.172064062372317,13.943999999999999,4.25,-0.39,309.685,3.7,5.33,79.0,102.5739,51321.23046875,3.0442276466047247,0.7622085902111364
2024-03-31,5254.35009765625,86299510000,3.1018779915342964,13.7875,4.2,-0.39,311.054,3.9,5.33,79.4,102.3313,52915.8203125,3.118203999363489,0.7154918415905062
2024-04-30,5035.68994140625,81747170000,-4.161507173789869,16.137727272727275,4.69,-0.35,312.23,3.8,5.33,77.2,102.6577,50572.37890625,3.4531887822721874,0.7084134426954329
2024-05-31,5277.509765625,86849720000,4.80211901511991,13.090454545454547,4.51,-0.38,313.207,3.9,5.33,69.1,102.7623,52875.51953125,3.3966287906298076,0.7505550948961429
2024-06-30,5460.47998046875,76025620000,3.466980128308328,12.676842105263159,4.36,-0.35,313.225,4.0,5.33,68.2,103.1168,54470.66015625,3.2743806339723402,0.5106124749139865
2024-07-31,5522.2998046875,80160390000,1.1321316887868749,14.469999999999999,4.09,-0.2,313.049,4.1,5.33,66.4,103.9941,55429.83984375,3.0305324166257863,0.5818943579882515
2024-08-31,5648.39990234375,81097300000,2.2834706936630367,19.312272727272727,3.91,0.0,313.534,4.3,5.33,67.9,102.8887,56554.44140625,3.018255418139759,1.2896622565607219
2024-09-30,5762.47998046875,79564830000,2.0196884090601275,17.769,3.81,0.15,314.121,4.2,5.33,70.1,103.1389,57636.94140625,2.56375930962649,0.9404657621336927
2024-10-31,5705.4501953125,79407180000,-0.9896743303151712,19.972727272727273,4.28,0.12,314.686,4.1,5.13,70.5,102.6418,57178.6796875,2.3432342160979003,0.6279375893464748
2024-11-30,6032.3798828125,79768980000,5.7301295482098835,16.181578947368422,4.18,0.05,315.454,4.1,4.83,71.8,102.2805,60880.73828125,2.546981818418237,0.8552728256952711
2024-12-31,5881.6298828125,86064900000,-2.499013704848363,15.866190476190477,4.58,0.33,316.441,4.2,4.64,74.0,101.9621,58970.01953125,2.768278464651197,0.6989276577131017
2025-01-31,6040.52978515625,88639380000,2.70163042404441,16.746000000000002,4.58,0.36,317.685,4.1,4.48,71.7,103.1942,60775.19921875,2.8606119475473424,0.9694831265110336
2025-02-28,5954.5,92317000000,-1.4242092699825126,17.052105263157895,4.24,0.25,319.086,4.0,4.33,64.7,103.511,59524.46875,3.0356652727771882,0.7653823954040962
2025-03-31,5611.85009765625,111387270000,-5.754469768137538,21.841428571428573,4.23,0.34,319.775,4.1,4.33,57.0,104.2062,55933.390625,2.803693249403638,1.1857630755911557
2025-04-30,5569.06005859375,118936380000,-0.7624943346289825,31.966190476190473,4.17,0.57,319.615,4.2,4.33,52.2,103.8892,55521.828125,2.3652435704448527,2.7129831212577264
2025-05-31,5911.68994140625,105346260000,6.152382614078289,20.45714285714286,4.41,0.52,320.321,4.2,4.33,52.2,103.8799,58996.7890625,2.271341317403519,1.5499551311468536
2025-06-30,6204.9501953125,106456300000,4.960683946771582,18.215,4.24,0.52,320.58,4.2,4.33,60.7,103.5948,61940.58984375,2.348152286694849,0.8161999022260623
2025-07-31,6339.39013671875,114004890000,2.16665625306407,16.331363636363633,4.37,0.43,321.5,4.1,4.33,60.7,104.0071,63290.8984375,2.699577382454521,0.5332027527023809
2025-08-31,6460.259765625,99352030000,1.9066444295036122,15.75,4.23,0.64,322.132,4.2,4.33,58.2,103.9867,64683.390625,2.742286323014409,0.6663604853416315
2025-09-30,6688.4599609375,114074610000,3.5323687218701494,15.773333333333333,4.16,0.56,323.364,4.3,4.33,58.2,103.9203,66847.84375,2.942496681215201,0.536358340263296
2025-10-31,6740.27978515625,22771650000,0.7747646621403481,16.485,4.18,0.58,323.364,4.3,4.22,58.2,103.9203,67430.3203125,2.942496681215201,0.38059116873943954
