Date,SP500_Close,SP500_Volume,SP500_Returns,VIX,Treasury_10Y,Yield_Spread,CPI,Unemployment,Fed_Rate,Consumer_Sentiment,Industrial_Production,Wilshire5000,Inflation_YoY,SP500_Volatility
1991-01-31,343.92999267578125,167807142.85714287,4.15177499981747,20.91,8.03,0.98,134.2,6.3,7.31,65.5,61.2885,3245.35009765625,5.647058823529405,4.969492382020541
1991-02-28,367.07000732421875,226482631.57894737,6.728117681278034,21.23,8.02,0.98,134.7,6.4,6.91,66.8,61.0842,3484.85009765625,5.312500000000009,5.288509378372701
1991-03-31,375.2200012207031,195074210.52631578,2.2202832522042026,16.88,8.05,1.03,134.8,6.6,6.25,70.4,60.6387,3583.669921875,4.821150855365497,5.283710752380973
1991-04-30,375.3399963378906,182600000.0,0.03197993624997064,18.24,8.02,1.22,134.8,6.8,6.12,87.7,60.2973,3587.919921875,4.809930178432875,5.170316434660856
1991-05-31,389.8299865722656,169986363.63636363,3.8604972493607503,15.93,8.06,1.38,135.1,6.7,5.91,81.8,60.4524,3719.300048828125,5.034856700232382,4.617907954120552
1991-06-30,371.1600036621094,162936500.0,-4.789262897479862,19.55,8.24,1.34,135.6,6.9,5.78,78.3,61.0587,3545.469970703125,4.695919938414161,4.872940498432672
1991-07-31,387.80999755859375,158253181.8181818,4.485934295776639,15.18,8.2,1.39,136.0,6.9,5.9,82.1,61.5514,3705.889892578125,4.367816091954024,4.99854671307095
1991-08-31,395.42999267578125,168810000.0,1.9648784624321625,14.46,7.82,1.46,136.2,6.8,5.82,82.9,61.7201,3795.0400390625,3.7993920972644313,3.8142711678478918
1991-09-30,387.8599853515625,163049500.0,-1.9143735843086374,15.85,7.47,1.48,136.6,6.9,5.66,82.0,61.7289,3743.97998046875,3.396226415094339,3.3743604818902946
1991-10-31,392.45001220703125,179648181.8181818,1.1834236654519215,15.48,7.47,1.77,137.0,6.9,5.45,83.0,62.2369,3807.080078125,2.8485757121439192,3.2798742818831434
1991-11-30,375.2200012207031,189931578.9473684,-4.390370862630699,20.26,7.38,2.0,137.2,7.0,5.21,78.3,62.1718,3649.989990234375,3.0665669409125185,3.5469584513161663
1991-12-31,417.0899963378906,197871904.76190478,11.15878550742815,19.31,6.71,1.94,137.8,7.0,4.81,69.1,62.0894,4041.10009765625,2.980625931445613,4.545856713680688
1992-01-31,408.7799987792969,243113333.33333334,-1.9923751783923582,17.4,7.31,2.2,138.2,7.3,4.43,68.2,61.806,4027.77001953125,2.672605790645899,4.633713149281447
1992-02-29,412.70001220703125,224611052.63157895,0.958954312696414,16.68,7.27,2.0,138.3,7.3,4.03,67.5,61.4823,4071.25,2.8189910979228294,4.33690964726383
1992-03-31,403.69000244140625,184829090.9090909,-2.183186212532784,16.18,7.54,1.94,138.6,7.4,4.06,68.8,61.9192,3961.550048828125,3.189910979228472,4.4158349971211885
1992-04-30,414.95001220703125,205516190.47619048,2.7892713957560433,15.53,7.61,2.15,139.1,7.4,3.98,76.0,62.4403,4008.7099609375,3.1828275351591495,4.449641222715009
1992-05-31,415.3500061035156,182199000.0,0.09639568254424802,13.86,7.33,2.14,139.4,7.4,3.73,77.2,62.9199,4021.510009765625,3.0235988200590036,4.3557829773295005
1992-06-30,408.1400146484375,193628636.36363637,-1.7358833150663777,13.35,7.14,2.31,139.7,7.6,3.82,79.2,63.1268,3930.330078125,3.0147058823529305,4.092687883844119
1992-07-31,424.2099914550781,193873636.36363637,3.9373686063305824,13.17,6.72,2.3,140.1,7.8,3.76,80.4,63.1624,4083.85009765625,3.1571218795888534,4.051464740386595
1992-08-31,414.0299987792969,173991428.57142857,-2.399753160189122,13.58,6.62,2.47,140.5,7.7,3.25,76.6,63.7348,3985.0,3.0746705710102518,4.134670694487099
1992-09-30,417.79998779296875,191611904.76190478,0.9105593857418715,14.28,6.37,2.57,140.8,7.6,3.3,76.1,63.3802,4024.360107421875,2.9927007299270114,4.067122967056353
1992-10-31,418.67999267578125,208587619.04761904,0.2106282691536565,16.15,6.8,2.4,141.1,7.6,3.22,75.6,63.5834,4067.780029296875,3.279883381924198,4.066185109139619
1992-11-30,431.3500061035156,205527368.42105263,3.026180770368403,13.01,6.95,2.16,141.7,7.3,3.1,73.3,64.0178,4223.41015625,3.1204644412191396,3.790814189792439
1992-12-31,435.7099914550781,221643181.8181818,1.0107766987062838,12.57,6.7,2.14,142.1,7.4,3.09,85.3,64.2628,4289.740234375,2.966714905933454,2.1529492008502067
1993-01-31,438.7799987792969,267622105.2631579,0.7045987892006611,12.42,6.39,2.19,142.3,7.4,2.92,91.0,64.3599,4336.919921875,3.2537960954446943,2.0187117227936873
1993-02-28,443.3800048828125,286444736.84210527,1.0483627595407663,13.16,6.03,2.11,142.8,7.3,3.02,89.3,64.6135,4342.8701171875,3.2467532467532534,2.020279138507841
1993-03-31,451.6700134277344,250736956.52173913,1.8697299051888772,12.53,6.03,2.07,143.1,7.1,3.03,86.6,64.9262,4444.2998046875,3.0194104960460155,1.8401730352493717
1993-04-30,440.19000244140625,278722380.95238096,-2.541681016015662,12.42,6.05,2.22,143.3,7.0,3.07,85.9,64.8627,4316.1201171875,3.1563845050215145,1.9943076796985078
1993-05-31,450.19000244140625,255432000.0,2.271746278774489,13.47,6.16,1.92,143.8,7.1,2.96,85.6,65.0423,4438.5498046875,3.2211882605583497,2.051207264665802
1993-06-30,450.5299987792969,252018181.8181818,0.07552285391652092,11.26,5.8,1.77,144.2,7.1,3.0,80.3,64.8006,4449.56982421875,2.9978586723768963,1.9186015515923436
1993-07-31,448.1300048828125,252787142.85714287,-0.532704570835929,11.73,5.83,1.7,144.3,7.0,3.04,81.5,64.9476,4443.27978515625,2.8469750889679624,1.68279144527859
1993-08-31,463.55999755859375,250281818.1818182,3.4431956145887233,11.85,5.45,1.57,144.5,6.9,3.06,77.0,65.1142,4601.5498046875,2.840909090909083,1.6207591072023824
1993-09-30,458.92999267578125,264415238.0952381,-0.9987930164805148,12.99,5.4,1.51,144.8,6.8,3.03,77.3,65.0421,4601.83984375,2.7639971651311157,1.7167288770881937
1993-10-31,467.8299865722656,287870000.0,1.9392922751884534,11.46,5.43,1.44,145.0,6.7,3.09,77.9,65.3749,4672.77001953125,2.752293577981657,1.7352999774195363
1993-11-30,461.7900085449219,279639500.0,-1.291062608362914,13.76,5.83,1.61,145.6,6.8,2.99,82.7,65.863,4583.81982421875,2.7445460942997935,1.7115189282666758
1993-12-31,466.45001220703125,263236818.1818182,1.0091174724184304,11.66,5.83,1.58,146.0,6.6,3.02,81.2,66.1696,4657.830078125,2.8109627547435068,1.7114813161827638
1994-01-31,481.6099853515625,319670500.0,3.2500745519977725,10.63,5.7,1.58,146.3,6.5,2.96,88.2,66.5531,4798.06982421875,2.450980392156854,1.8775911969900623
1994-02-28,467.1400146484375,308057894.7368421,-3.004499728667853,14.87,6.15,1.48,146.3,6.6,3.05,94.3,66.7591,4678.39013671875,2.515723270440251,2.169707249723634
1994-03-31,445.7699890136719,314130869.5652174,-4.574651060635082,20.45,6.77,1.56,146.7,6.6,3.25,93.2,66.8019,4457.68994140625,2.6517794836008246,2.5522035450269387
1994-04-30,450.9100036621094,301842631.57894737,1.1530643100964522,13.77,7.06,1.33,147.1,6.5,3.34,91.5,67.4704,4494.72021484375,2.364394993045882,2.4489465123833862
1994-05-31,456.5,270284285.71428573,1.2397144202814125,13.03,7.17,1.16,147.2,6.4,3.56,92.6,67.8707,4525.52001953125,2.288488210818307,2.388026552938752
1994-06-30,444.2699890136719,266030454.54545453,-2.679082362832008,14.97,7.34,1.15,147.5,6.1,4.01,92.8,68.187,4395.22021484375,2.494802494802495,2.5235816043387844
1994-07-31,458.260009765625,249005000.0,3.1489907258900107,11.13,7.12,1.13,147.9,6.1,4.25,91.2,68.645,4519.7998046875,2.69896193771626,2.68324681074447
1994-08-31,475.489990234375,278206521.73913044,3.7598699649926237,11.97,7.19,1.02,148.4,6.1,4.26,89.0,68.7317,4705.9599609375,2.900552486187835,2.7191496882250377
1994-09-30,462.7099914550781,292993809.52380955,-2.6877534841474704,14.28,7.62,1.0,149.0,6.0,4.47,91.7,69.1882,4605.81982421875,2.965517241379323,2.8308562688423073
1994-10-31,472.3500061035156,306579500.0,2.0833815622011143,14.56,7.81,0.97,149.3,5.9,4.73,91.5,69.3935,4674.18017578125,2.609890109890123,2.8396347531038892
1994-11-30,453.69000244140625,301522000.0,-3.950461187888721,15.95,7.91,0.51,149.4,5.8,4.76,92.7,69.9576,4490.580078125,2.602739726027403,3.055136012418537
1994-12-31,459.2699890136719,302453809.52380955,1.2299117331743048,13.2,7.84,0.15,149.8,5.6,5.29,91.6,70.4288,4540.6201171875,2.597402597402576,3.063105968710224
1995-01-31,470.4200134277344,326812500.0,2.4277711761677034,11.96,7.6,0.34,150.1,5.5,5.45,95.1,71.1273,4631.39990234375,2.8708133971291794,2.990016420488424
1995-02-28,487.3900146484375,333163157.8947368,3.607414807259257,11.75,7.22,0.43,150.5,5.6,5.53,97.6,71.2635,4803.89990234375,2.862985685071595,3.0260728330954
1995-03-31,500.7099914550781,338800000.0,2.732919511338072,13.37,7.2,0.4,150.9,5.4,5.92,95.1,71.1758,4920.419921875,2.7872195785180187,2.6461729004925427
1995-04-30,514.7100219726562,331948947.3684211,2.796035780491146,11.75,7.07,0.47,151.2,5.4,5.98,90.3,71.2796,5035.89013671875,3.125000000000022,2.696528221960684
1995-05-31,533.4000244140625,343440454.54545456,3.631171269946476,12.85,6.3,0.41,151.8,5.8,6.05,92.5,71.1538,5192.7998046875,3.1186440677966054,2.7910875577080194
1995-06-30,544.75,343438636.3636364,2.1278543431649366,11.38,6.21,0.42,152.1,5.6,6.01,89.8,71.4997,5348.77001953125,3.0425963488843744,2.490305684765466
1995-07-31,562.0599975585938,365398000.0,3.177603957520647,13.49,6.45,0.57,152.4,5.6,6.0,92.7,71.7327,5561.85986328125,2.8301886792452713,2.491788317653418
1995-08-31,561.8800048828125,310722608.6956522,-0.03202374774278205,11.52,6.28,0.43,152.6,5.7,5.85,94.4,71.4334,5602.27978515625,2.6174496644295386,2.45312975558334
1995-09-30,584.4099731445312,352641500.0,4.009747288732535,12.74,6.17,0.34,152.9,5.7,5.74,96.2,72.3723,5806.6298828125,2.54521098459477,2.177895468373398
1995-10-31,581.5,369904761.9047619,-0.49793351897702287,13.83,6.03,0.42,153.1,5.6,5.8,88.9,72.6543,5740.8701171875,2.7443105756358666,2.291976216530364
1995-11-30,605.3699951171875,362007142.85714287,4.104900278106194,11.58,5.76,0.4,153.5,5.5,5.76,90.2,72.5336,5969.990234375,2.603471295060067,1.5099222526145006
1995-12-31,615.9299926757812,384877000.0,1.744387340596476,12.52,5.58,0.4,153.7,5.6,5.8,88.2,72.717,6057.2001953125,2.5316455696202667,1.4793423133359656
1996-01-31,636.02001953125,422946190.47619045,3.2617386869231213,12.53,5.6,0.67,153.9,5.6,5.6,91.0,72.9638,6211.81982421875,2.7906976744185963,1.4958643278106818
1996-02-29,640.4299926757812,437498000.0,0.6933701784703983,17.04,6.13,0.69,154.7,5.6,5.56,89.3,72.5712,6307.25,2.717031146454607,1.545257111531875
1996-03-31,645.5,427819047.61904764,0.7916567590839696,18.88,6.34,0.55,155.0,5.5,5.22,88.5,73.6207,6365.89013671875,2.8439153439153486,1.597956388575369
1996-04-30,654.1699829101562,422646666.6666667,1.343142201418468,15.83,6.66,0.63,155.5,5.5,5.31,93.7,73.5141,6514.7900390625,2.832674571805005,1.5996567851998114
1996-05-31,669.1199951171875,405506363.6363636,2.2853405991703157,16.07,6.85,0.58,156.1,5.6,5.22,92.7,74.2491,6677.35009765625,2.827087442472065,1.5224814553753887
1996-06-30,670.6300048828125,396542000.0,0.22567099722681228,13.68,6.73,0.62,156.4,5.6,5.24,89.4,74.8142,6612.77001953125,2.8215223097112663,1.5958437648704529
1996-07-31,639.9500122070312,402266363.6363636,-4.57480167192077,19.46,6.8,0.58,156.7,5.3,5.27,92.4,75.3726,6247.02978515625,2.8833551769331667,2.3569947231816797
1996-08-31,651.989990234375,335469090.90909094,1.881393514756069,17.01,6.96,0.62,157.0,5.5,5.4,94.7,75.3738,6434.02001953125,2.8122956180510084,2.3371344934236085
1996-09-30,687.3300170898438,403203500.0,5.420332732833044,16.95,6.72,0.62,157.2,5.1,5.22,95.3,75.7557,6765.64990234375,3.0045721750489918,2.5159614330327944
1996-10-31,705.27001953125,426439545.45454544,2.610100242291802,18.11,6.37,0.6,157.7,5.2,5.3,94.7,76.2302,6851.330078125,3.0618892508143203,2.4633764483332876
1996-11-30,757.02001953125,442625789.4736842,7.337615178140577,17.14,6.06,0.47,158.2,5.2,5.24,96.5,76.2157,7292.16015625,3.2530904359141077,2.895276696652378
1996-12-31,740.739990234375,432817619.04761904,-2.1505414489508046,20.92,6.43,0.55,158.7,5.4,5.31,99.2,76.8973,7198.2900390625,3.378817413905133,3.1257020014349552
1997-01-31,784.1699829101562,530840500.0,5.863054951581548,19.47,6.61,0.6,159.1,5.4,5.29,96.9,77.3772,7556.7900390625,3.0381383322559907,3.335089066272159
1997-02-28,790.8200073242188,511364736.84210527,0.8480335334162481,21.1,6.56,0.47,159.4,5.3,5.25,97.4,77.5135,7559.419921875,3.0322580645161246,3.330675204943164
1997-03-31,757.1199951171875,506038000.0,-4.261401064074876,22.14,6.92,0.47,159.7,5.2,5.19,99.7,78.4255,7213.52978515625,2.7652733118971096,3.764186064714637
1997-04-30,801.3400268554688,475221818.1818182,5.840557906734034,20.06,6.72,0.43,159.8,5.2,5.39,100.0,78.9197,7519.2900390625,2.434336963484962,3.975708977547343
1997-05-31,848.280029296875,481269047.61904764,5.857688480332501,19.19,6.67,0.45,159.9,5.1,5.51,101.4,78.9848,8038.5,2.237851662404089,4.147268645966212
1997-06-30,885.1400146484375,517045238.0952381,4.345261479527585,21.53,6.51,0.43,159.9,4.9,5.5,103.2,79.4296,8396.8701171875,2.233567326100827,4.150789668510561
1997-07-31,954.3099975585938,543550909.0909091,7.814580943742477,21.48,6.02,0.28,160.2,5.0,5.56,104.5,79.7971,9031.4296875,2.165605095541401,3.7773167783655084
1997-08-31,899.469970703125,505052380.95238096,-5.746563170852836,24.76,6.34,0.37,160.4,4.9,5.52,107.1,80.4666,8679.98046875,2.2900763358778775,4.614456217490162
1997-09-30,947.280029296875,542047619.0476191,5.315359061556713,22.91,6.12,0.32,160.8,4.8,5.54,104.4,81.2825,9180.2099609375,2.21940393151554,4.609164429448265
1997-10-31,914.6199951171875,621020909.0909091,-3.447769737522033,35.09,5.84,0.21,161.2,4.9,5.54,106.0,82.0327,8865.25,2.0859671302149163,4.951613485487655
1997-11-30,955.4000244140625,544130000.0,4.458685521263939,27.43,5.86,0.1,161.5,4.7,5.5,105.6,82.7656,9142.4296875,1.8903591682419618,4.751100590911943
1997-12-31,970.4299926757812,543585454.5454545,1.5731597108694428,24.01,5.75,0.09,161.7,4.6,5.52,107.2,83.427,9298.1904296875,1.6970458830924073,4.569114357499354
1998-01-31,980.280029296875,636691500.0,1.0150177442407982,21.47,5.53,0.21,161.8,4.7,5.5,102.1,83.784,9340.7998046875,1.6311166875784044,4.444991783285321
1998-02-28,1049.3399658203125,613502631.5789474,7.044919253631243,18.55,5.62,0.07,162.0,4.6,5.56,106.6,84.1564,10006.4404296875,1.440200375704448,4.657951563774404
1998-03-31,1101.75,623617727.2727273,4.994571434122053,24.22,5.67,0.07,162.0,4.6,5.51,110.4,84.3066,10494.7197265625,1.3767209011263937,4.181370446900111
1998-04-30,1111.75,650288571.4285715,0.9076469253460395,21.18,5.68,0.09,162.0,4.7,5.49,106.5,84.342,10609.6103515625,1.4383989993745905,4.146456305972039
1998-05-31,1090.8199462890625,573857000.0,-1.8826223261468433,21.32,5.56,0.03,162.2,4.3,5.45,108.7,84.6339,10314.1796875,1.6885553470919357,4.236163764964545
1998-06-30,1133.8399658203125,615998636.3636364,3.9438240635040422,19.71,5.44,-0.05,162.6,4.4,5.49,106.5,85.1867,10663.6103515625,1.6229712858926382,4.219228121571734
1998-07-31,1120.6700439453125,645218181.8181819,-1.1615326917385427,24.8,5.5,0.01,162.8,4.5,5.56,105.6,84.6809,10420.259765625,1.74563591022443,3.9111815626098387
1998-08-31,957.280029296875,717692857.1428572,-14.579671825011387,44.28,5.05,0.14,163.2,4.5,5.54,105.2,84.3445,8785.7099609375,1.6169154228855787,5.771098742734572
1998-09-30,1017.010009765625,795908571.4285715,6.239551504341101,40.95,4.44,0.14,163.4,4.5,5.55,104.4,86.0816,9346.8095703125,1.4267990074441794,5.844258598533602
1998-10-31,1098.6700439453125,824311904.7619047,8.029422856762892,28.05,4.64,0.52,163.5,4.6,5.51,100.9,86.0023,10032.1904296875,1.4860681114551078,6.029459240089322
1998-11-30,1163.6300048828125,670293684.2105263,5.912599628568138,26.01,4.74,0.2,163.9,4.5,5.07,97.4,86.591,10650.2001953125,1.4842300556586308,6.103749389262593
1998-12-31,1229.22998046875,690065909.0909091,5.637528708495609,24.42,4.65,0.11,164.1,4.4,4.83,102.7,86.5115,11317.58984375,1.606922126081578,6.199823728881414
1999-01-31,1279.6400146484375,853342105.2631578,4.100944085374847,26.25,4.66,0.08,164.4,4.4,4.68,100.5,86.8615,11724.830078125,1.6666666666666607,6.211319832546294
1999-02-28,1238.3299560546875,766097894.7368422,-3.2282562377591306,27.88,5.29,0.16,164.7,4.3,4.63,103.9,87.2205,11286.080078125,1.6666666666666607,6.225720216213256
1999-03-31,1286.3699951171875,782717391.3043479,3.87942154089167,23.26,5.25,0.26,164.7,4.4,4.76,108.1,87.726,11707.669921875,1.7283950617283939,6.178197570164764
1999-04-30,1335.1800537109375,882057142.8571428,3.7944027596277463,25.07,5.36,0.28,164.8,4.2,4.81,105.7,87.9125,12259.3603515625,2.281134401972884,6.2098683057401125
1999-05-31,1301.8399658203125,794013000.0,-2.4970480796175143,25.39,5.64,0.22,165.9,4.3,4.74,104.6,88.1082,11976.75,2.091020910209096,6.244742704912702
1999-06-30,1372.7099609375,730871363.6363636,5.443833111432483,21.09,5.81,0.28,166.0,4.2,4.74,106.8,88.6483,12583.599609375,1.9656019656019597,6.309020724687939
1999-07-31,1328.719970703125,730139523.8095238,-3.2046092391091685,24.64,5.92,0.29,166.0,4.3,4.76,107.3,88.5903,12189.83984375,2.1446078431372584,6.422679631516691
1999-08-31,1320.4100341796875,719025000.0,-0.6254091687235008,24.45,5.98,0.25,166.7,4.3,4.99,106.0,89.1098,12042.23046875,2.2643818849449104,4.044521762953439
1999-09-30,1282.7099609375,782795238.0952381,-2.8551792448024638,25.41,5.9,0.27,167.1,4.2,5.07,104.5,89.5007,11713.7998046875,2.629969418960254,4.188937033545632
1999-10-31,1362.9300537109375,908805000.0,6.253954145238461,22.2,6.02,0.23,167.8,4.2,5.22,107.2,89.1304,12449.400390625,2.56253813300793,3.98421126665612
1999-11-30,1388.9100341796875,874676000.0,1.9061858969220413,24.18,6.18,0.17,168.1,4.1,5.2,103.2,90.2709,12851.9296875,2.6203534430225606,3.778520522541425
1999-12-31,1469.25,892758636.3636364,5.784389473992291,24.64,6.45,0.21,168.4,4.1,5.42,107.2,90.7528,13812.669921875,2.676399026763998,3.7931710825603377
2000-01-31,1394.4599609375,1074720000.0,-5.090354879190063,24.95,6.68,0.07,168.8,4.0,5.3,105.4,91.4784,13230.6201171875,2.792956891317555,4.145648589227785
2000-02-29,1366.4200439453125,1045600000.0,-2.0108083256356934,23.37,6.42,-0.11,169.3,4.0,5.45,112.0,91.4092,13511.0,3.2179720704310855,4.052031489261895
2000-03-31,1498.5799560546875,1137226086.9565217,9.671982835364812,24.11,6.03,-0.47,170.0,4.1,5.73,111.3,91.7245,14296.1796875,3.762135922330101,4.728094199351794
2000-04-30,1452.4300537109375,1058234736.8421053,-3.0795755780191336,26.2,6.23,-0.45,171.0,4.0,5.85,107.1,92.083,13541.7001953125,3.013863773357439,4.824534414396861
2000-05-31,1420.5999755859375,904468181.8181819,-2.1915050603417807,23.65,6.29,-0.4,170.9,3.8,6.02,109.2,92.6659,13052.9599609375,3.1325301204819134,4.806277091235217
2000-06-30,1454.5999755859375,988104545.4545455,2.3933549615877237,19.54,6.03,-0.35,171.2,4.0,6.27,110.7,92.9347,13618.5,3.7349397590361377,4.617223472397556
2000-07-31,1430.8299560546875,954455000.0,-1.6341275904170893,20.74,6.04,-0.26,172.2,4.0,6.53,106.4,93.0018,13330.3095703125,3.5992801439711952,4.521482264636342
2000-08-31,1517.6800537109375,885378260.8695652,6.069910494167097,16.84,5.73,-0.45,172.7,4.0,6.54,108.3,92.8373,14280.0400390625,3.3512866546977715,4.749050529378502
2000-09-30,1436.510009765625,1041915000.0,-5.3482974719764265,20.57,5.8,-0.18,172.7,4.1,6.5,107.3,92.591,13613.330078125,3.45649582836709,4.994051287925895
2000-10-31,1429.4000244140625,1201657142.857143,-0.49494854217706497,23.63,5.77,-0.17,173.6,3.9,6.52,106.8,92.9827,13314.6796875,3.4503271861986873,4.728990303466985
2000-11-30,1314.949951171875,977728571.4285715,-8.006861010730892,29.65,5.48,-0.13,173.9,3.9,6.51,105.8,92.64,11976.240234375,3.444180522565321,5.29285809201145
2000-12-31,1320.280029296875,1180540000.0,0.40534456237286687,26.85,5.12,0.01,174.2,3.9,6.51,107.6,92.6604,12175.8798828125,3.4360189573459543,4.944440156450591
2001-01-31,1366.010009765625,1325228571.4285715,3.4636576676164488,22.02,5.19,0.57,174.6,3.9,6.4,98.4,92.3457,12631.3603515625,3.7212049616065945,4.8821693906375225
2001-02-28,1239.93994140625,1139178947.368421,-9.229073539585963,28.35,4.92,0.51,175.6,4.2,5.98,94.7,91.8908,11425.2900390625,3.529411764705892,5.543754002154889
2001-03-31,1160.3299560546875,1263936818.1818182,-6.420471080339151,28.64,4.93,0.75,176.0,4.2,5.49,90.6,91.2851,10645.849609375,2.9824561403508643,4.697741872848534
2001-04-30,1249.4599609375,1270499500.0,7.681436165439459,25.48,5.35,1.05,176.1,4.3,5.31,91.5,91.0585,11512.4599609375,3.2182562902282053,5.442271709489068
2001-05-31,1255.8199462890625,1114813636.3636363,0.5090187401275648,22.64,5.43,1.21,176.4,4.4,4.8,88.4,90.7384,11610.2197265625,3.5630841121495394,5.449283340505056
2001-06-30,1224.3800048828125,1178477619.047619,-2.503538942756467,19.06,5.42,1.17,177.3,4.3,4.21,92.0,90.2607,11407.150390625,3.193960511033689,5.364213378320395
2001-07-31,1211.22998046875,1133033809.5238094,-1.0740149595403703,21.62,5.07,1.28,177.7,4.5,3.97,92.6,89.7811,11208.509765625,2.7214823393167498,5.36340570215331
2001-08-31,1133.5799560546875,1015617391.3043479,-6.410840688075748,24.92,4.85,1.21,177.4,4.6,3.77,92.4,89.2352,10515.08984375,2.7214823393167498,5.014599196402545
2001-09-30,1040.93994140625,1668352666.6666667,-8.172340570563886,31.93,4.6,1.74,177.4,4.9,3.65,91.5,89.157,9562.9501953125,2.5921658986175045,5.2329081034876905
2001-10-31,1059.780029296875,1316921818.1818182,1.8099111333141016,33.56,4.3,1.86,178.1,5.0,3.07,81.8,88.6749,9796.8603515625,2.127659574468077,5.354913214029417
2001-11-30,1139.449951171875,1266920000.0,7.51759041240454,23.84,4.78,1.94,177.6,5.3,2.49,82.7,88.4051,10531.4501953125,1.894374282433997,5.721241521423274
2001-12-31,1148.0799560546875,1256428500.0,0.7573834088927756,23.8,5.07,2.0,177.5,5.5,2.09,83.9,87.886,10707.6796875,1.603665521191311,5.730195642257708
2002-01-31,1130.199951171875,1416485714.2857144,-1.5573832456979853,21.09,5.07,1.91,177.4,5.7,1.82,88.8,87.8518,10564.6904296875,1.1958997722095743,5.554788623916798
2002-02-28,1106.72998046875,1370926315.7894738,-2.0766211039727644,21.59,4.88,1.82,177.7,5.7,1.73,93.0,88.4634,10332.8896484375,1.1363636363636465,4.9969191125165535
2002-03-31,1147.3900146484375,1328160000.0,3.6738892862074657,17.4,5.42,1.7,178.0,5.7,1.74,90.7,88.4578,10775.740234375,1.3628620102214661,4.8163325413663785
2002-04-30,1076.9200439453125,1298586363.6363637,-6.141762591921907,21.91,5.11,1.87,178.5,5.7,1.73,95.7,89.1265,10241.1796875,1.643990929705219,4.4549967688065255
2002-05-31,1067.1400146484375,1222977272.7272727,-0.9081481352177012,19.98,5.08,1.86,179.3,5.9,1.75,93.0,89.5507,10106.490234375,1.2408347433727984,4.426025860950752
2002-06-30,989.8200073242188,1499075500.0,-7.24553538081798,25.4,4.86,1.96,179.5,5.8,1.75,96.9,89.9348,9384.0302734375,1.0692177827799743,4.747440369019406
2002-07-31,911.6199951171875,1919487272.7272727,-7.900427514940766,32.03,4.51,2.28,179.6,5.8,1.75,92.4,90.6736,8616.9404296875,1.465614430665152,5.069885589791262
2002-08-31,916.0700073242188,1331745454.5454545,0.4881433306494376,32.64,4.14,2.0,180.0,5.8,1.73,88.1,90.6436,8654.0400390625,1.747463359639223,4.941127282755788
2002-09-30,815.280029296875,1386185500.0,-11.002431825242788,39.69,3.63,1.91,180.5,5.7,1.74,87.6,90.5505,7773.6298828125,1.516002245929271,5.332940634664666
2002-10-31,885.760009765625,1666182272.7272727,8.644880033371404,31.14,3.93,2.25,180.8,5.7,1.75,86.1,90.6373,8357.3203125,2.0270270270270174,6.0763051622853315
2002-11-30,936.3099975585938,1478313684.2105262,5.706962070498589,27.5,4.22,2.14,181.2,5.7,1.75,80.6,90.3988,8846.7099609375,2.2535211267605604,5.855575075255547
2002-12-31,879.8200073242188,1237792380.952381,-6.033257188502883,28.62,3.83,2.22,181.5,5.9,1.34,84.2,90.8947,8343.1904296875,2.4802705749718212,5.948827628685783
2003-01-31,855.7000122070312,1464265714.2857144,-2.741469268304464,31.17,4.0,2.28,181.8,6.0,1.24,86.7,90.3906,8125.06982421875,2.757456387169399,5.950108286564038
2003-02-28,841.1500244140625,1328173684.2105262,-1.700360825687175,29.63,3.71,2.18,182.6,5.8,1.24,82.4,91.1369,7972.60009765625,3.146067415730336,5.951394785024305
2003-03-31,848.1799926757812,1432382380.952381,0.8357567684332823,29.15,3.83,2.32,183.6,5.9,1.26,79.9,91.2505,8051.85986328125,3.025210084033625,5.7543569916938875
2003-04-30,916.9199829101562,1412838571.4285715,8.10441071800323,21.21,3.89,2.38,183.9,5.9,1.25,77.6,91.0006,8701.9697265625,2.175125488008911,6.337212388311718
2003-05-31,963.5900268554688,1473909523.8095238,5.0898709609522585,19.47,3.37,2.04,183.2,6.0,1.26,86.0,90.4311,9218.8896484375,1.8941504178273005,6.58920494927837
2003-06-30,974.5,1486638095.2380953,1.1322214676852127,19.52,3.54,2.22,182.9,6.1,1.26,92.1,90.4,9342.419921875,1.948775055679297,6.262116836341981
2003-07-31,990.3099975585938,1434236363.6363637,1.6223701958536507,19.49,4.49,2.69,183.1,6.3,1.22,89.7,90.5196,9555.1904296875,2.055555555555544,5.7447421971132
2003-08-31,1008.010009765625,1184831904.7619047,1.7873203593487874,18.63,4.45,2.5,183.7,6.2,1.01,90.9,90.9869,9770.5595703125,2.216066481994461,5.749633358539547
2003-09-30,995.969970703125,1425719523.8095238,-1.1944364585525724,22.72,3.96,2.46,184.5,6.1,1.03,89.3,90.7933,9649.6796875,2.378318584070782,4.44447627658971
2003-10-31,1050.7099609375,1420818181.8181818,5.496148663571665,16.1,4.33,2.48,185.1,6.1,1.01,87.7,91.3819,10224.51953125,2.041942604856528,4.07975657152348
2003-11-30,1058.199951171875,1294484444.4444444,0.7128504071372888,16.32,4.34,2.28,184.9,6.0,1.01,89.6,91.5049,10352.2197265625,1.9283746556473913,3.8614533317713686
2003-12-31,1111.9200439453125,1265415000.0,5.076554077889206,18.31,4.27,2.43,185.0,5.8,1.0,93.7,92.1265,10799.6298828125,2.0352035203520247,3.2867089456563825
2004-01-31,1131.1300048828125,1641000000.0,1.7276386950755285,16.63,4.16,2.32,185.5,5.7,0.98,92.6,92.1732,11029.2001953125,2.026286966046009,2.9324278378265576
2004-02-29,1144.93994140625,1472926315.7894738,1.220897373761054,14.55,3.99,2.33,186.3,5.7,1.0,103.8,92.3268,11172.8896484375,1.688453159041381,2.6715679766343485
2004-03-31,1126.2099609375,1460778260.8695652,-1.635891961786684,16.74,3.86,2.26,186.7,5.6,1.01,94.4,92.8995,11039.419921875,1.7400761283306032,2.907681451687205
2004-04-30,1107.300048828125,1505328571.4285715,-1.6790751960348183,17.19,4.53,2.22,187.1,5.8,1.0,95.8,92.5368,10793.66015625,2.2925764192139875,2.516802061311294
2004-05-31,1120.6800537109375,1466320000.0,1.208345009735412,15.5,4.66,2.12,187.4,5.6,1.0,94.2,92.8957,10926.3603515625,2.8977583378895444,2.2662968509785064
2004-06-30,1140.8399658203125,1310928571.4285715,1.7988998771432563,14.34,4.62,1.92,188.2,5.6,1.0,90.2,93.5845,11138.91015625,3.1676679410158393,2.2702567776613156
2004-07-31,1101.719970703125,1394552380.952381,-3.4290519520026264,15.32,4.5,1.82,188.9,5.6,1.03,95.6,92.8651,10701.650390625,2.939575394665228,2.6506315079866005
2004-08-31,1104.239990234375,1208490909.090909,0.22873503233691306,15.29,4.13,1.72,189.1,5.5,1.26,96.7,93.5502,10719.150390625,2.5474254742547275,2.6426662066481468
2004-09-30,1114.5799560546875,1277612857.142857,0.9363875526838816,13.34,4.14,1.51,189.2,5.4,1.43,95.9,93.6301,10895.48046875,2.5391680172879516,2.567405397907323
2004-10-31,1130.199951171875,1528360000.0,1.4014243690939843,16.27,4.05,1.49,189.8,5.4,1.61,94.2,93.7353,11068.9501953125,3.1909140075716547,2.1495340412709654
2004-11-30,1173.8199462890625,1453364000.0,3.859493629597055,13.24,4.36,1.34,190.8,5.5,1.76,91.7,94.5695,11568.5400390625,3.621621621621607,2.343638753266188
2004-12-31,1211.9200439453125,1413750000.0,3.245821284320516,13.29,4.24,1.16,191.7,5.4,1.93,92.8,94.8015,11971.1396484375,3.3423180592991875,2.0926910019164886
2005-01-31,1181.27001953125,1574940000.0,-2.529046744229402,12.82,4.14,0.85,191.7,5.4,2.16,97.1,95.5415,11642.5703125,2.8448738593666034,2.2638818553755984
2005-02-28,1203.5999755859375,1541968947.368421,1.8903346132113308,12.08,4.36,0.77,191.6,5.3,2.28,95.5,95.8785,11863.48046875,3.0530262453133394,2.2943796912335426
2005-03-31,1180.5899658203125,1773370454.5454545,-1.911765556028966,14.02,4.5,0.7,192.4,5.4,2.5,94.1,96.5709,11638.26953125,3.2068412613575736,2.3183427540632855
2005-04-30,1156.8499755859375,2067822380.952381,-2.0108582083263493,15.31,4.21,0.55,193.1,5.2,2.63,92.6,96.4345,11363.51953125,3.3617929562433257,2.3474269823021383
2005-05-31,1191.5,1872475714.2857144,2.995204663120865,13.29,4.0,0.4,193.7,5.2,2.79,87.7,96.6347,11787.8095703125,2.869287991498415,2.458071707826818
2005-06-30,1191.3299560546875,1833365454.5454545,-0.014271417986777557,12.04,3.94,0.28,193.6,5.1,3.0,86.9,96.7251,11876.740234375,2.541026998411855,2.429185565911059
2005-07-31,1234.1800537109375,1873233500.0,3.596828690361842,11.57,4.28,0.26,193.7,5.0,3.04,96.0,97.1483,12360.8095703125,3.067160232681121,2.2666751300199777
2005-08-31,1220.3299560546875,1827395217.3913043,-1.122210459860007,12.6,4.02,0.18,194.9,5.0,3.26,96.5,96.8397,12217.1298828125,3.6469344608879517,2.3394372483768975
2005-09-30,1228.81005859375,2132262380.952381,0.694902431673361,11.92,4.34,0.16,196.1,4.9,3.5,89.1,97.1584,12289.259765625,4.741833508956805,2.3397725915039693
2005-10-31,1207.010009765625,2379890000.0,-1.7740779932313488,15.32,4.57,0.17,198.8,5.0,3.62,76.9,95.2764,12063.240234375,4.350104821802936,2.4477480291038987
2005-11-30,1249.47998046875,2166486500.0,3.5186096519093324,12.06,4.49,0.07,199.1,5.0,3.78,74.2,96.4411,12521.919921875,3.3385498174230532,2.407839221608874
2005-12-31,1248.2900390625,1988387142.857143,-0.09523493171964548,12.07,4.39,-0.02,198.1,5.0,4.0,81.6,97.5016,12517.6904296875,3.3385498174230532,2.255937816940294
2006-01-31,1280.0799560546875,2460582500.0,2.5466771341108085,12.95,4.53,-0.01,198.1,4.9,4.16,91.5,97.9723,12953.6298828125,4.018789144050117,2.1571199764338225
2006-02-28,1280.6600341796875,2255786315.7894735,0.04531577283561905,12.34,4.55,-0.14,199.3,4.7,4.29,91.2,98.127,12922.26953125,3.63825363825363,2.1295853262092135
2006-03-31,1294.8699951171875,2213262608.695652,1.1095810408889628,11.39,4.86,0.04,199.4,4.8,4.49,86.7,98.1687,13155.4404296875,3.4179181771103018,1.9873350371191028
2006-04-30,1310.6099853515625,2279391052.631579,1.215565291784415,11.59,5.07,0.2,199.7,4.7,4.59,88.9,98.3913,13280.9296875,3.613835828600931,1.7814114157184189
2006-05-31,1270.0899658203125,2468765000.0,-3.0916916538203165,16.44,5.12,0.08,200.7,4.7,4.79,87.4,98.6826,12841.6904296875,3.9772727272727293,2.029521634617338
2006-06-30,1270.199951171875,2494239090.909091,0.008659650459597046,13.08,5.15,-0.01,201.3,4.6,4.94,79.1,98.7074,12849.2900390625,4.1817243159525175,2.028950185549443
2006-07-31,1276.6600341796875,2317411000.0,0.5085878803453348,14.95,4.99,0.02,201.8,4.6,4.99,84.9,99.0398,12789.669921875,4.104669061056954,1.7897193455629667
2006-08-31,1303.8199462890625,2195026956.521739,2.127419311502643,12.31,4.74,-0.05,202.9,4.7,5.24,84.7,98.9751,13062.5400390625,3.926568077511483,1.8012608477802639
2006-09-30,1335.8499755859375,2450072000.0,2.4566297967782313,11.98,4.64,-0.07,203.8,4.7,5.25,82.0,99.4047,13345.9697265625,2.012072434607637,1.8825181450847364
2006-10-31,1377.93994140625,2612307142.857143,3.1508003585395628,11.1,4.61,-0.1,202.8,4.5,5.25,85.4,99.2246,13829.0703125,1.4063284781516971,1.8266283338276121
2006-11-30,1400.6300048828125,2635425238.095238,1.6466656343095964,10.91,4.46,-0.16,201.9,4.4,5.25,93.6,99.1229,14116.7099609375,1.9687026754164672,1.6774797632721732
2006-12-31,1418.300048828125,2378939000.0,1.2615782814670462,11.56,4.71,-0.11,202.0,4.5,5.25,92.1,99.0963,14257.5498046875,2.5239777889954462,1.6446247317423102
2007-01-31,1438.239990234375,2834310000.0,1.4059043023177953,10.42,4.83,-0.11,203.1,4.4,5.24,91.7,100.1125,14531.919921875,2.075765178123423,1.5841322155024418
2007-02-28,1406.8199462890625,2728683684.2105265,-2.1846175991944383,15.42,4.56,-0.09,203.437,4.6,5.25,96.9,99.7546,14271.6103515625,2.420260782347028,1.8181560728607051
2007-03-31,1420.8599853515625,3073738636.3636365,0.9979982939206433,14.64,4.65,0.07,204.226,4.5,5.26,91.3,100.7166,14409.26953125,2.798197295943927,1.8167206316929434
2007-04-30,1482.3699951171875,2851623500.0,4.3290690426759815,14.22,4.63,0.03,205.288,4.4,5.26,88.4,100.8952,14952.349609375,2.5929247633283525,2.0852097446672597
2007-05-31,1530.6199951171875,2952638636.3636365,3.2549228707361655,13.05,4.9,-0.02,205.904,4.5,5.25,87.1,101.5723,15462.16015625,2.709885742672613,1.7099324731762902
2007-06-30,1503.3499755859375,3110609523.8095236,-1.781632254788501,16.23,5.03,0.16,206.755,4.4,5.25,88.3,101.6269,15210.650390625,2.692765113974227,1.924200062395537
2007-07-31,1455.27001953125,3349401428.571429,-3.198187836198829,23.52,4.78,0.22,207.234,4.6,5.25,85.3,101.6547,14682.66015625,2.3178905864958077,2.3386543180971544
2007-08-31,1473.989990234375,3973120000.0,1.2863572018857905,23.38,4.54,0.39,207.603,4.7,5.26,90.4,101.4953,14847.7001953125,1.897448478900876,2.3183045961010786
2007-09-30,1526.75,3042615789.4736843,3.579400817860079,18.0,4.59,0.62,207.667,4.6,5.02,83.4,101.6943,15362.01953125,2.8338264299802685,2.401312870767779
2007-10-31,1549.3800048828125,3362815000.0,1.4822338223554832,18.53,4.48,0.54,208.547,4.7,4.94,83.4,101.9428,15673.3603515625,3.610698365527476,2.3216396517565543
2007-11-30,1481.1400146484375,4102721500.0,-4.404341737941575,22.87,3.97,0.93,209.19,4.7,4.76,80.9,101.6446,14932.669921875,4.373267326732666,2.781562615996545
2007-12-31,1468.3599853515625,3241083500.0,-0.8628508561297932,22.5,4.04,0.99,210.834,4.7,4.49,76.1,102.2167,14819.580078125,4.108813392417532,2.7964167675349105
2008-01-31,1378.550048828125,4689301904.761905,-6.116343227776988,26.2,3.67,1.5,211.445,5.0,4.24,75.5,102.2764,13896.650390625,4.294695655165981,3.325274394547752
2008-02-29,1330.6300048828125,3926806500.0,-3.476119273728817,26.54,3.53,1.88,212.174,5.0,3.94,78.4,102.1493,13455.9599609375,4.142959270611968,3.4115449342150703
2008-03-31,1322.699951171875,4659458500.0,-0.5959623397817415,25.61,3.45,1.83,212.687,4.9,2.98,70.8,101.7756,13332.009765625,3.9749035501344343,3.382686068189242
2008-04-30,1385.5899658203125,3908119545.4545455,4.75466976412291,20.79,3.77,1.48,213.448,5.1,2.61,69.5,101.4508,13991.1201171875,3.9037609759888126,3.4401437464200897
2008-05-31,1400.3800048828125,3856689523.8095236,1.067418170406853,17.83,4.06,1.4,213.942,5.0,2.28,62.6,100.7554,14260.759765625,4.088413823123993,3.276787287356162
2008-06-30,1280.0,4600668571.428572,-8.596238482631446,23.95,3.99,1.36,215.208,5.4,1.98,59.8,100.1336,13073.5400390625,4.935966105947864,3.995160202900051
2008-07-31,1267.3800048828125,5680935000.0,-0.9859371185302779,22.94,3.99,1.47,217.463,5.6,2.0,56.4,99.8728,12946.8896484375,5.497512078341837,3.948190546429812
2008-08-31,1282.8299560546875,4107905238.095238,1.2190464669121548,20.65,3.83,1.47,219.016,5.8,2.01,61.2,99.4194,13124.490234375,5.308017162091239,3.944581098898538
2008-09-30,1166.3599853515625,6667015238.095238,-9.079143354379216,39.39,3.85,1.85,218.69,6.1,2.0,63.0,97.8491,11875.41015625,4.953319875136075,4.265428294138021
2008-10-31,968.75,6934530000.0,-16.942452401777075,59.89,4.01,2.45,218.877,6.1,1.81,70.3,93.5576,9768.6396484375,3.7310578899565128,5.862833691182925
2008-11-30,896.239990234375,6147881666.666667,-7.484904233870971,55.84,2.93,1.93,216.995,6.5,0.97,57.6,94.4985,8945.2197265625,1.0999174706166848,5.964558865022836
2008-12-31,903.25,5131112272.727273,0.7821576633499472,40.0,2.25,1.49,213.153,6.8,0.39,55.3,93.2617,9087.169921875,-0.02222800255385904,6.059480431484635
2009-01-31,825.8800048828125,5604532000.0,-8.565734305805428,44.84,2.87,1.93,211.398,7.3,0.16,60.1,90.6266,8335.6396484375,-0.11358601902212717,6.185002623491362
2009-02-28,735.0900268554688,6552221578.947369,-10.993119762019942,46.35,3.02,2.02,211.933,7.8,0.15,61.2,88.3712,7473.97021484375,0.008463140671510772,6.500619587554248
2009-03-31,797.8699951171875,7356529090.909091,8.540446199532292,44.14,2.71,1.9,212.705,8.3,0.22,56.3,87.843,8113.14013671875,-0.4464787676623838,7.47636735233612
2009-04-30,872.8099975585938,6612158095.238095,9.392507914826332,36.5,3.16,2.25,212.495,8.7,0.18,57.3,86.4689,8962.6103515625,-0.5763244243767063,8.059171722485642
2009-05-31,919.1400146484375,6580747000.0,5.308144638516654,28.92,3.47,2.55,212.709,9.0,0.15,65.1,85.7903,9408.2900390625,-1.015761495855172,8.36348099532613
2009-06-30,919.3200073242188,5120597727.272727,0.019582726560996022,26.35,3.53,2.42,213.022,9.4,0.18,68.7,84.9436,9428.1201171875,-1.2291746182109153,8.218923758102648
2009-07-31,987.47998046875,4847081363.636364,7.414172714778422,25.92,3.52,2.39,214.79,9.5,0.21,70.8,84.6746,10158.3896484375,-1.9587610037622771,8.694205025245683
2009-08-31,1020.6199951171875,5526631904.761905,3.356018886854417,26.01,3.4,2.43,214.726,9.5,0.16,66.0,85.6853,10512.3095703125,-1.4838355663267633,8.780864211067456
2009-09-30,1057.0799560546875,5347404285.714286,3.5723345723119637,25.61,3.31,2.36,215.445,9.6,0.16,65.7,86.6393,10945.1103515625,-1.377942862886472,8.547292088886106
2009-10-31,1036.18994140625,5223836190.476191,-1.9762000526814205,30.69,3.41,2.51,215.861,9.8,0.15,73.5,87.3821,10655.4697265625,-0.22396829420033848,6.847572768140654
2009-11-30,1095.6300048828125,4247096315.7894735,5.736406145372763,24.51,3.21,2.54,216.509,10.0,0.12,70.6,87.5809,11207.2197265625,1.9145871744709275,6.448821355648065
2009-12-31,1115.0999755859375,4068878636.3636365,1.7770570919338313,21.68,3.85,2.71,217.234,9.9,0.12,67.4,87.9388,11548.41015625,2.8141231232083674,6.439781825142579
2010-01-31,1073.8699951171875,4786714736.842105,-3.6974245692262153,24.62,3.63,2.81,217.347,9.9,0.12,72.5,88.2404,11151.150390625,2.6211113889767157,5.841614254083068
2010-02-28,1104.489990234375,4450596842.105263,2.8513689046546054,19.5,3.61,2.8,217.488,9.8,0.11,74.4,89.1897,11512.259765625,2.151336357866529,4.056783105752654
2010-03-31,1169.4300537109375,4507980434.782609,5.8796425545497355,17.59,3.84,2.82,217.281,9.8,0.13,73.6,89.5046,12222.1904296875,2.2861714393279886,3.8237244511320845
2010-04-30,1186.68994140625,5559138571.428572,1.4759230482012997,22.05,3.69,2.72,217.353,9.9,0.16,73.6,90.1356,12477.2099609375,2.2067707525304403,3.328387742166901
2010-05-31,1089.4100341796875,6383139000.0,-8.197584207319053,32.07,3.31,2.55,217.403,9.9,0.2,72.2,90.4607,11466.1904296875,2.003548929218568,4.4423274297817965
2010-06-30,1030.7099609375,5004852272.727273,-5.388244223983851,34.54,2.97,2.36,217.29,9.6,0.2,73.6,91.7014,10823.2001953125,1.1215605940686268,4.862534603037657
2010-07-31,1101.5999755859375,4513243333.333333,6.8777849574635175,23.5,2.94,2.39,217.199,9.4,0.18,76.0,91.9033,11568.3701171875,1.3407784804821077,4.800958876617682
2010-08-31,1049.3299560546875,3897193181.818182,-4.744918363260475,26.05,2.47,2.0,217.605,9.4,0.18,67.8,92.2549,11001.080078125,1.1501775395112546,5.008051408806711
2010-09-30,1141.199951171875,3789973809.5238094,8.755110305113556,23.7,2.53,2.11,217.923,9.5,0.19,68.9,92.5936,12020.580078125,1.1183122472331775,5.50982279787527
2010-10-31,1183.260009765625,4351518500.0,3.685599403554063,21.2,2.63,2.29,218.275,9.5,0.19,68.2,92.8533,12489.0595703125,1.1666951489314625,5.494829072801417
2010-11-30,1180.550048828125,4160997500.0,-0.22902497465766558,23.54,2.81,2.36,219.035,9.4,0.19,67.7,92.6033,12541.0302734375,1.084544776600338,5.319171289528039
2010-12-31,1257.6400146484375,3681115000.0,6.530004034715509,17.75,3.3,2.69,219.59,9.8,0.19,71.6,92.6686,13360.080078125,1.437793022217937,5.573187408790659
2011-01-31,1286.1199951171875,4608247000.0,2.2645574359139164,19.53,3.42,2.84,220.472,9.3,0.18,74.5,93.5916,13617.33984375,1.7007834915029774,5.363589026169385
2011-02-28,1327.219970703125,3117034736.8421054,3.1956563728093412,18.35,3.42,2.73,221.187,9.1,0.17,74.2,93.3889,14072.099609375,2.124898173333145,5.371533816032351
2011-03-31,1325.8299560546875,3891636521.7391305,-0.10473129391664893,17.74,3.47,2.67,221.898,9.0,0.16,77.5,93.0045,14101.1904296875,2.619241510354109,5.221421399842233
2011-04-30,1363.6099853515625,3868240500.0,2.8495380666536008,14.75,3.32,2.71,223.046,9.0,0.14,67.5,93.9684,14495.2802734375,3.0772344447868694,5.243587728547329
2011-05-31,1345.199951171875,3890903809.5238094,-1.350095289522324,15.45,3.05,2.6,224.093,9.1,0.1,69.8,93.6571,14287.3095703125,3.4589718808964998,4.425958063922623
2011-06-30,1320.6400146484375,3914669545.4545455,-1.8257461652479323,16.52,3.18,2.73,224.806,9.0,0.09,74.3,93.7723,14023.0498046875,3.5023181506360412,3.993831697697917
2011-07-31,1292.280029296875,4055108500.0,-2.147442530666621,25.25,2.82,2.46,224.806,9.1,0.09,71.5,94.0493,13701.4697265625,3.5798809769996165,3.8723003880954656
2011-08-31,1218.8900146484375,4713876956.521739,-5.679110795232889,31.62,2.23,2.03,225.395,9.0,0.07,63.7,94.4958,12856.2001953125,3.75499603070808,4.014010671290558
2011-09-30,1131.4200439453125,4894610476.190476,-7.1761988080896515,42.96,1.92,1.67,226.106,9.0,0.1,55.8,95.0974,11842.080078125,3.812621692818685,3.968810840937612
2011-10-31,1253.300048828125,4680843500.0,10.772303843744147,29.96,2.17,1.92,226.597,9.0,0.08,59.5,95.0244,13191.0498046875,3.5222681306640524,4.968303767475278
2011-11-30,1246.9599609375,4045243500.0,-0.5058715107011391,27.8,2.08,1.83,226.75,8.8,0.07,60.8,95.6891,13101.1298828125,3.451432214581729,4.973101469446969
2011-12-31,1257.5999755859375,3559163333.3333335,0.8532763666636134,23.4,1.89,1.64,227.169,8.6,0.08,63.7,95.6778,13189.599609375,3.062066838419386,4.611310877793779
2012-01-31,1312.4100341796875,3978378000.0,4.358306270498535,19.44,1.83,1.61,227.223,8.5,0.07,69.9,96.1809,13839.0703125,3.0087663379855023,4.738693841596808
2012-02-29,1365.6800537109375,3919285500.0,4.058946376811723,18.43,1.98,1.68,227.842,8.3,0.08,75.0,96.7595,14400.330078125,2.8981784423473878,4.793385336393952
2012-03-31,1408.469970703125,3813620909.090909,3.133231453144192,15.5,2.23,1.9,228.329,8.3,0.1,75.3,97.0662,14805.349609375,2.5828752813320977,4.8566741541407
2012-04-30,1397.9100341796875,3738085500.0,-0.7497452372495994,17.15,1.95,1.68,228.807,8.2,0.13,76.2,96.5609,14689.5400390625,2.2731633741348567,4.816888928169737
2012-05-31,1310.3299560546875,3950931363.6363635,-6.2650725714543665,24.06,1.59,1.32,229.187,8.2,0.14,76.4,97.251,13740.240234375,1.7379429374660749,5.167266640287283
2012-06-30,1362.1600341796875,3884878095.2380953,3.955498222833631,17.08,1.67,1.34,228.713,8.2,0.16,79.3,97.4595,14258.26953125,1.653870448297634,5.260183429639998
2012-07-31,1379.3199462890625,3481133809.5238094,1.259757420478791,18.93,1.51,1.28,228.524,8.2,0.16,73.2,97.4768,14370.2099609375,1.4175114798464783,5.202762292880847
2012-08-31,1406.5799560546875,3055817826.0869565,1.9763369506085704,17.47,1.57,1.35,228.59,8.2,0.16,72.3,97.6714,14680.580078125,1.6859349154821235,4.808128187295181
2012-09-30,1440.6700439453125,3672856842.105263,2.4236153617775313,15.73,1.65,1.42,229.918,8.1,0.13,74.3,97.2734,15044.1396484375,1.9497168982819613,3.9991214721662267
2012-10-31,1412.1600341796875,3471180000.0,-1.9789409716293949,18.6,1.72,1.42,231.015,7.8,0.14,78.3,97.2217,14773.0595703125,2.1556780595369363,3.074116082522589
2012-11-30,1416.1800537109375,3446088500.0,0.28467166850427716,15.87,1.62,1.37,231.638,7.8,0.16,82.6,97.5311,14848.0400390625,1.7960197033926262,3.046243973088391
2012-12-31,1426.18994140625,3319409000.0,0.7068230956284616,18.02,1.78,1.53,231.249,7.7,0.16,82.7,97.9084,14995.0703125,1.7595049796895523,3.0476553731106963
2013-01-31,1498.1099853515625,3611833809.5238094,5.0428096466868855,14.28,2.02,1.75,231.221,7.9,0.16,72.9,98.1884,15824.2099609375,1.684061762098299,3.119798231078985
2013-02-28,1514.6800537109375,3645972631.5789475,1.1060648765041536,15.51,1.89,1.64,231.679,8.0,0.14,73.8,98.1736,15993.4501953125,2.0181404902574807,2.9833092643870325
2013-03-31,1569.18994140625,3426355500.0,3.5987723982872977,12.7,1.87,1.62,232.937,7.7,0.15,77.6,98.6434,16598.169921875,1.5187472411246183,3.017706683975605
2013-04-30,1597.5699462890625,3504454545.4545455,1.8085767779890016,13.52,1.7,1.48,232.282,7.5,0.14,78.6,99.047,16864.279296875,1.138808047576867,2.977056143004776
2013-05-31,1630.739990234375,3474875000.0,2.0762811683057825,16.3,2.16,1.86,231.797,7.6,0.15,76.4,98.9445,17212.259765625,1.3903888279197085,1.8439753017723959
2013-06-30,1606.280029296875,3747339500.0,-1.4999301595580827,16.86,2.52,2.16,231.893,7.5,0.11,84.5,99.0383,16992.08984375,1.7157935271568725,1.9485719360172364
2013-07-31,1685.72998046875,3095764545.4545455,4.946207991308538,13.45,2.6,2.29,232.445,7.5,0.09,84.1,99.2221,17890.390625,1.885471805415806,2.1988988116422754
2013-08-31,1632.969970703125,2945582272.7272725,-3.1298019479343964,17.01,2.78,2.39,232.9,7.3,0.09,85.1,98.8987,17352.080078125,1.538809488600279,2.5996906852697363
2013-09-30,1681.550048828125,3308720500.0,2.974952325919533,16.6,2.64,2.31,233.456,7.2,0.08,82.1,99.4897,17982.4296875,1.0947341081747997,2.6264333487873577
2013-10-31,1756.5400390625,3366673636.3636365,4.459575276194472,13.75,2.57,2.26,233.544,7.2,0.08,77.5,100.021,18711.919921875,0.8767991434911471,2.54586144025838
2013-11-30,1805.81005859375,3215480526.3157897,2.8049471367328715,13.7,2.75,2.47,233.669,7.2,0.09,73.2,99.9037,19201.9609375,1.2328701961954458,2.5073412467538834
2013-12-31,1848.3599853515625,3093277142.857143,2.3562791975445974,13.72,3.04,2.66,234.1,6.9,0.08,75.1,100.1582,19706.029296875,1.5128383667573297,2.4704829093239806
2014-01-31,1782.5899658203125,3612948095.2380953,-3.5582905955811595,18.41,2.67,2.33,234.719,6.7,0.09,82.5,100.374,19105.240234375,1.557758795574915,2.8002444195093155
2014-02-28,1859.449951171875,3669767894.736842,4.31170301781616,14.0,2.66,2.33,235.288,6.6,0.07,81.2,99.9899,19946.83984375,1.1204746347724948,2.9104719623803534
2014-03-31,1872.3399658203125,3423096666.6666665,0.6932165418227054,13.88,2.73,2.29,235.547,6.7,0.07,81.6,100.7471,19996.009765625,1.6126949139408042,2.8643088136944588
2014-04-30,1883.949951171875,3409324285.714286,0.6200789153414155,13.41,2.67,2.25,236.028,6.7,0.08,80.0,101.7435,19959.83984375,2.015125303606169,2.873966562209774
2014-05-31,1923.5699462890625,3029696666.6666665,2.103028007328045,11.4,2.48,2.11,236.468,6.2,0.09,84.1,101.8273,20348.349609375,2.166947687079812,2.874531054809959
2014-06-30,1960.22998046875,3013494285.714286,1.9058331749470137,11.57,2.53,2.06,236.918,6.3,0.09,81.9,102.2392,20862.740234375,2.0589816945944195,2.7238314509389356
2014-07-31,1930.6700439453125,3023849545.4545455,-1.5079830845342368,16.95,2.58,2.05,237.231,6.1,0.1,82.5,102.5774,20410.810546875,1.9742378703305974,2.6626731745865175
2014-08-31,2003.3699951171875,2768149523.8095236,3.7655295579825276,11.98,2.35,1.87,237.498,6.2,0.09,81.8,102.7954,21233.830078125,1.7150983482969062,2.3794935087442686
2014-09-30,1972.2900390625,3176476190.4761906,-1.5513837249453988,16.31,2.52,1.94,237.46,6.1,0.09,82.5,102.6322,20760.4609375,1.6840509711232077,2.5211746773098986
2014-10-31,2018.050048828125,4061884545.4545455,2.3201460667203078,14.03,2.35,1.85,237.477,5.9,0.09,84.6,102.9417,21256.740234375,1.6095417021513292,2.352601116659658
2014-11-30,2067.56005859375,3368992777.7777777,2.453358864631494,13.33,2.18,1.71,237.43,5.7,0.09,86.9,102.9611,21731.1796875,1.231524989320798,2.3327467670038455
2014-12-31,2058.89990234375,3670173636.3636365,-0.4188587515997044,19.2,2.17,1.5,236.983,5.8,0.09,88.8,103.5978,21669.859375,0.6531213919623191,2.3408387518027456
2015-01-31,1994.989990234375,3866502000.0,-3.1040805838410623,20.97,1.68,1.21,236.252,5.6,0.12,93.6,103.6151,21060.439453125,-0.22993097820542818,2.2641160499806237
2015-02-28,2104.5,3619766315.7894735,5.48925108906233,13.34,2.0,1.37,234.747,5.7,0.11,98.1,102.7923,22212.33984375,-0.08703146293520536,2.4409244446831355
2015-03-31,2067.889892578125,3485265909.090909,-1.7396107114219572,15.29,1.94,1.38,235.342,5.5,0.11,95.4,102.1366,21947.91015625,-0.022031284423873476,2.572031752763888
2015-04-30,2085.510009765625,3431473333.3333335,0.8520819822535275,14.55,2.05,1.47,235.976,5.4,0.11,93.0,101.7869,22034.2890625,-0.10403098939391064,2.570925618188727
2015-05-31,2107.389892578125,3259386500.0,1.0491382304589791,13.84,2.12,1.51,236.222,5.4,0.12,95.9,101.2255,22259.69921875,0.03503321824429584,2.543222391515215
2015-06-30,2063.110107421875,3327908181.818182,-2.1011671979729973,18.23,2.35,1.71,237.001,5.6,0.12,90.7,100.7675,21841.75,0.1795718097550525,2.6448210391546096
2015-07-31,2103.840087890625,3541845000.0,1.9742029435184882,12.12,2.2,1.53,237.657,5.3,0.13,96.1,100.4588,22180.080078125,0.22568611104094582,2.600054663745125
2015-08-31,1972.1800537109375,4029847142.857143,-6.258081825586559,28.43,2.21,1.47,238.034,5.2,0.13,93.1,101.0893,20802.9609375,0.2413037985344868,3.1041197723359693
2015-09-30,1920.030029296875,3809017619.047619,-2.6442831280001466,24.5,2.06,1.42,238.033,5.1,0.14,91.9,100.9165,20119.279296875,0.008842961634170088,3.166422348862509
2015-10-31,2079.360107421875,3950078571.428571,8.298311781266655,15.07,2.16,1.41,237.498,5.0,0.14,87.2,100.633,21648.509765625,0.12761656067050708,3.964723882306233
2015-11-30,2080.409912109375,3802693684.2105265,0.050486911033487125,16.13,2.21,1.27,237.733,5.0,0.12,90.0,100.1563,21658.55078125,0.4363182169185187,3.907495918368145
2015-12-31,2043.93994140625,3802239090.909091,-1.7530185032692547,18.21,2.27,1.21,238.017,5.1,0.12,91.3,99.4366,21167.859375,0.6387247515364791,3.9430595986433636
2016-01-31,1940.239990234375,4863672105.263158,-5.07353220469523,20.2,1.94,1.18,237.761,5.0,0.24,92.6,98.9471,19926.099609375,1.2375025026943876,4.121388342818183
2016-02-29,1932.22998046875,4652478000.0,-0.41283603090035426,20.55,1.74,0.96,237.652,4.8,0.34,92.0,99.4391,19864.01953125,0.8472775790126619,3.719164145083753
2016-03-31,2059.739990234375,4210882727.2727275,6.599111444005845,13.95,1.78,1.05,237.336,4.9,0.38,91.7,98.9232,21224.3203125,0.8916160965521946,4.239038262157323
2016-04-30,2065.300048828125,3863094761.904762,0.26993982833325436,15.7,1.83,1.06,238.08,5.0,0.36,91.0,98.1635,21377.58984375,1.1726257503534843,4.232330072114429
2016-05-31,2096.949951171875,3756361904.7619047,1.5324602525288444,14.19,1.84,0.97,238.992,5.1,0.37,89.0,98.4775,21701.470703125,1.0784764621246223,4.245502562893275
2016-06-30,2098.860107421875,3947850000.0,0.09109212401243738,15.63,1.49,0.91,239.557,4.8,0.37,94.7,98.2549,21711.380859375,1.0792865347959424,4.191811747328475
2016-07-31,2173.60009765625,3476512500.0,3.5609800753315435,11.87,1.46,0.79,240.222,4.9,0.38,93.5,98.7315,22547.919921875,0.8683633430518256,4.27625885823528
2016-08-31,2170.949951171875,3287404782.6086955,-0.12192428990193127,13.42,1.58,0.78,240.101,4.8,0.39,90.0,98.8452,22561.220703125,1.0553158595656864,3.7478059777623116
2016-09-30,2168.27001953125,3667791428.571429,-0.12344511393173052,13.29,1.6,0.83,240.545,4.9,0.4,89.8,98.7427,22576.669921875,1.5486446201652182,3.6009076677582965
2016-10-31,2126.14990234375,3501678000.0,-1.942567890903446,17.06,1.84,0.98,241.176,5.0,0.4,91.2,98.6552,22072.490234375,1.685924966243646,2.8738923445542275
2016-11-30,2198.81005859375,4172569500.0,3.4174521829295035,13.33,2.37,1.26,241.741,4.9,0.4,87.2,98.7237,22991.0703125,1.6843334719788938,3.0163413978663542
2016-12-31,2238.830078125,3587835714.285714,1.8200762441865859,14.04,2.45,1.25,242.026,4.7,0.41,93.8,98.3443,23425.859375,2.0507989115119862,2.9489293950036477
2017-01-31,2278.8701171875,3528821000.0,1.7884358198382522,11.99,2.45,1.26,242.637,4.7,0.54,98.2,99.0406,23847.2109375,2.5103933482571117,2.300070163108493
2017-02-28,2363.639892578125,3645312631.5789475,3.719816006681631,12.92,2.36,1.14,243.618,4.7,0.65,98.5,98.8158,24609.7890625,2.8103616813294208,2.317654375257826
2017-03-31,2362.719970703125,3550609130.4347825,-0.03891971352694146,12.37,2.4,1.13,244.006,4.6,0.66,96.3,98.4356,24624.720703125,2.44119623655914,1.7753679092449677
2017-04-30,2384.199951171875,3440518947.368421,0.9091208748854607,10.82,2.29,1.01,243.892,4.4,0.79,96.9,99.0492,24878.48046875,2.176223471915395,1.7555688615046863
2017-05-31,2411.800048828125,3623611818.181818,1.1576251246328662,10.41,2.21,0.93,244.193,4.4,0.9,97.0,100.0416,25041.33984375,1.8563431667619756,1.7527920547608205
2017-06-30,2423.409912109375,3685400454.5454545,0.4813775207812565,11.18,2.31,0.93,244.004,4.4,0.91,97.1,100.128,25230.41015625,1.640565809959127,1.7341406678899793
2017-07-31,2470.300048828125,3167404500.0,1.9348826001101882,10.26,2.3,0.96,244.163,4.3,1.04,95.0,100.337,25685.189453125,1.7251073506566073,1.5922242161086442
2017-08-31,2471.64990234375,3077604347.826087,0.0546433019853243,10.59,2.12,0.79,244.243,4.3,1.15,93.4,100.0865,25657.9609375,1.92812155729698,1.5808472973645158
2017-09-30,2519.360107421875,3331206000.0,1.9302978562167672,9.51,2.33,0.86,245.183,4.4,1.16,96.8,99.6323,26233.33984375,2.1805652303711787,1.5473822021465073
2017-10-31,2575.260009765625,3266743333.3333335,2.218813506615125,10.18,2.38,0.78,246.435,4.3,1.15,95.1,99.7482,26760.189453125,2.020757753132485,1.1862949937218648
2017-11-30,2647.580078125,3496045714.285714,2.8082627806563343,11.28,2.42,0.64,246.626,4.2,1.15,100.7,100.9893,27493.380859375,2.172493864295566,1.1129711726465235
2017-12-31,2673.610107421875,3276585000.0,0.9831630594270502,11.04,2.4,0.51,247.284,4.2,1.16,98.5,101.2493,27794.169921875,2.129930719552253,1.1217467315376635
2018-01-31,2823.81005859375,3681842380.952381,5.617870412552817,13.54,2.72,0.58,247.805,4.1,1.3,95.9,101.4871,29237.48046875,2.151318868063945,1.6383634487109857
2018-02-28,2713.830078125,4207051052.631579,-3.89473718793677,19.85,2.87,0.62,248.859,4.0,1.41,95.7,101.4852,28117.01953125,2.263468931091861,2.208736905470884
2018-03-31,2640.8701171875,3657328095.2380953,-2.688449860055664,19.97,2.74,0.47,249.529,4.1,1.42,99.7,101.7319,27410.720703125,2.3309497646499366,2.4598393144933355
2018-04-30,2648.050048828125,3342604761.904762,0.27187749953683227,15.93,2.95,0.46,249.577,4.0,1.51,101.4,102.1943,27520.94921875,2.4709963021052994,2.467888878620933
2018-05-31,2705.27001953125,3455082727.2727275,2.16083418545836,15.43,2.83,0.43,250.227,4.0,1.69,98.8,103.3551,28218.4609375,2.781921607842497,2.4940301250035333
2018-06-30,2718.3701171875,3709112380.952381,0.48424362676078303,16.09,2.85,0.33,250.792,3.8,1.7,98.0,102.381,28394.130859375,2.8075506935940187,2.4939771352566877
2018-07-31,2816.2900390625,3090395238.095238,3.602155617289915,12.83,2.96,0.29,251.018,4.0,1.82,98.2,103.2256,29295.75,2.854124785561929,2.5957582964964265
2018-08-31,2901.52001953125,3022742173.9130435,3.0263211276748248,12.86,2.86,0.24,251.214,3.8,1.91,97.9,103.3561,30274.529296875,2.6429238568742575,2.625517595081768
2018-09-30,2913.97998046875,3317447894.736842,0.42942874264617625,12.12,3.05,0.24,251.663,3.8,1.91,96.2,104.0585,30259.8203125,2.332055105808828,2.632488749226195
2018-10-31,2711.739990234375,4024961818.181818,-6.94033560936963,21.23,3.15,0.28,252.182,3.7,1.95,100.1,104.1038,27980.900390625,2.492032470218053,3.5085911519838806
2018-11-30,2760.169921875,3845922500.0,1.7859356654779779,18.07,3.01,0.21,252.772,3.8,2.19,98.6,103.9297,28448.869140625,2.147328577667773,3.459204346163457
2018-12-31,2506.85009765625,4429588421.052631,-9.177689467997252,25.42,2.69,0.21,252.594,3.8,2.2,97.5,104.0126,25749.720703125,2.0023809043401064,4.415678611641622
2019-01-31,2704.10009765625,3850470000.0,7.868440166582613,16.57,2.63,0.18,252.767,3.9,2.27,98.3,104.0451,27992.41015625,1.4875893578291333,4.732927668848126
2019-02-28,2784.489990234375,3717830000.0,2.9728889343927145,14.78,2.73,0.21,252.561,4.0,2.4,91.2,103.3598,28903.30078125,1.5188615351321877,4.667699233731675
2019-03-31,2834.39990234375,3769507619.047619,1.7924256249588488,13.71,2.41,0.14,253.319,3.8,2.4,93.8,102.8251,29266.91015625,1.8831863513063984,4.58395202397272
2019-04-30,2945.830078125,3337636666.6666665,3.9313498313737982,13.12,2.51,0.24,254.277,3.8,2.41,98.4,102.8361,30410.01953125,2.000583470209061,4.674460986550002
2019-05-31,2752.06005859375,3511397272.7272725,-6.57777313668354,18.71,2.14,0.19,255.233,3.7,2.42,97.2,102.2748,28369.390625,1.7959105553606136,5.1343294814423945
2019-06-30,2941.760009765625,3562531500.0,6.89301639982407,15.08,2.0,0.25,255.296,3.6,2.39,100.0,102.4176,30268.05078125,1.671194894390049,5.480676731288688
2019-07-31,2980.3798828125,3209066818.181818,1.3128152166957952,16.12,2.02,0.13,255.213,3.6,2.38,98.2,102.5425,30684.8203125,1.826331335037068,5.413724061530628
2019-08-31,2926.4599609375,3648600909.090909,-1.8091627240523933,18.98,1.5,0.0,255.802,3.7,2.4,98.4,102.0057,29925.349609375,1.7376412106666406,5.397433555578639
2019-09-30,2976.739990234375,3708949000.0,1.7181177931020697,16.24,1.68,0.05,256.036,3.6,2.13,89.8,102.7814,30351.919921875,1.6844977040391562,5.4150577886706275
2019-10-31,3037.56005859375,3416425909.090909,2.0431770513684056,13.22,1.69,0.17,256.43,3.5,2.04,93.2,102.4601,30945.630859375,1.7339736996186295,4.919235883309566
2019-11-30,3140.97998046875,3651026315.7894735,3.4047037714499906,12.62,1.78,0.17,257.155,3.6,1.83,95.5,101.5878,32025.859375,2.092290394862917,4.962870639450446
2019-12-31,3230.780029296875,3444073333.3333335,2.858981890573009,13.78,1.92,0.34,257.879,3.6,1.55,96.8,102.1494,32886.73828125,2.3195274699624457,3.7412784953677343
2020-01-31,3225.52001953125,3680380000.0,-0.16280928190489652,18.84,1.51,0.18,258.63,3.6,1.55,99.3,101.9421,32838.19140625,2.599767976845202,3.331085093722805
2020-02-29,2954.219970703125,4444031052.631579,-8.411048363840312,40.11,1.13,0.27,259.127,3.6,1.55,99.8,101.3372,30125.0703125,2.3413166797595197,4.348814475669176
2020-03-31,2584.590087890625,7372062727.272727,-12.511928240892821,53.54,0.7,0.47,259.25,3.5,1.58,101.0,101.6718,25899.9296875,1.4940399642909163,5.728652271984911
2020-04-30,2912.429931640625,5886102857.142858,12.68440381652789,34.15,0.64,0.44,258.076,4.4,0.65,89.1,97.606,29365.490234375,0.3130472940411133,6.813828888370845
2020-05-31,3044.31005859375,5356759500.0,4.528181966555822,27.51,0.65,0.49,256.032,14.8,0.05,71.8,84.6812,30927.0390625,0.1982013035848551,6.571285137574993
2020-06-30,3100.2900390625,5975403636.363636,1.838839651392421,30.43,0.66,0.5,255.802,13.2,0.05,72.3,86.0108,31630.509765625,0.7166562831830481,6.319586793792178
2020-07-31,3271.1201171875,4405824090.909091,5.510132148044367,24.46,0.55,0.44,257.042,11.0,0.08,78.1,91.6745,33393.390625,0.9968647625897997,6.475381773389629
2020-08-31,3500.31005859375,3926977142.857143,7.006466690171775,26.41,0.72,0.58,258.352,10.2,0.09,72.5,95.0037,35807.66015625,1.2810698495523853,6.629132461360488
2020-09-30,3363.0,4395751428.571428,-3.9227970178423055,26.37,0.69,0.56,259.316,8.4,0.1,74.1,95.9294,34480.26953125,1.3910228912373812,6.825513828522006
2020-10-31,3269.9599609375,4119200952.3809524,-2.766578622137972,38.02,0.88,0.74,259.997,7.8,0.09,80.4,95.8914,33724.80859375,1.2303863428671624,6.9146275562810064
2020-11-30,3621.6298828125,5084822105.263158,10.75456354438591,20.57,0.84,0.68,260.319,6.9,0.09,81.8,96.5256,37839.6484375,1.1757452138405844,7.466170406523792
2020-12-31,3756.070068359375,4380712727.272727,3.712145909357001,22.75,0.93,0.8,260.911,6.7,0.09,76.9,96.9529,39456.66015625,1.3204191315779434,7.484840506411083
2021-01-31,3714.239990234375,5585147368.421053,-1.1136660755445171,33.09,1.11,1.0,262.045,6.7,0.09,80.7,98.2039,39396.171875,1.3553199782346148,7.509287092792426
2021-02-28,3811.14990234375,5214858947.368421,2.6091451377448394,27.95,1.44,1.3,262.639,6.4,0.09,79.0,98.8135,40508.6796875,1.667502410800381,6.838619845197166
2021-03-31,3972.889892578125,5320484782.608696,4.2438632533165155,19.4,1.74,1.58,263.573,6.2,0.08,76.8,95.5072,41741.87109375,2.623645747764214,4.98531815400677
2021-04-30,4181.169921875,3958290000.0,5.242532134755851,18.61,1.65,1.49,264.847,6.1,0.07,84.9,98.1929,43870.08984375,4.137373453318349,4.170037959528589
2021-05-31,4204.10986328125,4416093000.0,0.548648867060697,16.76,1.58,1.44,266.625,6.1,0.07,88.3,98.3317,43966.359375,4.9264665639830785,4.20740749639253
2021-06-30,4297.5,4661099090.909091,2.2214009565834747,15.83,1.45,1.2,268.404,5.8,0.06,82.9,99.1867,45113.859375,5.317418943207719,4.20086324512262
2021-07-31,4395.259765625,4012172380.952381,2.274805482838871,18.24,1.24,1.05,270.71,5.9,0.08,85.5,99.6483,45708.0,5.269167647240969,4.116694639625006
2021-08-31,4522.68017578125,3659125454.5454545,2.8990416255438634,16.48,1.3,1.1,271.965,5.4,0.1,81.2,100.0668,46979.62890625,5.181323173271246,3.8778961982370768
2021-09-30,4307.5400390625,4072802857.142857,-4.75691688019011,23.14,1.52,1.24,272.752,5.1,0.09,70.3,100.0412,44850.03125,5.363523425270289,4.003556093579714
2021-10-31,4605.3798828125,3848581500.0,6.914383640060651,16.26,1.55,1.07,273.942,4.7,0.08,72.8,98.9955,47795.08984375,6.226591220771449,3.8954319190864544
2021-11-30,4567.0,4217098500.0,-0.8333706184746159,27.19,1.43,0.91,276.528,4.5,0.08,71.7,100.3542,46936.078125,6.865559520296194,3.153937629544823
2021-12-31,4766.18017578125,4215917272.7272725,4.361291346206486,17.22,1.52,0.79,278.824,4.2,0.08,67.4,101.2684,48461.16015625,7.159457345112474,3.1913775235065778
2022-01-31,4515.5498046875,4778144500.0,-5.258516502739385,24.83,1.79,0.61,280.806,3.9,0.08,70.6,101.1948,45416.46875,7.578082463000535,3.741845507136221
2022-02-28,4373.93994140625,4877247894.736842,-3.1360491945908286,30.15,1.83,0.39,282.542,4.0,0.08,67.2,101.2146,44259.2109375,7.949220898953979,3.975941287958541
2022-03-31,4530.41015625,5371576521.73913,3.5773288371546252,20.56,2.32,0.04,284.525,3.8,0.08,62.8,101.8458,45606.671875,8.540780148538584,3.9343988705332866
2022-04-30,4131.93017578125,4518392000.0,-8.795671180434306,33.4,2.89,0.19,287.467,3.7,0.2,59.4,102.6732,41343.96875,8.235161744022502,4.637936839282941
2022-05-31,4132.14990234375,5183828095.238095,0.005317770464463578,26.19,2.85,0.32,288.582,3.7,0.33,65.2,102.9024,41084.8984375,8.530051713089225,4.6347593280550825
2022-06-30,3785.3798828125,5053176666.666667,-8.391999993382681,28.71,2.98,0.06,291.299,3.6,0.77,58.4,102.9659,37564.23046875,8.999298141923106,5.147486786633279
2022-07-31,4130.2900390625,4084416000.0,9.111639173021002,21.33,2.67,-0.22,295.072,3.6,1.21,50.0,102.8224,41119.578125,8.447778206754553,5.862895546554755
2022-08-31,3955.0,4010971739.130435,-4.244012827299837,25.87,3.15,-0.3,294.94,3.5,1.68,51.5,103.0505,39560.859375,8.216255059541266,5.864693056159886
2022-09-30,3585.6201171875,4487667619.047619,-9.339567201327437,31.62,3.83,-0.39,295.162,3.6,2.33,58.2,103.1703,35836.921875,8.205751582451759,6.27004032068345
2022-10-31,3871.97998046875,4599472000.0,7.98634138370089,25.88,4.1,-0.41,296.421,3.5,2.56,58.6,103.5326,38702.5,7.757261470809462,6.404461706624381
2022-11-30,4080.110107421875,4353930000.0,5.375289335249311,20.58,3.68,-0.7,297.979,3.6,3.08,59.9,103.4442,40552.421875,7.131380368978291,6.685484960765405
2022-12-31,3839.5,4059491904.7619047,-5.897147407473047,21.67,3.88,-0.53,298.708,3.6,3.78,56.7,103.1058,38073.94140625,6.410831677385809,6.631061964909699
2023-01-31,4076.60009765625,4038190500.0,6.17528578346791,19.4,3.52,-0.69,298.808,3.5,4.1,59.8,101.8266,40724.9609375,6.340296309929161,6.872138219969216
2023-02-28,3970.14990234375,4231172631.5789475,-2.611249393181858,20.7,3.92,-0.89,300.456,3.5,4.33,64.9,102.7476,39704.37890625,5.957648712766894,6.856399762633583
2023-03-31,4109.31005859375,4917165217.391304,3.505161257710898,18.7,3.48,-0.58,301.476,3.6,4.57,66.9,102.8003,40708.41015625,4.931348641757127,6.85244519307133
2023-04-30,4169.47998046875,3729540000.0,1.4642341662481018,15.78,3.44,-0.6,301.643,3.5,4.65,62.0,102.8143,41064.05078125,4.946947488062325,6.358245933150897
2023-05-31,4179.830078125,3872274545.4545455,0.2482347368192972,17.94,3.64,-0.76,302.858,3.4,4.83,63.7,103.2241,42053.1796875,4.125314539356473,6.3577424648681395
2023-06-30,4450.3798828125,4189673333.3333335,6.472746490423464,13.59,3.81,-1.06,303.316,3.6,5.06,59.0,102.9809,44883.609375,3.0592533347792994,5.9490862124379715
2023-07-31,4588.9599609375,3753160000.0,3.113893235501086,13.63,3.97,-0.91,304.099,3.6,5.08,64.2,102.3809,46450.21875,3.28032820234625,5.4873790003595975
2023-08-31,4507.66015625,3775687826.0869565,-1.7716390070854016,13.57,4.09,-0.76,304.615,3.5,5.12,71.5,103.0722,45468.4296875,3.7186358677607556,5.315456429485553
2023-09-30,4288.0498046875,3674149000.0,-4.871936746562488,17.52,4.59,-0.44,306.138,3.7,5.33,69.4,103.0951,43249.30078125,3.6950823322234427,4.618913920752536
2023-10-31,4193.7998046875,3825944285.714286,-2.197968873798295,18.14,4.88,-0.19,307.374,3.8,5.33,67.8,103.3081,42059.94921875,3.2465375076767167,4.260341204330801
2023-11-30,4567.7998046875,3855741428.571429,8.917926878197013,12.92,4.37,-0.36,307.653,3.9,5.33,63.8,102.5781,45900.8984375,3.139855644977696,4.709068186219072
2023-12-31,4769.830078125,4076533500.0,4.422923115636013,12.45,3.88,-0.35,308.087,3.7,5.33,61.3,102.8868,48295.37890625,3.322200208829762,4.24539554682987
2024-01-31,4845.64990234375,3892280000.0,1.5895707598991615,14.35,3.99,-0.28,308.735,3.8,5.33,69.7,102.6309,48769.87109375,3.1079425939238847,4.026895834946558
2024-02-29,5096.27001953125,4103346500.0,5.172064062372317,13.4,4.25,-0.39,309.794,3.7,5.33,79.0,101.483,51321.23046875,3.16642120765831,3.9259331410107277
2024-03-31,5254.35009765625,4314975500.0,3.1018779915342964,13.01,4.2,-0.39,311.022,3.9,5.33,76.9,102.7267,52915.8203125,3.4690014354717524,3.915195846284774
2024-04-30,5035.68994140625,3715780454.5454545,-4.161507173789869,15.65,4.69,-0.35,312.107,3.9,5.33,79.4,102.5186,50572.37890625,3.3540471111874304,4.319241486546438
2024-05-31,5277.509765625,3947714545.4545455,4.80211901511991,12.92,4.51,-0.38,313.016,3.9,5.33,77.2,102.3568,52875.51953125,3.238866396761142,4.382587553016762
2024-06-30,5460.47998046875,4001348421.0526314,3.466980128308328,12.44,4.36,-0.35,313.14,4.0,5.33,69.1,102.9797,54470.66015625,2.9700853998204435,4.188372387304499
2024-07-31,5522.2998046875,3643654090.909091,1.1321316887868749,16.36,4.09,-0.2,313.131,4.1,5.33,68.2,103.2534,55429.83984375,2.9384633061405374,4.1708333850974695
2024-08-31,5648.39990234375,3686240909.090909,2.2834706936630367,15.0,3.91,0.0,313.566,4.2,5.33,66.4,102.5192,56554.44140625,2.6109140322338353,4.031818450632435
2024-09-30,5762.47998046875,3978241500.0,2.0196884090601275,16.73,3.81,0.15,314.131,4.2,5.33,67.9,103.0196,57636.94140625,2.432541464144644,3.4115230042736484
2024-10-31,5705.4501953125,3609417272.7272725,-0.9896743303151712,23.16,4.28,0.12,314.851,4.1,5.13,70.3,102.5954,57178.6796875,2.5714034967967203,3.2738359121127982
2024-11-30,6032.3798828125,4198367368.4210525,5.7301295482098835,13.51,4.18,0.05,315.564,4.1,4.83,70.5,102.2138,60880.73828125,2.7141684004842848,2.8160082648319964
2024-12-31,5881.6298828125,4098328571.428571,-2.499013704848363,17.35,4.58,0.33,316.449,4.2,4.64,71.8,101.9503,58970.01953125,2.872366268806581,3.0582032185175234
2025-01-31,6040.52978515625,4431969000.0,2.70163042404441,16.43,4.58,0.36,317.603,4.1,4.48,74.0,103.0447,60775.19921875,2.999412512831112,3.067948833069821
2025-02-28,5954.5,4858789473.684211,-1.4242092699825126,19.63,4.24,0.25,319.086,4.0,4.33,71.7,102.8805,59524.46875,2.8142703731568686,3.0182683780463546
2025-03-31,5611.85009765625,5304155714.285714,-5.754469768137538,22.28,4.23,0.34,319.775,4.1,4.33,64.7,103.8705,55933.390625,2.4055852640280317,3.5805517980802333
2025-04-30,5569.06005859375,5663637142.857142,-0.7624943346289825,24.7,4.17,0.57,319.615,4.2,4.33,57.0,103.5408,55521.828125,2.3337465177498906,3.291652766641491
2025-05-31,5911.68994140625,5016488571.428572,6.152382614078289,18.57,4.41,0.52,320.321,4.2,4.33,52.2,103.6224,58996.7890625,2.3759340869898393,3.456415675012381
2025-06-30,6204.9501953125,5322815000.0,4.960683946771582,16.73,4.24,0.52,320.58,4.2,4.33,52.2,103.657,61940.58984375,2.6726833178446263,3.5779110326986734
2025-07-31,6339.39013671875,5182040454.545455,2.16665625306407,16.72,4.37,0.43,321.5,4.1,4.33,60.7,104.2115,63290.8984375,2.7318012794754543,3.590430031296275
2025-08-31,6460.259765625,4731049047.619047,1.9066444295036122,15.36,4.23,0.64,322.132,4.2,4.33,61.7,103.8194,64683.390625,2.9392196249335534,3.581877051913971
2025-09-30,6688.4599609375,5432124285.714286,3.5323687218701494,16.28,4.16,0.56,323.364,4.3,4.33,58.2,103.9203,66847.84375,2.7038186316702184,3.6401056923626847
2025-10-31,6740.27978515625,5101963000.0,0.7747646621403481,16.65,4.13,0.58,323.364,4.3,4.22,58.2,103.9203,67182.828125,2.4717648400958137,3.5737987826895763
