Date,SP500_Returns,VIX,Inflation_YoY,Unemployment,Fed_Rate,Consumer_Sentiment,Industrial_Production,CPI,cumret_5,cumret_10,cumret_20,cumret_30
2008-01-04,-4.522180453921343,23.025,4.39514129895886,5.0,4.49,75.5,113.9019,210.565,-5.691290603232968,-8.748042320383142,-2.5289878401839827,-10.719518979169361
2008-01-11,-0.7516123428138122,24.094,4.39514129895886,5.0,4.24,75.5,113.9019,210.565,-3.6423483308931304,-5.104139039322986,-0.04568204875842197,-7.47313184555477
2008-01-18,-5.412490690202343,25.252,4.690133862171542,5.0,4.24,75.5,113.9673,211.16,2.106871103751695,-0.7523427692595619,2.67811512869065,-2.0366884316775136
2008-01-25,0.4090012892461914,29.2225,4.122287968441807,5.0,4.24,75.5,113.9673,211.16,0.0015045378788602903,2.990360774422296,2.21101932716512,-2.8866485749045268
2008-02-01,4.870702858631137,26.588,4.122287968441807,4.9,4.24,78.4,113.9673,211.16,-7.313213628463866,-4.485394069133619,-5.553165913776381,-8.068544548944212
2008-02-08,-4.595749155322137,27.774,4.122287968441807,4.9,3.94,78.4,113.9673,211.16,-3.2412189040675776,4.434789960102448,-3.9743431278841834,-6.683741172690638
2008-02-15,1.4046489212105495,25.874,4.378698224852062,4.9,3.94,78.4,114.2334,211.68,-1.5170468386357605,3.5444689169606747,-6.451156412292535,-7.2807976187612695
2008-02-22,0.2311124630372862,24.7925,4.790927021696234,4.9,3.94,78.4,114.2334,212.516,-2.800216912048925,4.492616248538428,-8.396951936443454,-7.244793871756494
2008-02-29,-1.661356483368892,23.538,4.608841611987025,4.9,3.94,70.8,114.2334,212.516,2.9888112687457946,4.332536031993395,-5.256904692904085,-8.819881178156486
2008-03-07,-2.800178083231064,26.288,4.608841611987025,4.8,2.98,70.8,114.2334,212.516,3.050941423295095,10.20434840509752,-2.7532713365857497,-15.01040037896092
2008-03-14,-0.404368470622829,28.282,4.635914803128682,4.8,2.98,70.8,114.2334,212.571,7.9331392740050966,6.815255955421917,-2.1604760148905444,-30.19237346271376
2008-03-21,3.2116070183937584,28.6225,4.249507125832497,4.8,2.98,70.8,113.6597,212.571,5.139484137222361,5.330534903583084,-2.4964132073299283,-29.255892706007124
2008-03-28,-1.0748350112098182,25.824,4.249507125832497,4.8,2.98,69.5,111.9137,212.571,7.5029315178496425,3.4564623424558683,-1.2940815917014237,-33.33662512267638
2008-04-04,4.195499987841411,23.476,4.249507125832497,5.1,2.98,69.5,111.9137,212.571,1.3047288794713507,-0.756712998572906,-5.706368348586643,-29.308962146712958
2008-04-11,-2.741540257592945,22.606,4.249507125832497,5.1,2.61,69.5,111.9137,212.571,6.941622155996496,-1.1179147254353983,-3.751416283289799,-30.14937982109882
2008-04-18,4.314128725783295,21.526,3.9752176498688794,5.1,2.61,69.5,112.1281,213.301,-1.0357183401710102,-8.052041940429245,-10.646386263658625,-37.188293021790145
2008-04-25,0.5401602499406799,20.256,3.9752176498688794,5.1,2.61,62.6,112.1281,213.301,0.1817117212705499,-9.653461390843965,-10.454702843088093,-42.76669369462599
2008-05-02,1.1489196894098883,19.546,3.9752176498688794,5.0,2.61,62.6,112.1281,213.301,-3.7640547269372826,-12.335386602172594,-11.232765090671249,-36.61220915490203
2008-05-09,-1.8120089592476465,19.130000000000003,3.9752176498688794,5.0,2.28,62.6,112.1281,213.301,-2.034892053752879,-9.19122748243838,-12.60624701590377,-36.89529570140662
2008-05-16,2.6702066951029613,17.240000000000002,3.759241549716253,5.0,2.28,62.6,111.1807,213.743,-7.53638921773171,-11.757811673685204,-22.879994436673357,-38.279721083440734
2008-05-23,-3.4672131561713004,18.156,3.759241549716253,5.0,2.28,62.6,111.1807,213.743,-7.089753477295502,-8.40304307659796,-34.6463893075165,-35.470556625450165
2008-05-30,1.776976315469847,18.67,3.759241549716253,5.0,2.28,59.8,111.1807,213.743,-9.817333865764144,-7.4308443587394635,-32.83608845359966,-37.674060987038516
2008-06-06,-2.8349413040353437,20.612,3.759241549716253,5.5,1.98,59.8,111.1807,213.743,-8.906580437189826,-4.591829090803701,-35.56383683731787,-31.519537950769394
2008-06-13,-0.0477720248995838,22.994,4.433516667556647,5.5,1.98,59.8,111.1807,215.132,-7.304983966957012,-4.987395620967838,-28.769955138355552,-34.534535531818975
2008-06-20,-3.095518089972093,21.754,3.734563882982056,5.5,1.98,59.8,110.9051,215.132,-4.565496004578529,-2.663274697880791,-29.35968129621469,-35.49581840679043
2008-06-27,-3.0009216890352186,22.714,3.734563882982056,5.5,1.98,56.4,110.9051,215.132,-1.4135035138256091,-2.8215355489989213,-31.68776305231734,-34.92154061942675
2008-07-04,-1.2109060224364976,24.5775,3.734563882982056,5.5,1.98,56.4,110.9051,215.132,2.6462840469502424,-0.8868535137913303,-36.65135689041906,-34.60448262593159
2008-07-11,-1.8536727949268084,25.448,3.734563882982056,5.5,2.0,56.4,110.9051,215.132,4.736622433425097,1.2577726277050782,-27.692841628764974,-29.92279224282447
2008-07-18,1.7095792336778493,26.236,4.82961805706239,5.5,2.0,56.4,111.7251,217.403,2.500229726658687,-3.7606713963730276,-30.508140844664,-34.41317450676063
2008-07-25,-0.2316245058940236,22.378,4.62932660840103,5.5,2.0,61.2,111.7251,217.403,1.9932217668244823,-12.60415564702333,-30.05581560565901,-38.77607955300928
2008-08-01,0.2027452620790626,22.596,4.62932660840103,5.7,2.0,61.2,111.7251,217.403,-1.4282199747008617,-28.650893121771016,-29.550668993826314,-41.67387446897948
2008-08-08,2.857224494065558,21.334,4.62932660840103,5.7,2.01,61.2,111.7251,217.403,-3.4420511112954633,-27.444610376824485,-32.670943597565724,-47.28307569137507
2008-08-15,0.1450263022021891,20.552,5.485022908404891,5.7,2.01,61.2,111.8419,219.181,-3.321521856341425,-32.46263653454948,-28.2236925866589,-41.72315388626866
2008-08-22,-0.4621784182462729,20.262,5.361297517641872,5.7,2.01,61.2,111.8419,219.181,-6.108182527715211,-25.03095212769071,-31.09812651064614,-40.52468603404854
2008-08-29,-0.725119600003854,20.26,5.361297517641872,5.7,2.01,63.0,111.8419,219.181,-14.312105413455933,-27.42685919982626,-33.73088996676448,-36.39531111739779
2008-09-05,-3.158633556200652,22.6275,5.361297517641872,6.1,2.0,63.0,111.8419,219.181,-27.617106173879847,-29.70434619068636,-33.03201511957743,-32.182791713553414
2008-09-12,0.7558413065377634,24.536,5.361297517641872,6.1,2.0,63.0,111.8419,219.181,-24.858190901709253,-36.08452021206317,-34.019330742195706,-31.56826468223001
2008-09-19,0.2700331560808955,32.678,5.216605456957724,6.1,2.0,63.0,110.3034,218.88,-30.142297683778253,-28.59100442877891,-30.793255728793547,-30.71357953006406
2008-09-26,-3.3312568113083363,34.464,5.3634866995927455,6.1,2.0,70.3,110.3034,218.88,-20.1538005221394,-27.79266006567187,-31.850287772303087,-28.603693611136915
2008-10-03,-9.3993947947844,43.264,5.3634866995927455,6.1,2.0,70.3,110.3034,218.88,-15.305258519480292,-19.96852377574322,-29.946416903167716,-20.16957005147867
2008-10-10,-18.19546530930076,59.426,5.3634866995927455,6.1,1.81,70.3,110.3034,218.88,-2.8836095194266997,-1.2610891872703367,-18.252479837532785,3.3373379977492457
2008-10-17,4.596207650673811,65.58,5.331234535809526,6.1,1.81,70.3,107.254,218.813,-14.940190348184302,-7.203232244888724,-27.342510897651916,-6.131517054769276
2008-10-24,-6.781135409015371,64.532,5.051082134695517,6.1,1.81,70.3,107.254,218.813,2.2206474068917625,6.276442742777588,-13.711695092238063,1.1667803689523248
2008-10-31,10.490776192133657,67.954,5.051082134695517,6.1,1.81,57.6,107.254,218.813,-9.566966985887094,-8.09290574596776,-20.6668409778226,-5.1210307459677695
2008-11-07,-3.897807459677416,55.15,5.051082134695517,6.5,0.97,57.6,107.254,218.813,-5.505967873265782,-8.686451623054358,-12.357811469487977,0.9774580518103093
2008-11-14,-6.197704896108003,63.145,5.051082134695517,6.5,0.97,57.6,107.254,218.813,1.6706967012750873,-4.733818875798201,-3.5257450333844864,8.350037877456252
2008-11-21,-8.38896020494293,72.91600000000001,3.737141161208801,6.5,0.97,57.6,107.2854,216.71,9.09590338253292,3.231125662702472,7.06598079967089,15.149425238249448
2008-11-28,12.02579370952568,59.09,3.737141161208801,6.5,0.97,55.3,107.2854,216.71,3.9676869974630824,-3.0839970264225136,-2.9724197691146315,2.528344464272525
2008-12-05,-2.250511373062214,63.15599999999999,3.737141161208801,6.7,0.39,55.3,107.2854,216.71,1.630003098192323,-5.6194116973726,-1.1232009740321347,2.3228709367750566
2008-12-12,0.4177717664036739,56.638,3.737141161208801,6.7,0.39,55.3,107.2854,216.71,-3.3658038271908497,-12.467461051780893,-0.25120900578179395,-0.06819997036106029
2008-12-19,0.926423402067056,50.248000000000005,1.1849072732885269,6.7,0.39,55.3,106.1173,213.06,-6.2992738172049645,-17.20840397205585,4.657158102281533,5.912961178456699
2008-12-26,-1.6984296309087488,44.2925,1.1849072732885269,6.7,0.39,60.1,106.1173,213.06,-5.375800133636766,-21.70256479828082,1.1549057322208567,12.197527894318604
2009-01-02,6.75985344009824,41.18,1.1849072732885269,6.7,0.39,60.1,106.1173,213.06,-6.782572766149597,-18.80768429876152,-4.807897443643516,5.9755305221309785
2009-01-09,-4.448380848899602,41.282,1.1849072732885269,7.2,0.16,60.1,106.1173,213.06,-7.133144322115903,-13.681136732601207,3.2335643120058988,13.49244770897593
2009-01-16,-4.518445731665766,47.072,0.4392942796761057,7.2,0.16,60.1,103.5966,211.49,-9.418671221017593,-4.020608016762328,10.583215576041049,18.111564558254756
2009-01-23,-2.1373433179455503,49.4075,0.1562795984088039,7.2,0.16,60.1,103.5966,211.49,-11.642524662582588,1.2681035685042419,13.733999409713515,23.34034374981888
2009-01-30,-0.7296120241787052,43.014,0.1562795984088039,7.2,0.16,61.2,103.5966,211.49,-17.25432255987599,3.714824489561841,11.545257788323294,24.58590202301081
2009-02-06,5.172660731650325,43.906,0.1562795984088039,7.6,0.15,61.2,103.5966,211.49,-12.900068033893552,0.11512779508491278,5.790933714244484,17.015893735021503
2009-02-13,-4.807730820196998,43.804,0.1562795984088039,7.6,0.15,61.2,103.5966,211.49,-7.050946608117692,4.763914703438354,8.415165424357252,26.110244618215518
2009-02-20,-6.86832243456773,48.375,0.2333711262282767,7.6,0.15,61.2,101.337,212.174,5.9593552854876775,13.95624095083745,14.165316384521564,38.73125975756031
2009-02-27,-4.539959936587801,46.758,-0.1609290594590473,7.6,0.15,56.3,101.337,212.174,14.611812053008544,26.410364243923024,27.927188579271412,42.075115527061136
2009-03-06,-7.034515512862938,50.128,-0.1609290594590473,8.1,0.22,56.3,101.337,212.174,25.34168272972497,29.193128065579053,43.296555762346436,50.02047961782334
2009-03-13,10.70707108597706,44.24,-0.1609290594590473,8.1,0.22,56.3,101.337,212.174,14.942831222925768,17.24274857073016,30.524089141744316,41.62844590879704
2009-03-20,1.5848245889676926,42.834,0.205107940405802,8.1,0.22,56.3,99.7298,213.007,12.711115261974125,19.595602171229622,31.480470679275243,41.525500924850945
2009-03-27,6.167541802539267,41.962,0.205107940405802,8.1,0.22,57.3,98.7849,213.007,7.547125634922636,15.215582523541983,23.05929649865086,32.31364712547784
2009-04-03,3.25514100045623,42.74,0.205107940405802,8.5,0.22,57.3,98.7849,213.007,10.294359699554857,12.309794892896875,21.795846276891684,22.989904024480712
2009-04-10,1.6688424401891666,39.175,0.205107940405802,8.5,0.18,57.3,98.7849,213.007,3.072757004674176,7.549965337452336,20.12352393803598,24.836561580729068
2009-04-17,1.5223659830614134,36.276,0.0672716410046625,8.5,0.18,57.3,97.3755,212.714,2.0009228268823787,5.6692790032459195,16.88133083596417,25.74517147749027
2009-04-24,-0.387533947999108,37.678,-0.275197959690765,8.5,0.18,57.3,97.3755,212.714,6.108081614891225,3.4852179123457727,20.37565126809502,25.99194549837971
2009-05-01,1.3033535339414648,36.83,-0.275197959690765,8.5,0.18,65.1,97.3755,212.714,7.130322491974894,0.18346992840381215,21.740817878865727,24.383485953679298
2009-05-08,5.892738602718395,33.166,-0.275197959690765,8.9,0.15,65.1,97.3755,212.714,1.8273238983680828,1.1999208644170256,12.391983344744784,19.021125417287866
2009-05-15,-4.987998295379603,32.562,-0.295357265085483,8.9,0.15,65.1,97.0723,212.671,4.343735884133881,10.916546342626221,16.12109859409263,25.318279727780848
2009-05-22,0.4666540293586596,30.410000000000004,-0.5015368924362495,8.9,0.15,65.1,97.0723,212.671,3.596395086140114,11.328069951381114,20.799322461598123,24.291992187500043
2009-05-29,3.623451482349216,30.8925,-0.5015368924362495,8.9,0.15,68.7,97.0723,212.671,-2.4718792976249016,9.937546441740896,18.33671000897126,22.55803931021525
2009-06-05,2.279305859080072,30.098000000000003,-0.5015368924362495,9.4,0.18,68.7,97.0723,212.671,-6.484487680032414,6.807858627548202,14.840062626461359,18.616296708929482
2009-06-12,0.6510009618609036,28.552,-0.5015368924362495,9.4,0.18,68.7,97.0723,212.671,-0.6161440858224232,8.446325979885483,9.509508179379033,21.00695975315281
2009-06-19,-2.6400102433736583,30.610000000000003,-1.0486584980384128,9.4,0.18,68.7,95.8402,212.876,6.299190270310984,11.690899723800419,16.073083974539458,23.316658530677504
2009-06-26,-0.2529179579568108,28.618,-1.0486584980384128,9.4,0.18,70.8,95.8402,212.876,7.4632663219720285,10.610512287467945,18.998797629373065,18.811620498300343
2009-07-03,-2.446407759999858,26.4675,-1.0486584980384128,9.5,0.18,70.8,95.8402,212.876,12.723946334652991,16.321590364776316,21.748736718221462,19.795410141455516
2009-07-10,-1.9287809684042532,29.99,-1.0486584980384128,9.5,0.21,70.8,95.8402,212.876,14.214054949621847,21.517869131372503,24.155697584212234,21.277846903698027
2009-07-17,6.967115177483296,25.396,-0.3128311920123416,9.5,0.21,70.8,95.3964,214.459,9.11865411373627,11.059358925114537,17.609899692260477,14.369723322610618
2009-07-24,4.134499317396445,23.652,-1.35416714580755,9.5,0.21,66.0,95.3964,214.459,5.072201810548793,4.69231365660201,12.984296626643022,13.26614309623244
2009-07-31,0.8394063498102344,25.244,-1.35416714580755,9.5,0.21,66.0,95.3964,214.459,2.9286714178837547,8.507515233447638,11.644792047307128,11.84935513427634
2009-08-07,2.329161143001812,25.156,-1.35416714580755,9.4,0.16,66.0,95.3964,214.459,3.1915525911794695,7.6399408928789825,11.479693041141603,12.689016426000377
2009-08-14,-0.6323681554103677,25.082,-1.3495673932742425,9.4,0.16,66.0,95.9709,214.469,6.3948471008863805,7.520236902157573,11.055776450456456,14.530565932999483
2009-08-21,2.1950201115299217,26.086,-2.149821380502881,9.4,0.16,66.0,95.9709,214.469,1.7785270787480822,0.9803764119134417,11.5823506788022,13.036361756766567
2009-08-28,0.272874666445877,24.89,-2.149821380502881,9.4,0.16,65.7,95.9709,214.469,-0.3615496272094232,3.9234926583774365,10.408868435679498,13.37893782117563
2009-09-04,-1.2177727000668548,27.284,-2.149821380502881,9.7,0.16,65.7,95.9709,214.469,5.420106699827265,7.583623986935928,7.414402158737277,15.909085722926065
2009-09-11,2.5905111592127605,24.41,-2.149821380502881,9.7,0.16,65.7,95.9709,214.469,4.31080664065886,4.665639746177863,2.9863929523191723,14.54259659631818
2009-09-18,2.452223378854046,23.708,-1.577119883040934,9.7,0.16,65.7,97.4422,215.428,1.057748407875514,2.1707329726034175,-0.19752010909191986,11.591308658136246
2009-09-25,-2.239075433119342,24.238,-1.577119883040934,9.7,0.16,73.5,97.4422,215.428,-0.7842033970653639,5.898233908916106,2.9807162849987634,16.555279075212038
2009-10-02,-1.835542987771344,26.526,-1.577119883040934,9.8,0.16,73.5,97.4422,215.428,4.300591056519476,7.92033596395556,8.189550063582661,15.750918018889081
2009-10-09,4.514200120973699,24.904,-1.577119883040934,9.8,0.15,73.5,97.4422,215.428,2.05228144311127,2.891299102287781,3.0798234515267753,3.6761906324315197
2009-10-16,1.510985975055279,22.25,-1.411275584795324,9.8,0.15,73.5,98.4622,215.791,0.3401690744673891,3.567218744651557,4.690708199241889,4.4130624475675395
2009-10-23,-0.7428726947260378,21.514,-1.3810879609529536,9.8,0.15,73.5,98.4622,215.791,1.1013352090883721,3.288254983586225,6.52000891443465,0.7493484626953206
2009-10-30,-4.020936936028308,26.5,-1.3810879609529536,9.8,0.15,70.6,98.4622,215.791,6.7352554076896,10.499044114909806,11.938938804976363,5.136132927637815
2009-11-06,3.1953704720333542,27.186,-1.3810879609529536,10.2,0.12,70.6,98.4622,215.791,3.470493187785073,6.240529077117429,9.098467459980908,-0.4133586218533547
2009-11-13,2.261285938135371,23.3975,-1.3810879609529536,10.2,0.12,70.6,98.4622,215.791,0.8221449313156493,-0.15729329606816167,7.738595733678877,-0.1719286055888447
2009-11-20,-0.1920451790107136,22.35,-1.1096232856365962,10.2,0.12,70.6,98.6271,216.385,3.216109460398875,-1.6043916589350449,9.436675564294749,2.394216933231985
2009-11-27,0.0100776403333835,21.74,-0.1499700059988118,10.2,0.12,67.4,98.6271,216.385,2.163096827529598,-2.317936861948877,9.220424882396472,-1.349529597205712
2009-12-04,1.327542200479881,22.252,-0.1499700059988118,10.0,0.12,67.4,98.6271,216.385,3.5262844435457685,-2.755020094505767,10.063477711500003,-7.540820345008337
2009-12-11,0.0388844028402113,22.472,-0.1499700059988118,10.0,0.12,67.4,98.6271,216.385,2.6771263999922246,0.24945632092636671,7.255891102441336,-2.5713860470617855
2009-12-18,-0.3561124135577631,21.474,1.966582183422516,10.0,0.12,67.4,99.4398,217.25,-0.9714514882132597,0.18322671682038383,0.7628356692857441,-3.409613578530324
2009-12-25,2.177837982318209,19.8025,1.966582183422516,10.0,0.12,72.5,99.4398,217.25,-4.670299185403226,1.0847925320465857,0.8167098751598489,-2.114546791959071
2010-01-01,-1.0102269973832123,20.395,1.966582183422516,10.0,0.12,72.5,99.4398,217.25,-4.3861568693862925,3.1288687483025157,-2.458078627908211,-1.2106537795327887
2010-01-08,2.679580803246973,19.148,1.966582183422516,10.0,0.12,72.5,99.4398,217.25,-6.067352433069118,1.3030833900872008,-4.8533552758113,-2.038460603543313
2010-01-15,-0.7816687911181619,17.838,2.103163428142296,10.0,0.12,72.5,100.3043,217.541,-2.3643728298438638,2.690064147542981,-6.263040815751997,-4.998109894332458
2010-01-22,-3.8969057498110415,21.46,2.861128185729811,10.0,0.12,72.5,100.3043,217.541,1.1660053816665128,7.908328299993994,-0.014658366147946023,-1.8383223583802843
2010-01-29,-1.6386398556838544,24.29,2.861128185729811,10.0,0.12,74.4,100.3043,217.541,6.03703952521859,11.221097576792815,4.063807988570778,-0.8641669232841154
2010-02-05,-0.7151753700036512,23.572,2.861128185729811,9.7,0.11,74.4,100.3043,217.541,7.859767342917978,11.812160158860042,0.9913869892106852,3.594112725245968
2010-02-12,0.8741470911911131,24.92,2.861128185729811,9.7,0.11,74.4,100.3043,217.541,7.846511318553651,13.181655051461982,-4.921385407404644,3.1650136914966653
2010-02-19,3.129681162802256,21.155,2.882878623102747,9.7,0.11,74.4,101.0516,217.587,5.176836697712961,6.989000278550583,-2.8138231083846166,1.4803791325443516
2010-02-26,-0.4219419498826871,20.236,2.551207970816405,9.7,0.11,73.6,101.0516,217.587,6.6646131700969224,0.5785488963174101,-3.5862692918708805,4.000041114140074
2010-03-05,3.097353641950207,18.658,2.551207970816405,9.7,0.13,73.6,101.0516,217.587,4.888912473213058,-0.26520572498746064,-3.1650055798366994,0.6621620607553558
2010-03-12,0.9914849869696596,17.984,2.551207970816405,9.7,0.13,73.6,101.0516,217.587,3.6643809951640627,-5.417442704473274,-4.207863986587879,1.3182753161701477
2010-03-19,0.8617496033741734,17.238,2.5530932159454123,9.7,0.13,73.6,100.9862,217.591,4.946978504617117,-6.077247068770808,-3.2985609932160376,1.4044242304775967
2010-03-26,0.5767687960545942,17.387999999999998,2.152041951672956,9.7,0.13,73.6,100.9862,217.591,1.7229683243335403,-8.718569841802193,-7.486774992008261,1.413520664287482
2010-04-02,0.9866371306846976,17.445,2.152041951672956,9.7,0.13,73.6,100.9862,217.591,-5.705795101955835,-7.342331023899651,-9.032343297245593,0.43799628950165204
2010-04-09,1.3810389498699394,16.498,2.152041951672956,9.7,0.16,73.6,100.9862,217.591,-4.9138827705137995,-6.435190574594218,-10.865982051411272,2.6356975307020303
2010-04-16,-0.1875457557986681,16.324,2.216828554930128,9.7,0.16,73.6,101.61,217.729,-8.760794799962213,-9.677635379081739,-7.3498691215142635,0.5938912724021694
2010-04-23,2.109671286776704,16.496000000000002,2.3576257322038163,9.7,0.16,73.6,101.61,217.729,-10.504566906519264,-15.994677274011792,-8.850057330766958,-1.441742935539858
2010-04-30,-2.5129869179152164,20.37,2.3576257322038163,9.7,0.16,72.2,101.61,217.729,-10.264680964523109,-9.162459095246344,-5.148773361433667,0.22837330234726227
2010-05-07,-6.3883524986822815,28.538,2.3576257322038163,9.9,0.2,72.2,101.61,217.729,-1.7355636263260643,-4.140861280949338,3.4018110773796906,10.246827339978548
2010-05-14,2.2324687382181407,28.12,2.3576257322038163,9.9,0.2,72.2,102.2666,217.729,-1.5999263072324355,-2.907510739785768,0.929833758102161,9.220904282059195
2010-05-21,-4.225671847266799,37.12,2.3077899666621216,9.9,0.2,72.2,102.2666,217.579,-1.0048756750011045,1.2788602385807923,7.121522417286097,14.362557455616788
2010-05-28,0.1581418295744763,33.94,2.3077899666621216,9.9,0.2,73.6,102.2666,217.579,-6.134514553114623,2.9584802285228307,7.965770876335521,15.362442065037719
2010-06-04,-2.2516801321135094,32.6625,2.3077899666621216,9.7,0.2,73.6,102.2666,217.579,1.2283032825023854,1.3494473603876678,11.099837599531416,18.1015709640296
2010-06-11,2.5092001521866747,32.672000000000004,2.3077899666621216,9.7,0.2,73.6,102.2666,217.579,-2.447780441620351,-1.8239313507679933,8.396851981467579,16.480398354488536
2010-06-18,2.373583250199296,25.874,2.1408654682584904,9.7,0.2,73.6,103.538,217.224,-1.3288449728564022,-4.735531984757035,9.694764688777525,15.725137039766235
2010-06-25,-3.6464997757421846,27.422000000000004,2.04250361712921,9.7,0.2,76.0,92.5537,217.224,2.3069175670555664,2.57717594898792,11.372074562699265,19.18625914285952
2010-07-02,-5.031761226679887,32.13,2.04250361712921,9.5,0.2,76.0,92.5537,217.224,9.687261231693967,8.504961008898748,17.323824093791384,24.815656915792616
2010-07-09,5.41570761428154,26.795,2.04250361712921,9.5,0.18,76.0,92.5537,217.224,0.11967411678057704,4.41853191294681,10.338052201831637,21.606557072595333
2010-07-16,-1.2133990619940915,25.054,1.903925289840092,9.5,0.18,76.0,92.5354,216.929,0.6395027131894659,7.868495856650148,15.009198719275062,24.816882495632207
2010-07-23,3.5478203293931365,24.728,1.1517352967233885,9.5,0.18,76.0,92.5354,216.929,-3.4525662651496147,3.9522567884768156,12.491609921896307,21.79728729941175
2010-07-30,-0.0961364845819101,23.56,1.1517352967233885,9.5,0.18,67.8,92.5354,216.929,0.264164328629346,5.7688861870501595,12.918487812970003,19.81481791344204
2010-08-06,1.8191756995855848,22.138,1.1517352967233885,9.5,0.18,67.8,92.5354,216.929,-1.0778828913394434,4.863407692789035,12.047537812313758,17.78734773724693
2010-08-13,-3.779288728543096,24.374,1.4632167453918932,9.5,0.18,67.8,92.5354,217.597,4.293719325486434,9.620565768328682,16.52907247147899,20.850593402536454
2010-08-20,-0.7004918780403102,25.39,1.45848584177668,9.5,0.18,67.8,93.4009,217.597,7.1830572971554485,10.410666746855446,18.644390590394355,19.363811445215838
2010-08-27,-0.6625027735747024,26.328,1.45848584177668,9.5,0.18,68.9,93.4009,217.597,7.669621829579021,15.147616917595808,21.477754981269047,23.409020468813612
2010-09-03,3.74980464094008,24.33,1.45848584177668,9.6,0.18,68.9,93.4009,217.597,5.490218659159551,8.573933267655054,16.191792219091017,20.63358615124027
2010-09-10,0.4563144759158311,22.9625,1.45848584177668,9.6,0.19,68.9,93.4009,217.597,6.006028538190611,8.127612786450733,15.03221212673973,19.7034820870035
2010-09-17,1.445623566879961,21.72,1.7163319640600694,9.6,0.19,68.9,93.2093,218.15,5.107542886852001,5.669032288080689,16.46070371299424,17.243409570480228
2010-09-24,2.050487195679618,22.388,1.263531203000534,9.6,0.19,68.9,93.2093,218.15,3.011305640173867,6.619822410534426,15.712082109224257,16.42856118101088
2010-10-01,-0.2115536766843062,22.918,1.263531203000534,9.6,0.19,68.2,93.2093,218.15,6.945315643304717,8.214687585662972,17.166563826744195,18.963742058305023
2010-10-08,1.6497447603290194,21.81,1.263531203000534,9.6,0.19,68.2,93.2093,218.15,2.9232232596455354,6.759645377446732,13.27983325980373,15.023810075088196
2010-10-15,0.9475103429482656,19.2275,1.3665818742224944,9.6,0.19,68.2,93.2093,218.372,2.001380749299364,6.850940931246097,12.324547073961512,13.737583738542769
2010-10-22,0.5857909854423582,19.512,1.1960647107618128,9.6,0.19,68.2,93.1902,218.372,0.5342046686727109,6.302199459315627,10.244453269782671,12.694836279486443
2010-10-29,0.0152190652893846,20.572,1.1960647107618128,9.6,0.19,67.7,93.1902,218.372,3.5030298353516676,7.457362668062539,8.108949037403868,12.494292429404009
2010-11-05,3.599375071312383,19.948,1.1960647107618128,9.6,0.19,67.7,93.1902,218.372,1.186935523751198,5.497411264883834,7.174619651164771,6.061921121973413
2010-11-12,-2.1731871908472256,19.1125,1.1960647107618128,9.6,0.19,67.7,93.1902,218.372,3.7274601361084736,7.016287171485791,11.107318783280974,5.9847751327167575
2010-11-19,0.0433635099931439,20.266,1.4310142684356597,9.6,0.19,67.7,93.3753,218.879,4.754406407366263,6.385602310415739,10.705747590502002,5.982181049039825
2010-11-26,-0.8610234155065011,20.195,1.1525752709291348,9.6,0.19,71.6,93.3753,218.879,5.737345622469814,10.212709619117867,10.953424131721823,6.646201877854763
2010-12-03,2.968718328455755,20.766,1.1525752709291348,9.8,0.19,71.6,93.3753,218.879,3.8204995921387486,8.527738550980256,9.19973279706694,9.386719033444635
2010-12-10,1.2811248358388427,17.722,1.1525752709291348,9.8,0.19,71.6,93.3753,218.879,4.259913316695796,8.27233016220179,9.933082756564948,8.336022442671776
2010-12-17,0.2829740161673255,17.32,1.2759664486909903,9.8,0.19,71.6,93.8961,219.146,3.1706425965330576,6.1073525106841275,7.740906845862616,5.806688464924448
2010-12-24,1.0338356471288668,16.205,0.8727272727272695,9.8,0.19,74.5,93.8961,219.146,1.5571620889207605,5.122656005656889,6.445093274122771,7.021968906683096
2010-12-31,0.0692246873864821,17.548000000000002,0.8727272727272695,9.8,0.19,74.5,93.8961,219.146,4.232529169615362,3.7085345651534096,6.013644922386963,2.754366451843593
2011-01-07,1.1020630061168155,17.31,0.8727272727272695,9.4,0.18,74.5,93.8961,219.146,4.534016863080037,0.6063673564687733,4.687375193546028,-5.672040512558974
2011-01-14,1.7097908167027054,16.503999999999998,1.3818181818181952,9.4,0.18,74.5,94.8756,220.252,3.848475140505836,1.5898099926544562,0.5350935632649323,-8.848313731768165
2011-01-21,-0.7647470479663299,17.409999999999997,1.246201865395502,9.4,0.18,74.5,94.8756,220.252,2.8464588765193755,3.822812134418019,-0.9638832237901407,-12.453340813451463
2011-01-28,-0.5462274437200487,17.613999999999997,1.246201865395502,9.4,0.18,74.2,94.8756,220.252,3.510824685721592,4.0608364160788835,-0.37920663380638375,-7.798856077362826
2011-02-04,2.7053943480240594,17.416,1.246201865395502,9.0,0.18,74.2,94.8756,220.252,-0.5027169623882499,0.6720772179214407,-3.2360221916224563,-10.443447857071785
2011-02-11,1.3944959732822948,15.948,1.246201865395502,9.0,0.17,74.2,94.8756,220.252,-3.75729319935707,0.6191912363224583,0.791484733703185,-13.160293475706354
2011-02-18,1.042770574952412,16.412,1.766839759879213,9.0,0.17,74.2,95.1452,221.062,-2.174962265739,1.5338661243137208,0.05882599956477108,-9.45637032311948
2011-02-25,-1.7222511161215426,20.8675,1.5970623244955018,9.0,0.17,77.5,95.1452,221.062,0.9493309430039787,1.5395298219451847,-0.2833583523153327,-13.89898706649193
2011-03-04,0.0962223479825219,19.544,1.5970623244955018,8.9,0.17,77.5,95.1452,221.062,0.5313567272091868,1.2579945358256017,1.806758859787605,-14.360971650656895
2011-03-11,-1.276917443548431,20.532,1.5970623244955018,8.9,0.16,77.5,95.1452,221.062,1.1807299098464785,2.2226814474805012,-0.9200478218216568,-11.410131644782062
2011-03-18,-1.9221384822467933,25.132,2.152242551255368,8.9,0.16,77.5,95.485,222.27,4.54734138426196,4.056411084417144,-6.24056710723101,-4.270605025837682
2011-03-25,2.704019586063477,19.18,2.1503646750095307,8.9,0.16,67.5,93.0238,222.27,3.7912874617310743,-1.0382108495584186,-10.274774335317073,-5.750498250895475
2011-04-01,1.416500583034841,18.09,2.1503646750095307,8.8,0.16,67.5,93.0238,222.27,0.5846486286020358,-4.610446644433875,-15.676856187248111,-3.5514644250265626
2011-04-08,-0.3182196265119952,17.326,2.1503646750095307,8.8,0.14,67.5,93.0238,222.27,0.7227971771913477,-4.266776246283532,-11.396883690249837,-5.642354592937037
2011-04-15,-0.6392246439436033,16.438,2.645949781609236,8.8,0.14,67.5,93.5904,223.49,1.029792469932178,-3.882009309377976,-11.04131888620098,-6.06056765912002
2011-04-22,1.341230484017908,15.6375,2.645949781609236,8.8,0.14,67.5,93.5904,223.49,-0.46957702926219147,0.17123323618857267,-13.694688401604417,-9.102123556828323
2011-04-29,1.9612959946300637,15.222,2.645949781609236,8.8,0.14,69.8,93.5904,223.49,-4.653086428926123,-1.4527567806223107,-10.824207593924584,-15.029219762820457
2011-05-06,-1.7167690491538878,17.274,2.645949781609236,9.0,0.1,69.8,93.5904,223.49,-5.164898763247894,-1.7952497686930857,-15.204440000371655,-7.157135156670302
2011-05-13,-0.1813111273806789,16.624000000000002,3.0790569928672795,9.0,0.1,69.8,93.5904,224.433,-4.953767730156711,0.5419466645350424,-15.424921516647705,-6.172965227157379
2011-05-20,-0.3363806883321274,16.994,3.150120186231198,9.0,0.1,69.8,93.097,224.433,-4.861735988195726,-3.0743952563177412,-13.33638767758869,-8.52115353133832
2011-05-27,-0.1627610246629163,17.046,3.150120186231198,9.0,0.1,74.3,93.097,224.433,0.6438335599549871,-9.895573068818031,-8.002405640820564,-4.941027776842888
2011-06-03,-2.3243889996039213,17.447499999999998,3.150120186231198,9.1,0.1,74.3,93.097,224.433,3.356511006429397,-9.333464527118874,-4.761724137963419,-3.273447689122566
2011-06-10,-2.2443432303584143,18.396,3.150120186231198,9.1,0.09,74.3,93.097,224.433,3.5531664442921995,-11.60128038503757,1.11016582230965,0.5373867590330095
2011-06-17,0.0409148483250021,20.754,3.320632965497583,9.1,0.09,74.3,92.9815,224.804,5.782148606468729,-7.447892345408979,-1.4368871043059395,1.383402738522399
2011-06-24,-0.2398780045713699,19.552,3.4894855080469966,9.1,0.09,74.3,92.9815,224.804,1.878677050125943,-7.448459466726587,-2.2665458714740128,3.6997954604026884
2011-07-01,5.614734164926238,17.878,3.4894855080469966,9.1,0.09,71.5,92.9815,224.804,-10.471984478308382,-13.842219157968483,-9.257504867841405,-1.7422266024467725
2011-07-08,0.3082852304922445,16.075,3.4894855080469966,9.2,0.09,71.5,92.9815,224.804,-12.277867557621857,-9.509602204133028,-13.776603524032971,0.08185559949169807
2011-07-15,-2.0583444838991327,19.7,3.2593083637167286,9.2,0.09,71.5,93.07,224.304,-14.634460103624436,-13.654319368559232,-5.459904307427155,2.0134635908838794
2011-07-22,2.194295786267597,18.866,3.3997298655320307,9.2,0.09,71.5,93.07,224.304,-12.5068748613683,-15.880802700645201,-6.678716808713858,1.205183618244532
2011-07-29,-3.921130501295833,22.31,3.3997298655320307,9.2,0.09,63.7,93.07,224.304,-9.15514098427429,-10.587493829322604,-5.619524675058207,5.6845234215582074
2011-08-05,-7.1888462491066285,27.098000000000003,3.3997298655320307,9.1,0.07,63.7,93.07,224.304,-3.764446983462433,2.1010814812055134,5.498670221563207,14.194833939776608
2011-08-12,-1.7150482920608945,40.282,3.3997298655320307,9.1,0.07,63.7,93.07,224.304,3.155720542141638,5.042368019590726,6.683851772199745,16.292695767505847
2011-08-19,-4.6894772312021775,36.404,3.597476068144334,9.1,0.07,63.7,94.1525,225.425,1.1481690811713907,14.379672310542935,13.731722808817715,24.978416894123214
2011-08-26,4.74130803291366,37.992,3.597476068144334,9.1,0.07,55.8,94.1525,225.425,-3.8562205132471328,6.494725396785572,9.54197079648389,18.721101918956062
2011-09-02,-0.2404892936415326,32.506,3.597476068144334,9.1,0.07,55.8,94.1525,225.425,-1.5767021497610223,5.59894904546685,12.045455821582296,19.97495726909875
2011-09-09,-1.6814731830450569,35.805,3.597476068144334,9.1,0.1,55.8,94.1525,225.425,6.094970393800314,5.321300346086044,14.04399282022688,21.126636780557906
2011-09-16,5.352488701756397,34.61,3.984889497557398,9.1,0.1,55.8,94.0419,226.268,1.8289315100836534,-4.715418899501033,10.599420532178039,12.684928476018943
2011-09-23,-6.544350409584688,37.102,3.721292688517064,9.1,0.1,55.8,94.0419,226.268,13.081307698959211,9.490243172798962,18.145416012550484,21.303552717158137
2011-09-30,-0.4408550926003007,39.922,3.721292688517064,9.1,0.1,59.5,94.0419,226.268,10.76611088651751,10.939341062877617,20.31163737581312,24.0352769832487
2011-10-07,2.124756152309204,39.31,3.721292688517064,9.1,0.1,59.5,94.0419,226.268,7.29060227807683,5.556235214770888,18.198815744879692,18.489607764088767
2011-10-14,5.982032909310497,30.765,3.721292688517064,9.1,0.08,59.5,94.0419,226.268,-0.7292240573163689,3.3276716476143164,11.844881839765087,10.518713617422382
2011-10-21,1.116304727814943,33.098,3.9304489586577054,9.1,0.08,59.5,94.1851,226.955,-6.4268084841257895,1.562687307566124,10.710276205708702,4.600845604936432
2011-10-28,3.782755164168172,28.266,3.9304489586577054,9.1,0.08,60.8,94.1851,226.955,-3.1756482120990692,-0.5664900839775555,9.2662833958856,2.546901877632912
2011-11-04,-2.4792027172374054,31.626,3.9304489586577054,9.0,0.08,60.8,94.1851,226.955,0.1563927585555236,2.861405002308448,11.48073435244472,1.9796892015358392
2011-11-11,-1.0796126415531735,31.575,3.9304489586577054,9.0,0.07,60.8,94.1851,226.955,-1.6165134937082049,6.104707323687308,13.613779638509582,6.933942598493692
2011-11-18,-1.9399796487108325,32.474000000000004,3.601990140671329,9.0,0.07,60.8,94.7136,226.763,4.086696881741969,8.28198326974514,15.00678056816196,10.462710389658024
2011-11-25,-4.687202675475133,33.3325,3.601990140671329,9.0,0.07,63.7,94.7136,226.763,8.538231583494206,16.07273627568986,18.261451301514732,15.220034081960065
2011-12-02,7.388642331690698,29.1,3.601990140671329,8.6,0.07,63.7,94.7136,226.763,2.694733380541514,7.9049717937805575,10.789371912997957,9.473752058001338
2011-12-09,0.8768052088355072,28.322000000000003,3.601990140671329,8.6,0.08,63.7,94.7136,226.763,2.7007884062616228,8.448126898124908,11.804591405449782,7.92629936097351
2011-12-16,-2.830639893971476,25.304,3.456143392989164,8.6,0.08,63.7,94.8263,226.72,7.848086189649051,11.97710443574036,12.252589838016581,11.242476696337
2011-12-23,3.744479657867639,22.292,3.456143392989164,8.6,0.08,69.9,94.8263,226.72,4.030569240533799,8.24291310966303,6.959454186030856,7.692070962144659
2011-12-30,-0.6109063040641294,22.87,3.456143392989164,8.6,0.08,69.9,94.8263,226.72,6.941797910535952,9.006840150301043,2.991411883549011,10.20753797783569
2012-01-06,1.6070358937782414,21.825,3.456143392989164,8.5,0.08,69.9,94.8263,226.72,5.0735205611101675,9.888792508850974,3.1311294997430794,8.857336102455005
2012-01-13,0.8827530469572409,20.838,3.456143392989164,8.5,0.07,69.9,94.8263,226.72,5.59619705072576,8.379556306802183,-0.8571881754413702,9.059106221695057
2012-01-20,2.039426243285547,20.31,2.9488949022029365,8.5,0.07,69.9,95.2915,226.747,3.8285503173700164,7.077039750851766,0.7815254343775058,7.813713825308777
2012-01-27,0.0722187632736348,18.598000000000003,2.9488949022029365,8.5,0.07,75.0,95.2915,226.747,4.049140459271783,6.21044895498859,2.01393348557386,7.20184543336384
2012-02-03,2.170433653656678,18.494,2.9488949022029365,8.3,0.07,75.0,95.2915,226.747,1.9309963738337599,1.885640931757071,-0.7346274595479318,4.586209422332144
2012-02-10,-0.1680429566955799,18.598,2.9488949022029365,8.3,0.08,75.0,95.2915,226.747,4.582764451049526,2.6730928809562515,1.4538535510846717,7.096468767305697
2012-02-17,1.3845830317503305,19.344,3.3240078842433185,8.3,0.08,75.0,95.9054,227.505,2.635851795628019,3.094995370900122,-0.48117708629639155,7.679821967078659
2012-02-24,0.3313187213281887,17.622500000000002,2.914566954067177,8.3,0.08,75.3,95.9054,227.505,3.128705373957552,0.24601940161290692,-0.6560517376343444,6.91273850474905
2012-03-02,0.2848283477274504,17.826,2.914566954067177,8.3,0.08,75.3,95.9054,227.505,2.077199759821924,-1.185720974020632,-0.5088944224554637,5.186805108623305
2012-03-09,0.0905346867368761,18.61,2.914566954067177,8.3,0.1,75.3,95.9054,227.505,-0.044496221650125456,-5.518395229563344,1.1014885174904787,6.569555020864826
2012-03-16,2.42911792852234,15.128,3.334358686703265,8.3,0.1,75.3,96.1735,228.433,-1.8259907166511158,-6.149547060100424,-0.9386365823547238,1.739100045631714
2012-03-23,-0.5027922810483365,15.228,2.772753857920529,8.3,0.1,75.3,96.1735,228.433,0.4473520385317009,-8.522589312043326,0.6270093161935941,2.5824707025916993
2012-03-30,0.8131060167538617,15.26,2.772753857920529,8.3,0.1,76.2,96.2095,228.433,-2.795231416792887,-5.879425067337262,0.6879850957507649,0.2463645498520961
2012-04-06,-0.7376809491543956,16.11,2.772753857920529,8.3,0.13,76.2,96.2095,228.433,-3.1965225746003023,-3.95113240806767,0.9334265019399712,1.1530095290599451
2012-04-13,-1.9898680449985884,19.194,3.0719395330004007,8.2,0.13,76.2,96.2095,229.098,-5.476335770415941,-2.571773968679314,2.650587919826619,0.6998646791094965
2012-04-20,0.6035365165961926,18.49,2.509284531746392,8.2,0.13,76.2,96.5685,229.098,-4.4039724719510005,-1.1874964468882143,4.3082133422025715,-1.352892140012063
2012-04-27,1.801190799401886,17.29,2.509284531746392,8.2,0.13,76.4,96.5685,229.098,-8.929992845539768,-3.468812859761705,4.447186383474699,0.412584021415463
2012-05-04,-2.441284497437224,17.47,2.509284531746392,8.1,0.13,76.4,96.5685,229.098,-3.1728830750770376,-0.8998573156638767,6.650357932345874,3.438761154374448
2012-05-11,-1.147466307621292,19.358,2.509284531746392,8.1,0.14,76.4,96.5685,229.098,-0.7795276094796466,0.6849481251461897,6.448993147001136,4.7791051316000255
2012-05-18,-4.298099093070595,23.14,2.1137711477367427,8.1,0.14,76.4,97.4133,229.177,3.0728408863645695,7.006531867381205,12.793972202100523,9.138214977283688
2012-05-25,1.7448754726711702,22.024,2.1137711477367427,8.1,0.14,79.3,97.4133,229.177,3.364654482236751,5.552355171991219,8.405550382142458,8.523932153350522
2012-06-01,-3.018614746163273,23.9725,2.1137711477367427,8.2,0.14,79.3,97.4133,229.177,5.996683382834878,10.00203062092302,12.139674626904394,9.732873059257408
2012-06-08,3.7260174690707526,23.182,2.1137711477367427,8.2,0.16,79.3,97.4133,229.177,2.3475094907303706,6.977656232748908,6.508448999139671,10.621873850980922
2012-06-15,1.2959530496260196,22.542,1.82415241965308,8.2,0.16,79.3,97.2853,228.527,1.4759814172843555,5.085493491458859,5.314109437305103,9.622150538905071
2012-06-22,-0.5823438747807441,18.426,1.6561093218981693,8.2,0.16,79.3,97.2853,228.527,3.8164185125676653,5.3602144894099535,3.357998786447247,11.307692673440584
2012-06-29,2.032929413145945,19.268,1.6561093218981693,8.2,0.16,73.2,97.2853,228.527,2.1164881754917486,5.56175543729327,-0.1673833646315126,10.336518707407482
2012-07-06,-0.5491264081356362,17.015,1.6561093218981693,8.2,0.16,73.2,97.2853,228.527,3.778747702531171,8.2004577771702,4.020873456718599,11.69944074988154
2012-07-13,0.1550163509224988,17.944,1.6561093218981693,8.2,0.16,73.2,97.2853,228.527,4.5239466647089,7.61877333724883,4.37801435246985,11.877387707244957
2012-07-20,0.4333793802861141,16.294,1.9232826877808584,8.2,0.16,73.2,97.4298,228.618,3.5570112491266626,5.7248328863322095,4.066304927092901,11.531123019792844
2012-07-27,1.7106201061712234,18.532,1.9232826877808584,8.2,0.16,72.3,97.4298,228.618,1.4870441486626529,5.408492578651125,1.9921055964549073,9.353016849062579
2012-08-03,0.3622026189141314,17.826,1.9232826877808584,8.3,0.16,72.3,97.4298,228.618,3.3738599156295512,2.703108997901671,2.815263550033764,9.14528226878646
2012-08-10,1.0697420533058777,15.456,1.9232826877808584,8.3,0.16,72.3,97.4298,228.618,4.26070864461896,1.9432768594499272,-0.2446841755068263,10.33595276223509
2012-08-17,0.8741945631662418,14.184,1.9700941579285256,8.3,0.16,72.3,98.0398,228.723,2.960878125342381,-0.4386030224745485,3.4065222089960434,10.051045972017958
2012-08-24,-0.4957148084448359,15.057999999999998,1.4630143063103065,8.3,0.16,72.3,98.0398,228.723,2.0933605663748134,0.2175523359605025,4.317110665531598,10.329311208837154
2012-08-31,-0.3224400878998334,17.04,1.4630143063103065,8.3,0.16,74.3,98.0398,228.723,3.8639892046162805,-1.900352721058618,5.644899464995312,11.560664194850755
2012-09-07,2.228105679717673,16.425,1.4630143063103065,8.1,0.13,74.3,98.0398,228.723,-0.6488593134428178,-5.427286405186827,4.52319426702843,8.022698190856392
2012-09-14,1.936823657421427,15.41,2.0747476987911684,8.1,0.13,74.3,96.8202,230.102,-2.222727828436477,-3.8628157461764956,3.2337968291384023,8.396948662795545
2012-09-21,-0.3834158866876547,14.14,1.6944508282213944,8.1,0.13,74.3,96.8202,230.102,-3.3017212068437107,-3.0113323951605375,3.9571296326253114,6.5130277023485394
2012-09-28,-1.3341081493709606,15.392,1.6944508282213944,8.1,0.13,78.3,96.8202,230.102,-1.8373459547301185,-1.568721287100483,5.491888683998369,9.826673837221577
2012-10-05,1.406290763854745,15.268,1.6944508282213944,7.8,0.14,78.3,96.8202,230.102,-5.549894597557714,-3.2410927228155195,3.7421313728286387,10.506320261157697
2012-10-12,-2.213664357747813,16.0975,1.6944508282213944,7.8,0.14,78.3,96.8202,230.102,-4.809634855446154,0.10920268454037707,6.272617580658113,14.357512670459393
2012-10-19,0.3219941127961201,15.53,2.2742941997984545,7.8,0.14,78.3,97.0328,231.414,-1.6773713167843929,-2.1462533894935576,8.232691906064836,16.346753666649306
2012-10-26,-1.4827064707940596,17.942,1.9647066599105532,7.8,0.14,82.6,97.0328,231.414,0.3003040129642143,3.8620643624944107,10.535859593111606,16.832163126073517
2012-11-02,0.1600641570755456,17.62666666666667,1.9647066599105532,7.9,0.14,82.6,97.0328,231.414,0.2736526128416905,4.090659005348751,10.08980825931458,15.3118403718699
2012-11-09,-2.428933444487358,18.436,1.9647066599105532,7.9,0.16,82.6,97.0328,231.414,2.4444672294484437,7.691416223546033,13.72177911877066,19.09845519147617
2012-11-16,-1.4472566624241123,17.2425,2.113194245555272,7.9,0.16,82.6,96.5879,231.751,5.167369126609511,10.521513335069411,14.221844848048093,19.623053109670032
2012-11-23,3.6231152273980216,15.1925,2.1996533826065034,7.9,0.16,82.7,96.5879,231.751,-0.4768811401695383,7.381756216801816,12.752364763048929,13.006424165026997
2012-11-30,0.4988843753381156,15.572,2.1996533826065034,7.9,0.16,82.7,96.5879,231.751,3.551096264942344,7.184820866059782,9.820075203336277,13.4234326410545
2012-12-07,0.1334500209329236,16.54,2.1996533826065034,7.7,0.16,82.7,96.5879,231.751,3.806589560714002,7.173136490172949,11.577006083157414,15.078245534990597
2012-12-14,-0.3166268523019488,16.226,1.8794953321308985,7.7,0.16,82.7,97.509,231.025,5.121749505852602,7.217138237867227,14.20790433752126,18.8606229318413
2012-12-21,1.172205950459437,16.956,1.898817925194085,7.7,0.16,72.9,97.509,231.025,5.091069837464612,6.156691623585875,14.232767421809944,18.31555689505837
2012-12-28,-1.9382561430561829,19.8775,1.898817925194085,7.7,0.16,72.9,97.509,231.025,7.896293290445988,10.60658958401497,18.898619313731313,20.622773302513497
2013-01-04,4.566353724574923,15.2725,1.898817925194085,7.8,0.16,72.9,97.509,231.025,3.509112633458078,6.425633142939113,12.487811447990737,16.58404727684808
2013-01-11,0.3805109028127251,13.614,1.898817925194085,7.8,0.16,72.9,97.509,231.025,3.243095591238876,5.76338867607471,10.78020013875074,14.90234624100073
2013-01-18,0.946294703207573,13.303999999999998,1.8785285815102304,7.8,0.16,72.9,98.093,230.979,1.9932970501960412,5.599669042058797,10.592338152793346,11.43016580427676
2013-01-25,1.1426789520672775,12.6175,1.8663973503508344,7.8,0.16,72.9,98.093,230.979,1.0139984184853956,3.3480644639386936,8.23508428355244,10.681591209013996
2013-02-01,0.6793316703822105,13.675999999999998,1.8663973503508344,7.9,0.16,73.8,98.093,230.979,2.5119456942539475,5.0014161953208625,5.238010763084389,7.917148983828404
2013-02-08,0.3145720327118129,13.663999999999998,1.8663973503508344,7.9,0.14,73.8,98.093,230.979,2.8176461330597036,2.458607772988275,5.820424687550307,9.04125917389007
2013-02-15,0.1225343254134259,12.736,1.8663973503508344,7.9,0.14,73.8,98.6212,230.979,2.4411250654611916,4.109117020558806,7.376017259271306,11.067315013831113
2013-02-22,-0.2757001538940984,14.095,1.8345350675893048,7.9,0.14,73.8,98.6212,231.198,3.5358911773269774,6.5201946391673316,10.859723440987912,12.820669155700482
2013-03-01,0.1715476133425264,16.291999999999998,1.6232610272301828,7.9,0.14,77.6,98.6212,231.198,2.3106362306178463,7.607693565715579,11.453696498555033,11.431303807786609
2013-03-08,2.1723161375157174,13.334,1.6232610272301828,7.7,0.15,77.6,98.6212,231.198,2.4284686864610716,7.496867737177504,9.055684436315081,8.981545756455777
2013-03-15,0.613719692834036,11.652,2.3142348519812783,7.7,0.15,77.6,99.4965,232.77,-0.34919916334864576,5.696163721111813,9.545082170444141,9.130518642805185
2013-03-22,-0.244117168106317,13.596,1.8985873319529167,7.7,0.15,77.6,99.0446,232.77,1.6282444711845478,4.74342920123445,8.640946247397775,12.050304362310804
2013-03-29,0.7900318353952551,13.09,1.8985873319529167,7.7,0.15,77.6,99.0446,232.77,2.882385449050817,4.7279211725048675,5.521321056314865,12.145124888718662
2013-04-05,-1.0138933273506123,13.675999999999998,1.8985873319529167,7.6,0.14,78.6,99.0446,232.77,5.177425857422735,4.728699898699107,7.095949772367716,13.414193282706455
2013-04-12,2.2899892883554207,12.538,1.8985873319529167,7.6,0.14,78.6,99.0446,232.77,4.948232767426242,0.22532512068542676,2.7768509170235767,11.43972134301694
2013-04-19,-2.114735569892079,16.054,1.4151149289823417,7.6,0.14,78.6,99.4765,232.34,6.066547216584928,3.2811463942693964,6.424693389828806,15.620000238607101
2013-04-26,1.7354116852194237,13.742,1.4151149289823417,7.6,0.14,76.4,99.4765,232.34,3.065274566395937,3.137957877471398,6.683562585492209,14.063607348104568
2013-05-03,2.0338288698019014,13.632,1.4151149289823417,7.5,0.14,76.4,99.4765,232.34,1.7938306109435587,4.073902433731491,5.914816939525647,11.855032113000718
2013-05-10,1.194231160525372,12.774,1.4151149289823417,7.5,0.15,76.4,99.4765,232.34,-0.4266371372616873,3.5740966146539543,3.553287051669729,10.490911414026627
2013-05-17,2.067088237777459,12.73,1.0419121947812693,7.5,0.15,76.4,98.7439,231.485,-4.5002259897097385,1.450104297874777,1.3811360745023649,6.467881130144759
2013-05-24,-1.0716831745792854,13.654,1.0070818624905664,7.5,0.15,76.4,98.7439,231.485,-2.626087956486245,3.6414930436719173,3.2492711190116985,10.22793241999147
2013-05-31,-1.1433065973987633,15.035,1.0070818624905664,7.5,0.15,84.5,98.7439,231.485,0.07052162950251795,3.721013409514562,6.975974738270474,12.918063912163614
2013-06-07,0.7751091359831541,16.363999999999997,1.0070818624905664,7.6,0.15,84.5,98.7439,231.485,2.2398919552427454,0.7575820038508763,7.082355529617024,11.439228278050106
2013-06-14,-1.013157295609779,16.932,1.0070818624905664,7.6,0.11,84.5,98.6709,231.485,4.017875500931556,2.260364041526719,8.293326845848913,13.256042320330263
2013-06-21,-2.1085199860845227,17.887999999999998,1.4457810236864876,7.6,0.11,84.5,98.6709,231.831,6.230727087315779,2.5457894930904335,11.189184179575173,15.465037028599117
2013-06-28,0.8697383947045001,17.901999999999997,1.4457810236864876,7.6,0.11,84.1,98.6709,231.831,6.436612095195815,3.0436794180799476,11.946859882088145,11.455661927526585
2013-07-05,1.5943661680692722,15.975,1.4457810236864876,7.6,0.11,84.1,98.6709,231.831,3.647919207943673,3.437730182939047,10.59323812055002,9.234687988720935
2013-07-12,2.959753802293963,14.238,1.4457810236864876,7.6,0.09,84.1,98.6709,231.831,-1.4498352091772637,1.768853154100114,7.476542627219929,6.953385164728343
2013-07-19,0.7082547110181192,13.66,1.932813190563909,7.6,0.09,84.1,99.0549,232.944,-1.68962445247125,-0.020091474282080135,6.678131912756724,8.660298330618543
2013-07-26,-0.025999882697536,12.764,1.892239456210798,7.6,0.09,85.1,99.0549,232.944,-3.468805773301864,-0.06798240755860885,4.946053892203883,8.54786590010086
2013-08-02,1.0652333089695487,13.03,1.892239456210798,7.4,0.09,85.1,99.0549,232.944,-3.1877496007494677,-0.378441021198872,6.355021703078156,8.760749347922347
2013-08-09,-1.0674574351133503,12.736,1.892239456210798,7.4,0.09,85.1,99.0549,232.944,-0.20279136003005238,3.138188899007943,8.867104360364241,11.03333236384547
2013-08-16,-2.104154318025553,13.452000000000002,2.0558311244084138,7.4,0.09,85.1,98.9462,233.318,3.2660405693985206,6.2772184484582105,10.601332487108506,11.190765582574457
2013-08-23,0.4632144694125317,14.938,2.00898029494192,7.4,0.09,85.1,98.9462,233.318,1.698226630598132,5.899610138168776,10.752629703467864,12.204389511947733
2013-08-30,-1.8352888065449324,16.413999999999998,2.00898029494192,7.4,0.09,82.1,98.9462,233.318,3.523030449366038,8.428814804792273,12.59851584289493,13.757143636715675
2013-09-06,1.3594905993665307,16.0275,2.00898029494192,7.3,0.08,82.1,98.9462,233.318,2.9018110497019967,8.640200460898972,8.163511393373945,12.68268010546092
2013-09-13,1.9828745940104089,14.486,2.00898029494192,7.3,0.08,82.1,98.9462,233.318,3.3477692458222963,6.917696207134316,5.6042971897483085,7.565207845465083
2013-09-20,1.2985885030200262,13.756,1.488035740671534,7.3,0.08,82.1,99.3579,233.526,2.9159420293993543,5.608483633471972,5.094419215649171,9.061292015903156
2013-09-27,-1.0620461788447,14.384,1.488035740671534,7.3,0.08,77.5,99.3579,233.526,4.131225928679605,6.69956942930765,8.682134173655221,10.146299655035484
2013-10-04,-0.0738879858135033,16.630000000000003,1.488035740671534,7.3,0.08,77.5,99.3579,233.526,4.738833797785391,5.01744728122222,8.621709553386502,11.277137808248238
2013-10-11,0.7512541361653247,18.31,1.488035740671534,7.3,0.08,77.5,99.3579,233.526,5.576567946336053,6.759041710750413,9.17390820100088,10.29121854872499
2013-10-18,2.424850282534874,14.9725,1.488035740671534,7.3,0.08,77.5,99.3579,233.526,3.4542854551805835,5.55460157145673,7.654917687732921,7.6445964661257415
2013-10-25,0.8753235615505783,13.24,0.9126500557442574,7.2,0.08,73.2,99.3579,233.526,2.6162531780581144,4.068712092561366,4.6233305743687225,7.998773033030737
2013-11-01,0.1062636081097467,13.48,1.094575090530392,7.2,0.08,73.2,100.0439,233.947,2.4664489231953857,4.582660463968935,5.953543516877002,9.19199894950966
2013-11-08,0.5091829561395977,13.136,1.094575090530392,7.3,0.09,73.2,100.0439,233.947,0.26600781518608674,3.8455654482708157,4.914126232511262,10.09990667251206
2013-11-15,1.5570943678994809,12.475,1.094575090530392,7.3,0.09,73.2,99.9778,233.947,1.120015347548886,-0.4387777871384002,3.720979552147319,7.673312813363675
2013-11-22,0.3659230921346568,12.962,0.8875905605585155,7.3,0.09,73.2,99.9778,233.808,2.03018763991758,-1.228420611347203,0.6056169009442947,8.760720788139341
2013-11-29,0.058182186132405,13.07,0.8875905605585155,7.3,0.09,75.1,99.9778,233.808,1.4154277412399718,-0.4867643205700656,3.269442248990706,8.591706619718998
2013-12-06,-0.0398764404933138,14.47,0.8875905605585155,7.0,0.08,75.1,99.9778,233.808,2.0652726458392,1.8580812977517125,3.2303131532422924,9.99119041160803
2013-12-13,-1.6492263596247558,14.824000000000002,0.8875905605585155,7.0,0.08,75.1,99.9778,233.808,3.570060991839541,3.4320604485011064,5.9606195818714625,10.829033966630043
2013-12-20,2.422098624525826,14.796,1.2388269667784837,7.0,0.08,75.1,101.2825,233.887,-1.5415277868874089,2.2619784250155206,3.3085505277806515,8.793833271223605
2013-12-27,1.2693078669737456,12.5775,1.2388269667784837,7.0,0.08,82.5,101.2825,233.887,-3.193768752797921,1.989791146011144,1.9800130582219522,7.4367296399827865
2014-01-03,-0.5446958381607803,13.8175,1.2388269667784837,7.0,0.08,82.5,101.2825,233.887,-1.8756436808248123,0.5329348952776813,3.7764097022492615,5.120758205437004
2014-01-10,0.6006432359014546,12.874,1.2388269667784837,6.7,0.09,82.5,101.2825,233.887,-0.20299886799540756,1.3108129462630957,4.407363959849464,4.842673889586968
2014-01-17,-0.199202329338799,12.562,1.5396602099339909,6.7,0.09,82.5,101.7629,234.582,-0.13324366329120485,1.0289902892124392,6.022733081805787,6.328390194806643
2014-01-24,-2.632833708323179,14.405,1.5598820672009015,6.7,0.09,82.5,101.7629,234.582,3.8630562981622596,4.178089869560075,8.147841519219678,11.065803921654238
2014-01-31,-0.4301019987923093,17.254,1.5598820672009015,6.7,0.09,81.2,101.7629,234.582,5.3545725642107245,1.856847408579787,10.11337619719599,12.385351288302404
2014-02-07,0.8094993233229042,18.604,1.5598820672009015,6.6,0.07,81.2,101.7629,234.582,2.4546184723678532,3.7745798776566364,9.122877854694945,11.724407024759188
2014-02-14,2.315499265412546,14.356,1.5598820672009015,6.6,0.07,81.2,101.0251,234.582,1.5168910859917784,1.3471997881830067,7.984746040995616,7.990190184514678
2014-02-21,-0.1294444709643571,14.71,1.6423160290217398,6.6,0.07,81.2,101.0251,234.933,1.1637846217665393,2.4446570264636147,7.151528729152523,9.484004052501739
2014-02-28,1.2634418609598352,14.057999999999998,1.6154984039654208,6.6,0.07,81.6,101.0251,234.933,0.3033162922660759,1.0234225064719826,6.387373828287157,6.636372457150186
2014-03-07,0.999762745908228,14.462,1.6154984039654208,6.7,0.07,81.6,101.0251,234.933,-3.3199557176307293,-0.00958732014186836,5.340670309025031,4.7847747376259075
2014-03-14,-1.9653486300597045,15.502,1.6154984039654208,6.7,0.07,81.6,101.0251,234.933,1.2883376317923245,3.22628083060561,4.563502811231301,3.5304405353024926
2014-03-21,1.3790451831810602,14.96,1.0306310950723985,6.7,0.07,81.6,101.6276,235.169,-0.16715572747892926,3.056486196817798,3.486163856169311,1.0843703803111726
2014-03-28,-0.4768244819735479,14.614,1.0306310950723985,6.7,0.07,80.0,101.6276,235.169,1.266137293583891,4.942881026820034,5.245424991800629,5.757903188954017
2014-04-04,0.4021258773462932,13.48,1.0306310950723985,6.7,0.07,80.0,101.6276,235.169,0.7179286197354084,3.8105437089795746,6.6114804568966345,8.201217411007654
2014-04-11,-2.6486671055749977,15.44,1.0306310950723985,6.7,0.08,80.0,101.6276,235.169,3.424045181258295,8.106012505469206,10.336569555789833,11.908977276791632
2014-04-18,2.707512613172991,14.815,1.420332271670821,6.7,0.08,80.0,103.2374,235.64,1.9132935184089872,5.1537650003917745,7.660669073750825,9.382522615426382
2014-04-25,-0.0777516256458832,13.418,1.420332271670821,6.7,0.08,84.1,103.2374,235.64,3.229039448677695,6.549313909693777,6.554685684671702,10.738433667717562
2014-05-02,0.952022646879236,13.45,1.420332271670821,6.3,0.08,84.1,103.2374,235.64,3.6307731602092774,4.594550696258337,6.871365701599852,9.909950481817287
2014-05-09,-0.1414054328212621,13.368,1.420332271670821,6.3,0.09,84.1,103.2374,235.64,3.0705705842307696,5.309611562082561,5.556087698690448,10.481354007808896
2014-05-16,-0.0330051490371907,12.428,1.684600154945337,6.3,0.09,84.1,102.7435,236.254,4.526962096682108,5.350770624676726,4.794821752679446,6.628288140439875
2014-05-23,1.2072275953560083,12.136,2.0601766853143744,6.3,0.09,84.1,102.7435,236.254,3.179635717883511,1.2954278405322706,0.2946533598319201,8.951180482521082
2014-05-30,1.212289026588631,11.54,2.0601766853143744,6.3,0.09,81.9,102.7435,236.254,3.2164151470835067,0.4169341253601022,-1.9136260989339404,8.58820203345816
2014-06-06,1.344894952590403,11.588,2.0601766853143744,6.3,0.09,81.9,102.7435,236.254,0.9300109481564123,0.28829393858860186,0.7766340643208469,5.579038751364118
2014-06-13,-0.6812165352979682,11.696000000000002,2.0601766853143744,6.3,0.09,81.9,102.7435,236.254,2.1723378120062087,2.698123569961397,4.229506507871483,5.61162416825185
2014-06-20,1.3795327073165442,11.358,2.265443361759223,6.3,0.09,81.9,103.6585,237.083,0.7881301737562074,2.063305267325255,3.5178106038552315,2.8809879904832414
2014-06-27,-0.0973082366350741,11.518,2.265443361759223,6.3,0.09,82.5,103.6585,237.083,-1.8261431766468994,2.3840364378296286,4.021499006734475,4.633450413665519
2014-07-04,1.2483671750771697,10.965,2.265443361759223,6.1,0.09,82.5,103.6585,237.083,-2.7122439950410415,0.005041585704135265,3.9316252768875515,0.48100416582534944
2014-07-11,-0.900052161967213,11.926,2.265443361759223,6.1,0.1,82.5,103.6585,237.083,-0.6358039631021439,2.176800789510902,5.081908904599497,4.467440894787278
2014-07-18,0.541278058965533,12.276,1.7768218971083272,6.1,0.1,82.5,103.9152,237.083,0.5146067607091798,0.23404904163242257,4.910988056087784,6.00388335423756
2014-07-25,0.0060658126479706,12.22,2.038687409849582,6.1,0.1,82.5,103.9152,237.693,1.2652036419077195,-0.5277122024839542,1.212632340692088,6.670242996030962
2014-08-01,-2.688614814703749,14.63,2.038687409849582,6.2,0.1,81.8,103.9152,237.693,4.288493648621738,-0.987975964992116,7.557846198192841,9.316155796248783
2014-08-08,0.3345163402634021,16.157999999999998,2.038687409849582,6.2,0.09,81.8,103.9152,237.693,2.793039630399785,-2.3208836682711453,8.137340558413243,7.230832962315348
2014-08-15,1.2150659916826625,13.366,2.038687409849582,6.2,0.09,81.8,104.3882,237.693,2.8306018312356684,0.48693631784306746,5.275535762942796,5.0300165111415
2014-08-22,1.705316707472071,11.908,1.9677007346196929,6.2,0.09,81.8,104.3882,237.909,-0.27912134178136316,1.4911498717567584,2.8369560192652576,6.019919119517136
2014-08-29,0.7528651438000411,11.828,1.9677007346196929,6.2,0.09,82.5,104.3882,237.909,-1.7705152213308817,1.4251011494486487,0.8011525013973175,2.87765238346247
2014-09-05,0.2166332644938373,12.335,1.9677007346196929,6.1,0.09,82.5,104.3882,237.909,-5.059493553902328,1.5993338667587453,2.1970358408381685,2.9511234766366634
2014-09-12,-1.1042392729200712,13.03,1.9677007346196929,6.1,0.09,82.5,104.3882,237.909,-4.974970403695089,3.926385739081284,0.4759385852694864,5.868429608010506
2014-09-19,1.252051576018598,12.728,1.6709060233121686,6.1,0.09,82.5,104.1152,237.428,-2.279151800782997,2.843216946157101,2.241839720540062,3.5206877420920435
2014-09-26,-1.3703764670493612,14.476,1.6709060233121686,6.1,0.09,84.6,104.1152,237.428,1.7752262488636372,4.666018243474146,5.756361603439442,6.800311041205531
2014-10-03,-0.753962798797081,15.942000000000002,1.6709060233121686,5.9,0.09,84.6,104.1152,237.428,3.2532150382137193,1.749577275953107,7.236141198608914,7.134001367281706
2014-10-10,-3.1388799616302587,17.554,1.6709060233121686,5.9,0.09,84.6,104.1152,237.428,7.01368432708076,8.631095310366899,10.406949925190535,11.015517946602271
2014-10-17,-1.016194859089814,24.0575,1.6709060233121686,5.9,0.09,84.6,105.0728,237.428,9.36738055288384,10.706714617653912,9.778668142479741,12.506623496458168
2014-10-24,4.124528073855527,17.032,1.7586906811233094,5.9,0.09,84.6,105.0728,237.633,5.241838196591853,4.765395006126205,4.521065483505771,8.21957396243369
2014-10-31,2.721706113749489,14.826,1.7586906811233094,5.9,0.09,86.9,105.0728,237.633,2.8403690182342123,1.3260330080100635,4.462230700393932,4.427038060918198
2014-11-07,0.6872968846952876,14.116,1.575570535206694,5.8,0.09,86.9,105.0728,237.633,-1.4562624143995007,-0.6151816867621229,1.4321417652553903,2.997659005391773
2014-11-14,0.3887900199267102,13.1975,1.575570535206694,5.8,0.09,86.9,105.0728,237.633,1.5114057547468862,0.5882932016692433,1.3305103079225722,2.6615173183093477
2014-11-21,1.1608894085979091,13.658,1.579417560387597,5.8,0.09,86.9,104.8568,237.642,1.22461931336324,-3.320087703689123,1.86867257541794,2.25296778455899
2014-11-28,0.1967559289435483,12.5675,1.639807021145567,5.8,0.09,88.8,104.8568,237.642,-0.45271272207887403,-0.5847514726536551,0.6587413502337602,1.641061477251693
2014-12-05,0.3777427679204637,12.762,1.639807021145567,5.8,0.09,88.8,104.8568,237.642,-1.4725112566988607,1.0417357784920256,2.0391458790059103,0.06793545390761935
2014-12-12,-3.5193800145776,17.758,1.639807021145567,5.8,0.09,88.8,104.8568,237.642,0.8535100740488577,5.392222817570813,5.291839273912213,3.7101857717391384
2014-12-19,3.412022383347724,19.346,1.3446664414866971,5.8,0.09,88.8,106.6617,237.032,-0.9093683081365933,1.634757165754297,2.1949724702884144,2.7039814973550236
2014-12-26,0.8750932336263118,14.73,1.3446664414866971,5.8,0.09,93.6,106.6617,237.032,-4.489724977856624,-0.8382928518648081,1.6258353298809425,-0.4366262011720412
2015-01-02,-1.4635440030987934,16.9925,1.3446664414866971,5.8,0.09,93.6,106.6617,237.032,-0.13263922522182003,-0.23321586541643624,3.297060977153232,2.217478272349771
2015-01-09,-0.6505632540949824,18.982,1.3446664414866971,5.6,0.12,93.6,106.6617,237.032,2.5518229148632887,3.095154916541465,3.060422835919119,1.6021052727094975
2015-01-16,-1.2416808368938992,20.996,0.9671337013173132,5.6,0.12,93.6,106.5114,236.149,4.500302210790208,2.059996171210754,3.635203800209208,3.571322139414157
2015-01-23,1.604422245446413,17.95,0.6679966919883151,5.6,0.12,93.6,106.5114,236.149,2.5674732620559304,0.737876230552259,2.0610988124468044,-3.9443055928217507
2015-01-30,-2.7697398520154404,18.582,0.6679966919883151,5.6,0.12,98.1,106.5114,236.149,3.823077805131714,5.366947648032849,5.764439950222022,-0.30676821172762603
2015-02-06,3.03159317915398,17.845999999999997,0.6679966919883151,5.7,0.11,98.1,106.5114,236.149,-0.10071022145202724,1.2508069348590833,2.2389049797457483,-6.531353019673447
2015-02-13,2.019976945566704,16.554,0.6679966919883151,5.7,0.11,98.1,106.5114,236.149,0.5298121342311779,0.9871268469699102,-0.9637604867746674,-6.482622331976695
2015-02-20,0.6347220852619406,15.21,0.7203935309513465,5.7,0.11,98.1,106.1878,236.284,-2.3352143371385026,-0.0952475818185694,-1.5959783377405334,-7.215562527035302
2015-02-27,-0.2748447469043902,13.868,-0.1089672374677053,5.7,0.11,95.4,106.1878,234.677,-1.7837984824186193,0.5512044502851365,1.0520262569791328,-8.228084304095384
2015-03-06,-1.5794720947671648,14.074000000000002,-0.1089672374677053,5.5,0.11,95.4,106.1878,234.677,1.4870199145886165,2.4849594189263247,0.405062258652622,-5.788748097716134
2015-03-13,-0.8622822503050243,16.008000000000003,-0.1089672374677053,5.5,0.11,95.4,106.1878,234.677,1.3528796443969204,3.5385292541927793,2.4564229057040032,-1.8754207425137892
2015-03-20,2.663884187881038,14.466,-0.2092112480811758,5.5,0.11,95.4,105.8028,234.677,0.45490457311121446,-0.03368934325813644,-1.4482248414492638,-3.5572367928856763
2015-03-27,-2.233294243349393,14.668,0.0072288439377565,5.5,0.11,93.0,105.8028,235.186,2.293525491421544,1.5434133726165866,1.480821110034225,0.6855771743407679
2015-04-03,0.2882039645399015,14.895,0.0072288439377565,5.5,0.11,93.0,105.8028,235.186,2.3774111568403367,1.3135303536340182,-4.647886176057736,0.5999219490807395
2015-04-10,1.698150826314504,13.834,0.0072288439377565,5.5,0.11,93.0,105.8028,235.186,0.9833173790870786,0.37724572179589355,-5.384720717841185,-0.1360621172636023
2015-04-17,-0.993317334952526,13.388,0.242804111086059,5.5,0.11,93.0,105.2161,235.74,2.1564750971697855,0.9758915260027257,-7.686022650208857,-2.7936024028586526
2015-04-24,1.754293764347592,12.806,0.0424376167034612,5.5,0.11,93.0,105.2161,235.74,-0.48638134538643296,-1.931817841199579,-7.3967340315225005,-1.3467514282242798
2015-05-01,-0.4438752888209829,13.234,0.0424376167034612,5.5,0.11,95.9,105.2161,235.74,-0.7332938377100473,-1.5021615284528278,-7.127103338800678,-0.8623069551051965
2015-05-08,0.3704451687882137,14.06,0.0424376167034612,5.4,0.12,95.9,105.2161,235.74,-1.039175332902753,0.49807638748038396,-8.731162199773735,-1.1535444980621201
2015-05-15,0.3133066729614109,13.318,0.0424376167034612,5.4,0.12,95.9,105.1786,235.74,-0.6001700805847054,-2.029465759723559,-8.073094397024771,-5.198964840888176
2015-05-22,0.1568771419653059,12.54,-0.1151303258357439,5.4,0.12,95.9,105.1786,235.982,-1.1556620077621926,-1.0451243187279302,-5.228923025760812,-5.66823167946321
2015-05-29,-0.8781579777183746,13.62,-0.1151303258357439,5.4,0.12,90.7,105.1786,235.982,-1.4525011906459606,-1.4150122065105242,-3.524734909670202,-2.201771134385855
2015-06-05,-0.6908932468738804,14.158,-0.1151303258357439,5.5,0.12,90.7,105.1786,235.982,-0.7745473990904417,-0.0616408888606812,-0.8447974809827841,-2.336077698317085
2015-06-12,0.0611626003589327,13.922,-0.1151303258357439,5.5,0.12,90.7,105.1786,235.982,1.553394209834491,-5.884126738929584,-0.7043564685411674,-8.217336687078669
2015-06-19,0.7583117409260876,14.37,-0.0219332470063227,5.5,0.12,90.7,105.1018,237.031,-1.4379256788443318,-5.740311360611427,-0.51137868484874,-10.884413444737618
2015-06-26,-0.402845512980643,13.228,-0.0219332470063227,5.5,0.12,96.1,105.1018,237.031,0.11183006662751627,-8.5782002469184,-3.733063280645288,-9.2596189715189
2015-07-03,-1.1758305322569829,17.490000000000002,-0.0219332470063227,5.3,0.13,96.1,105.1018,237.031,0.03804153792674736,-5.572568054207072,0.5965914734994415,-6.574602853279943
2015-07-10,-0.0077000022688511,17.912,-0.0219332470063227,5.3,0.13,96.1,105.1018,237.031,0.7184714118635638,-5.710726141439848,0.6496128070185847,-9.465865553956142
2015-07-17,2.408710913307055,12.912,0.2965206277970145,5.3,0.13,96.1,105.7065,237.786,-7.323754175459973,-9.18349775339965,-1.6434353222588127,-12.313314736318548
2015-07-24,-2.209588487377101,12.594,0.0391260996327247,5.3,0.13,96.1,107.1086,237.786,-4.365153342601302,-6.168822783469762,-3.235155453364491,-7.783515526553297
2015-07-31,1.1631854726900317,13.157999999999998,0.0391260996327247,5.3,0.13,93.1,107.1086,237.786,-8.680323102436983,-4.227986421314567,-4.671934888409202,-7.405032348190543
2015-08-07,-1.2486699765089648,13.046,0.0391260996327247,5.3,0.13,93.1,107.1086,237.786,-5.608476041593358,-2.140004021280617,-0.7980514533545202,-3.734173846000033
2015-08-14,0.6724187509187907,13.174,0.0391260996327247,5.3,0.13,93.1,107.477,237.786,-6.383335115375965,-0.7836396345582974,-2.275839657250167,-3.3157432495212857
2015-08-21,-5.76847787566821,17.846,0.0798624684227977,5.3,0.13,93.1,107.477,238.099,-2.006710092099162,5.503609636623286,-2.479082292183532,3.992615665598098
2015-08-28,0.9122772115701894,31.846000000000004,0.0798624684227977,5.3,0.13,91.9,107.477,238.099,-1.8859960609650006,5.547368924341711,-5.457372242980862,2.366667826686597
2015-09-04,-3.40143018800364,27.866,0.0798624684227977,5.1,0.13,91.9,107.477,238.099,4.875550190696343,5.299761084729471,-0.7453569350428069,7.888740534915506
2015-09-11,2.0731659431180605,24.675,0.0798624684227977,5.1,0.13,91.9,107.477,238.099,3.674558768477043,6.533228110288936,-1.0611691734327189,4.413448132521203
2015-09-18,-0.1540001252418155,22.312,0.0092472331858051,5.1,0.14,91.9,107.0793,237.931,5.9815156710815165,6.7455593708350525,-3.9825732650664913,6.266499968641215
2015-09-25,-1.3631079747100094,22.36,0.2118536988055419,5.1,0.14,87.2,107.0793,237.931,7.6641163244759225,8.302524590373217,-3.446308661415165,8.296836141773124
2015-10-02,1.036587026911473,24.49,0.2118536988055419,5.1,0.14,87.2,107.0793,237.931,7.576252814965723,3.1265379132304316,-1.7208488596038518,5.839007888441161
2015-10-09,3.255679616973861,18.368,0.2118536988055419,5.1,0.14,87.2,107.0793,237.931,0.40448979124472206,-0.46354717887381325,-3.317300961063907,2.0968825902419663
2015-10-16,0.9042662661814748,16.700000000000003,0.0581228835689229,5.1,0.14,87.2,107.0917,237.566,2.7573489347524793,1.3712984090229474,-1.6290311569868487,0.6640073629693877
2015-10-23,2.067764031217334,15.268,0.0581228835689229,5.1,0.14,87.2,107.0917,237.566,0.7209216578150768,-1.5039858519257376,-2.552102904840059,-1.1001534857115747
2015-10-30,0.2028867925815802,14.946000000000002,-0.0281947372629209,5.1,0.14,90.0,107.0917,237.566,0.5929628995173131,-7.5662737571736915,-1.4321727723149436,0.947404497256632
2015-11-06,0.9541321716803886,14.716,-0.0281947372629209,5.0,0.12,90.0,107.0917,237.566,-4.136335655220213,-10.426352906258584,-3.013529498717382,-0.003337860185059771
2015-11-13,-3.628044678014541,17.564999999999998,-0.0281947372629209,5.0,0.12,90.0,107.0917,237.566,-0.8645399941011656,-5.74086584575253,2.458675521687903,3.6099151715611955
2015-11-20,3.2688370736915884,17.262,0.1721141423960404,5.0,0.12,90.0,107.2123,238.042,-1.3488578092936465,-7.128665317321947,-1.9897829206613205,-0.8591905801403121
2015-11-27,0.0450028280146508,15.465,0.1683204147415073,5.0,0.12,91.3,107.2123,238.042,-2.2089824766492905,-10.050191032895228,-0.4487862586672442,-2.521401769937981
2015-12-04,0.0755861606891006,15.925999999999998,0.1683204147415073,5.0,0.12,91.3,107.2123,238.042,-8.111140602192313,-10.848161939184099,-0.005252369343800023,0.5383211700131341
2015-12-11,-3.792146470606228,19.356,0.1683204147415073,5.0,0.12,91.3,107.2123,238.042,-6.561419588986217,-4.700426166650562,2.630234690408173,5.840372670619054
2015-12-18,-0.3389012112887002,20.236,0.1973556862844061,5.0,0.12,91.3,106.5339,238.111,-4.9188512882889945,-2.867043883227871,2.572353842784647,7.787885497921843
2015-12-25,2.764325998179129,16.6525,0.4552127982719645,5.0,0.12,92.6,106.5339,238.111,-5.858834859565166,-2.959742661974951,-0.6977231791978511,5.533265062074877
2016-01-01,-0.8272747033665206,17.1225,0.4552127982719645,5.0,0.12,92.6,106.5339,238.111,-8.018332107418347,-1.0641212865107774,0.40999868848199394,6.343638265652429
2016-01-08,-5.964456667229657,22.526,0.4552127982719645,5.0,0.24,92.6,106.5339,238.111,-2.9786215161759833,6.636215193515249,9.210575620487948,13.571072455410471
2016-01-15,-2.1695848975597065,24.592,0.4552127982719645,5.0,0.24,92.6,106.0222,238.111,1.9916756163777416,8.27567442886803,11.636251714933055,16.152489183903928
2016-01-22,1.4130535055200788,25.6675,0.7190375567967644,5.0,0.24,92.6,106.0222,237.847,2.1579539507692314,8.698935589650713,9.920291652596692,14.524625791986278
2016-01-29,1.7483856202978876,22.476,0.7190375567967644,5.0,0.24,92.0,106.0222,237.847,3.0795159516726844,5.533335355003888,6.750710279552985,11.792358160831796
2016-02-05,-3.1021905387579984,21.766,0.7190375567967644,4.9,0.34,92.0,106.0222,237.847,7.56043131227937,10.674180283961764,8.369989163301739,15.953295064010575
2016-02-12,-0.8122134589325536,26.474,0.7190375567967644,4.9,0.34,92.0,106.0222,237.847,9.910018657686127,12.162295030242355,12.772011611728962,14.105150482336049
2016-02-19,2.842158279654239,22.1475,0.8291375360471642,4.9,0.34,92.0,106.8477,238.107,6.161285981932796,7.692228372267307,11.060698818761061,11.543549282535093
2016-02-26,1.5783885048770818,20.0,0.7715291767534049,4.9,0.34,91.7,106.8477,238.107,6.402811906387296,5.599950772087459,10.969427686665378,11.120858661123645
2016-03-04,2.666252924943846,17.78,1.4615833677778411,4.9,0.34,91.7,106.8477,238.107,2.3805111817576385,2.3310114222984124,8.752045756088389,8.414043576145813
2016-03-11,1.1100031140292677,17.782,1.4615833677778411,4.9,0.38,91.7,106.8477,238.107,2.8948833076378078,1.4899751173805376,7.487434941186,6.505326039582782
2016-03-18,1.3544789318703954,15.442000000000002,1.2911363278037546,4.9,0.38,91.7,106.3275,237.707,2.0492002458582848,2.414152098610134,6.503285257555613,4.069121437794476
2016-03-25,-0.6655088456572145,14.41,1.2911363278037546,4.9,0.38,91.7,106.3275,237.707,1.442091037400428,3.1037232543610127,7.274777826676626,5.168127436531722
2016-04-01,1.8094879490982985,13.934,1.071917546112422,5.0,0.38,91.0,104.1893,237.707,-0.754548794261356,1.1236136364359162,5.359473090268474,2.587340772030311
2016-04-08,-1.2147962328389994,15.03,1.071917546112422,5.0,0.36,91.0,104.1893,237.707,-0.04834881061626106,1.1535453896666548,5.930849039095687,1.8353172740165347
2016-04-15,1.6179920530294156,14.458000000000002,1.162484161472177,5.0,0.36,91.0,103.3759,237.92,-1.365381975366875,-2.0819590574315483,4.769960587468436,4.169209883756975
2016-04-22,0.5214563041863629,13.407999999999998,0.9247476032917534,5.0,0.36,91.0,103.3759,237.92,0.35762343249392536,0.54360209134654,1.7321823270199266,4.3182580080662
2016-04-29,-1.256467757162505,14.546,0.9247476032917534,5.0,0.36,89.0,103.3759,237.92,1.63801061272284,3.127867718411159,3.576229193581759,7.168452298838113
2016-05-06,-0.3951075416199323,15.392,0.9247476032917534,5.0,0.37,89.0,103.3759,237.92,1.8924418276902166,5.084734297051607,5.228134907895687,6.553276181173939
2016-05-13,-0.5118712278417648,14.468,0.9247476032917534,5.0,0.37,89.0,103.3759,237.92,1.2024755829252332,6.274768757333726,5.944465973021629,10.40354759672184
2016-05-20,0.2790020105775781,15.545999999999998,1.3362178671417535,5.0,0.37,89.0,104.147,238.89,-0.7264965348025232,5.90941106928935,4.941720516141301,10.0252393947732
2016-05-27,2.277422072461577,14.138,1.2322973786136115,5.0,0.37,94.7,104.147,238.89,0.18531592567823107,3.992742287226325,1.615957663342149,7.847797388851729
2016-06-03,0.003326451687946,13.8725,1.2322973786136115,4.7,0.37,94.7,104.147,238.89,1.4658463863142623,4.045493645292941,2.002259585793742,6.655147756999336
2016-06-10,-0.1457658469911082,14.69,1.2322973786136115,4.7,0.37,94.7,104.147,238.89,3.133002224796866,4.188793597765894,1.4474632412334376,8.630909569305324
2016-06-17,-1.1855566295882691,20.078,1.4526531684619923,4.7,0.37,94.7,103.5527,239.41,5.012024799978598,4.722823733983561,0.673997022767181,9.821261128818781
2016-06-24,-1.6323682178460253,20.206,1.0036661871231978,4.7,0.37,93.5,103.5527,239.41,6.684470047355817,6.997606956739322,6.38408293406838,11.480262710507194
2016-07-01,3.216825081485153,17.928,1.0036661871231978,4.7,0.37,93.5,103.5527,239.41,3.800383645416261,1.1821540216885085,3.7542477474501457,9.117667785081007
2016-07-08,1.2815307923451646,14.625,1.0036661871231978,4.9,0.38,93.5,103.5527,239.41,2.542379875448053,0.4347626738437471,3.918033670064469,7.865159266259858
2016-07-15,1.4949100591810982,13.124,1.22178111723783,4.9,0.38,93.5,104.1342,239.927,1.023718257195494,0.13646188649891755,1.397483558335999,7.140549192742651
2016-07-22,0.6147843460609259,12.188,0.9003894257862077,4.9,0.38,93.5,104.1342,239.927,-0.27539804755297714,-0.31080075560199205,3.885003832674272,8.09781384349153
2016-07-29,-0.0657430757904142,12.668,0.9003894257862077,4.9,0.38,90.0,104.1342,239.927,0.2935168626178708,-0.9136964726533914,3.886178087413872,8.913322668842394
2016-08-05,0.4264822927292577,12.496,0.9003894257862077,4.9,0.39,90.0,104.1342,239.927,-2.522369890916454,-2.2855293279213207,3.7070424501142396,9.173702018423802
2016-08-12,0.0540541386926607,11.688,0.9003894257862077,4.9,0.39,90.0,104.1342,239.927,-2.055362089473922,-1.9637890963974725,2.508185621765735,8.63304615795293
2016-08-19,-0.0082384394405998,11.882,0.8587553514504576,4.9,0.39,90.0,104.9141,239.828,-0.8782654073746454,-2.6311182439789693,4.263525680783675,8.900707110862061
2016-08-26,-0.6790732657718235,13.076,0.7261685265372853,4.9,0.39,89.8,104.9141,239.828,-0.035500475665861675,-3.8662314162776545,4.868506418224827,8.06531637294543
2016-09-02,0.5043678866794243,12.988,0.7261685265372853,4.9,0.39,89.8,104.9141,239.828,-1.2036803305291444,-0.5733997610984032,4.189491598237605,8.382645339480677
2016-09-09,-2.393137659171629,13.4925,0.7261685265372853,4.9,0.4,89.8,104.9141,239.828,0.24296914351538135,2.542042863814009,7.84279979025897,10.702552116858355
2016-09-16,0.533405388783903,16.564,0.9265053612153018,4.9,0.4,89.8,104.4016,240.305,0.0934946465983133,3.4681925893851107,7.3982318418433834,8.872176315016688
2016-09-23,1.1934605333782766,13.812,0.9977682605461168,4.9,0.4,89.8,104.4016,240.305,-1.7683839410279512,1.2593032029296403,6.994542421703098,8.50006259466738
2016-09-30,0.1653852617190088,13.46,0.9977682605461168,4.9,0.4,91.2,104.4016,240.305,-3.83209135126944,4.2088858372608895,8.434830114824155,9.958627370926187
2016-10-07,-0.6701208413155246,13.302,0.9977682605461168,5.0,0.4,91.2,104.4016,240.305,0.6379595632098223,4.844135253004511,9.917636233935823,11.401099944353277
2016-10-14,-0.9639051073832672,16.02,0.9977682605461168,5.0,0.4,91.2,104.4016,240.305,2.293501220027805,6.132737287342116,11.727261343717753,12.091999185961356
2016-10-21,0.3834978159910962,14.598,1.446334913245173,5.0,0.4,91.2,104.226,241.002,3.3715457280234506,4.561554018606895,10.809103245299934,11.235502168652921
2016-10-28,-0.688878953719485,14.454000000000002,1.446334913245173,5.0,0.4,87.2,104.226,241.002,3.0821921346992243,7.080952148591657,11.843440272567364,13.61027121825764
2016-11-04,-1.938947906231792,19.906,1.446334913245173,4.9,0.4,87.2,104.226,241.002,8.361393422728302,9.086024570955464,12.411401284900169,16.971683419200588
2016-11-11,3.946903937607482,16.6425,1.446334913245173,4.9,0.4,87.2,104.226,241.002,4.179512092703774,4.790359267934052,9.007695203355537,12.193424688764276
2016-11-18,0.6652851239660196,13.553999999999998,1.6051789180060672,4.9,0.4,87.2,104.2687,241.863,3.7531573575298127,5.1693498377878955,7.958208189671345,11.515193695646332
2016-11-25,1.441413296673999,12.4,1.6051789180060672,4.9,0.4,93.8,104.2687,241.863,1.1511952174096285,3.7983066622751416,5.222845388898767,10.163324428886256
2016-12-02,-0.9668667648663364,13.514,1.6051789180060672,4.6,0.41,93.8,104.2687,241.863,3.8791957476682404,5.663913376215657,7.1507102682969,10.559545888069044
2016-12-09,3.083103156113109,12.108,1.6051789180060672,4.6,0.41,93.8,104.2687,241.863,0.6687170821072064,4.05526289203666,5.51751560096756,7.3311662246550835
2016-12-16,-0.0646134779609175,12.708,1.7794222022502248,4.6,0.41,93.8,103.8589,242.348,0.5863409829436561,4.839088966386318,6.254011896350531,8.910261642946239
2016-12-23,0.253312365425451,11.46,1.7794222022502248,4.6,0.41,98.2,103.8589,242.348,1.3649632611929974,5.271252018337247,5.614913975586244,9.221261530351498
2016-12-30,-1.1025740243930326,13.0875,1.7794222022502248,4.6,0.41,98.2,103.8589,242.348,2.61698484054087,5.974996532263921,6.38279357330358,10.419282008512742
2017-01-06,1.7040106221772875,11.9225,1.7794222022502248,4.7,0.54,98.2,103.8589,242.348,1.7180703178359513,4.447558625895454,6.097554176213826,8.776980885668916
2017-01-13,-0.1027715619240199,11.416,1.7794222022502248,4.7,0.54,98.2,103.8589,242.348,3.3640498340386404,3.0483984791120022,7.22884428070425,7.327761037037472
2017-01-20,-0.1463895008277926,12.1675,2.066683185573126,4.7,0.54,98.2,104.5712,243.032,4.227957734503729,4.024545735775531,7.064643610870447,6.790794134459621
2017-01-27,1.0293567240650336,10.972,2.179972839682653,4.7,0.54,98.5,104.5712,243.032,3.853687340741896,2.6517786372027174,6.0339289609056435,6.4653661806246765
2017-02-03,0.1189694703188193,11.716,2.179972839682653,4.8,0.65,98.5,104.5712,243.032,3.272374156131308,1.3724103720290648,6.132101737767948,7.797012868545572
2017-02-10,0.8130936623029106,11.168,2.179972839682653,4.8,0.65,98.5,104.5712,243.032,2.683385852219522,1.4070999687353813,4.633211429925543,6.274764813983658
2017-02-17,1.5137434901282276,11.406,2.653386420682202,4.8,0.65,98.5,104.5548,244.158,-0.30537827748957636,1.405265498630337,3.14823416093557,6.340277732348465
2017-02-24,0.6881784474937591,11.6225,2.541294460053667,4.8,0.65,96.3,104.5548,244.158,-0.19516068735255798,1.349613912057035,3.883258350199159,5.6975287793433305
2017-03-03,0.6665721320562534,12.064,2.541294460053667,4.8,0.66,96.3,104.5548,244.158,-1.1573096096200608,0.32645375699447143,3.7522205125157804,5.716874665770555
2017-03-10,-0.4414389125994011,11.702,2.541294460053667,4.7,0.66,96.3,104.5548,244.158,-1.839759954806297,0.38480495813513205,4.193711367469377,7.448789226778252
2017-03-17,0.2381312531062995,11.554,2.66644827745508,4.7,0.66,96.3,104.7361,244.456,-1.2429331901082752,1.579735871307686,4.1450679333543405,7.35498462630082
2017-03-24,-1.440976328445287,12.54,2.8392096151985458,4.7,0.66,96.3,104.7361,244.456,1.7158837122440929,4.056779011892808,4.152769592817052,9.864844512132276
2017-03-31,0.7994944662721659,11.872,2.8392096151985458,4.7,0.66,96.9,103.7332,244.456,1.547795287331133,2.9224812793864574,2.659226607641574,9.241471709034954
2017-04-07,-0.3038841559581118,12.464,2.8392096151985458,4.5,0.79,96.9,103.7332,244.456,1.501136159643579,3.294780050189172,3.71507205627688,9.86185948766889
2017-04-14,-1.128831921753615,15.2125,2.8392096151985458,4.5,0.79,96.9,103.7332,244.456,2.266258631720164,4.695253223506479,6.337624283509391,10.878297214105825
2017-04-21,0.8475918610634903,14.558000000000002,2.451244115669149,4.5,0.79,96.9,104.0998,243.752,2.858194509613776,3.181346732314405,4.800122325506817,9.79951215323862
2017-04-28,1.5119070908254484,10.726,2.451244115669149,4.5,0.79,97.0,104.0998,243.752,2.3014058514903457,1.7188147516154162,4.86662325615117,9.152754599959923
2017-05-05,0.6329204009591471,10.482,2.451244115669149,4.4,0.9,97.0,104.0998,243.752,1.3537329768368078,2.4999053675139216,4.2900162116641605,10.12507565511116
2017-05-12,-0.3496924749468166,10.188,2.6218897108271744,4.4,0.9,97.0,104.0998,244.158,1.7671170574135031,3.414619601544966,5.37288093709809,10.899665745135877
2017-05-19,-0.383534328058277,12.672,2.205199045585826,4.4,0.9,97.0,105.1241,244.158,2.3751671609827607,3.794305732747838,7.036905905818247,12.347330744315554
2017-05-26,1.4313162352650677,10.294,2.205199045585826,4.4,0.9,97.1,105.1241,244.158,0.3141725598444278,2.5254368305275943,5.685433915982863,11.073673202529744
2017-06-02,0.962406112297498,10.1075,2.205199045585826,4.3,0.91,97.1,105.1241,244.158,-0.5694849401392199,0.09224827237181987,5.581631062763948,9.615961513572291
