experiment_name,phase,group,hidden_size,dropout,learning_rate,encoder_length,attention_heads,batch_size,created_at,best_val_loss,total_epochs,early_stopped,test_mse,test_rmse,test_mae,test_r2,dir_acc,sharpe_ratio,max_drawdown,total_return,num_trades,precision,recall,f1_score,auc_roc,alpha,has_collapse,has_degradation,predicted_down,predicted_up,pct_down_predictions,pct_up_predictions,evaluated,collapse_type,pred_std,pred_mean,pred_min,pred_max,num_unique,num_positive,num_negative,num_zero,pct_positive,pct_negative,collapsed,composite_score
exp001_baseline,00_baseline_exploration,early_exp,32,0.15,0.001,20,2,64,2025-10-08T19:23:54.646635,0.13710516691207886,11,True,1.1851791143417358,1.0886592864990234,0.7748648524284363,-0.0071527957916259766,0.53671875,0.8329736080938573,-0.2524605989456177,0.9216080904006958,1280,0.53671875,1.0,0.6985256736146417,0.5421253783220542,0.0,False,False,0,1280,0.0,1.0,True,,0.015194408097099646,0.15151782942265624,0.10410271,0.17755228,1264,1280,0,0,100.0,0.0,True,0.5788441283220542
exp002_small,00_baseline_exploration,early_exp,16,0.15,0.001,20,2,64,2025-10-08T19:25:48.968177,0.15519025921821594,12,True,1.1781718730926514,1.085436224937439,0.7719983458518982,-0.0011980533599853516,0.5375,0.9358715397047245,-0.18902237713336945,0.6446120738983154,753,0.5630810092961488,0.6171761280931587,0.5888888888888889,0.5422382919603035,-0.27699601650238037,False,False,527,753,0.41171875,0.58828125,True,,0.05088406677678113,0.030250021301773438,-0.0483336,0.11865716,1268,753,527,0,58.828125,41.171875,False,0.5797382919603035
exp003_large,00_baseline_exploration,early_exp,64,0.15,0.001,20,2,64,2025-10-08T19:27:45.697420,0.14767727255821228,11,True,1.1804351806640625,1.086478352546692,0.7770892381668091,-0.0031213760375976562,0.47734375,0.22499262486400587,-0.2505616247653961,0.1150825023651123,638,0.5141065830721003,0.4774381368267831,0.4950943396226415,0.47656673809681604,-0.8065255880355835,False,False,642,638,0.5015625,0.4984375,True,,0.041475761646396256,0.006922931616046875,-0.0556731,0.13244054,1269,638,642,0,49.84375,50.15625,True,0.45391048809681606
exp004_attn1,00_baseline_exploration,early_exp,32,0.15,0.001,20,1,64,2025-10-08T19:29:43.892583,0.11910074949264526,11,True,1.2625256776809692,1.1236217021942139,0.8097454905509949,-0.07288110256195068,0.53671875,0.8329736080938573,-0.2524605989456177,0.9216080904006958,1280,0.53671875,1.0,0.6985256736146417,0.49342032592767143,0.0,False,False,0,1280,0.0,1.0,True,,0.02573405484213286,0.35185588105468746,0.31665885,0.41654631,1258,1280,0,0,100.0,0.0,True,0.5301390759276714
exp005_attn4,00_baseline_exploration,early_exp,32,0.15,0.001,20,4,64,2025-10-08T19:31:35.108441,0.17683684825897217,12,True,1.1751062870025635,1.0840232372283936,0.7716110348701477,0.001407027244567871,0.53671875,0.8329736080938573,-0.2524605989456177,0.9216080904006958,1280,0.53671875,1.0,0.6985256736146417,0.5263051957456104,0.0,False,False,0,1280,0.0,1.0,True,,0.02098585246338131,0.08161529997421875,0.04043625,0.15000504,1273,1280,0,0,100.0,0.0,True,0.5630239457456104
exp006_monthly,00_baseline_exploration,early_exp,32,0.15,0.001,12,2,64,2025-10-08T19:33:45.828191,1.910372018814087,50,False,21.188587188720703,4.6031060218811035,3.803274631500244,-0.003203153610229492,0.6274509803921569,3.274471076839194,-0.24769513309001923,0.5335338115692139,51,0.6274509803921569,1.0,0.7710843373493976,0.5032894736842105,0.0,False,False,0,51,0.0,1.0,True,,0.03939160875835092,1.124868580392157,1.0427474,1.2263265,51,51,0,0,100.0,0.0,True,0.6307404540763674
sweep_baseline,00_baseline_exploration,sweep1,32,0.15,0.001,20,2,64,2025-10-16T19:22:27.964406,0.13702630996704102,11,True,1.1850945949554443,1.0886205434799194,0.7748261094093323,-0.007081031799316406,0.53671875,0.8329736080938573,-0.2524605989456177,0.9216080904006958,1280,0.53671875,1.0,0.6985256736146417,0.5422235640944449,0.0,False,False,0,1280,0.0,1.0,True,,0.015213197229616364,0.15106901558828126,0.103586964,0.17710389,1260,1280,0,0,100.0,0.0,True,0.578942314094445
sweep_combo1,00_baseline_exploration,sweep1,48,0.2,0.0005,60,2,64,2025-10-16T19:56:13.589075,0.14941918849945068,12,True,1.16689133644104,1.0802274942398071,0.7649345397949219,-0.0031434297561645508,0.535483870967742,0.8480256095094529,-0.2524600625038147,0.9006913900375366,1240,0.535483870967742,1.0,0.6974789915966386,0.5376231488453815,0.0,False,False,0,1240,0.0,1.0,True,,0.023861284489652173,0.1207027824548387,0.06147646,0.14702094,1227,1240,0,0,100.0,0.0,True,0.5731070198131235
sweep_combo2,00_baseline_exploration,sweep1,64,0.15,0.0003,40,2,64,2025-10-16T19:58:12.275497,0.13855642080307007,12,True,1.1699919700622559,1.0816617012023926,0.7723828554153442,-0.0027256011962890625,0.5103174603174603,0.6293772920347097,-0.22583571076393127,0.5366873741149902,933,0.5305466237942122,0.7344213649851632,0.6160547604231488,0.46857181920377555,-0.3873552083969116,False,False,327,933,0.25952380952380955,0.7404761904761905,True,,0.04094336397922506,0.030760375909563487,-0.03290143,0.15068239,1252,933,327,0,74.04761904761905,25.952380952380956,True,0.47888927952123583
sweep_combo3,00_baseline_exploration,sweep1,32,0.25,0.0007,60,2,64,2025-10-16T20:00:08.189278,0.14779241383075714,11,True,1.1851106882095337,1.0886279344558716,0.7747258543968201,-0.018806099891662598,0.535483870967742,0.8480256095094529,-0.2524600625038147,0.9006913900375366,1240,0.535483870967742,1.0,0.6974789915966386,0.5393213478915663,0.0,False,False,0,1240,0.0,1.0,True,,0.01615716579410158,0.20803471612903227,0.17151624,0.247286,1221,1240,0,0,100.0,0.0,True,0.5748052188593082
sweep_dropout_0.1,00_baseline_exploration,sweep1,32,0.1,0.0005,20,2,64,2025-10-16T19:49:02.003976,0.1530822515487671,11,True,1.2088656425476074,1.0994842052459717,0.7860214114189148,-0.02728128433227539,0.53671875,0.8329736080938573,-0.2524605989456177,0.9216080904006958,1280,0.53671875,1.0,0.6985256736146417,0.5250422812482358,0.0,False,False,0,1280,0.0,1.0,True,,0.020513888601194574,0.2360797190625,0.18869017,0.2845565,1269,1280,0,0,100.0,0.0,True,0.5617610312482358
sweep_dropout_0.15,00_baseline_exploration,sweep1,32,0.15,0.0005,20,2,64,2025-10-16T19:50:42.852112,0.15444537997245789,11,True,1.2089200019836426,1.0995090007781982,0.7860465049743652,-0.027327537536621094,0.53671875,0.8329736080938573,-0.2524605989456177,0.9216080904006958,1280,0.53671875,1.0,0.6985256736146417,0.5241843830619723,0.0,False,False,0,1280,0.0,1.0,True,,0.020189766787623017,0.23615848184375002,0.19028933,0.28446668,1265,1280,0,0,100.0,0.0,True,0.5609031330619724
sweep_dropout_0.2,00_baseline_exploration,sweep1,32,0.2,0.0005,20,2,64,2025-10-16T19:52:30.495382,0.15493205189704895,11,True,1.2094767093658447,1.0997620820999146,0.7862895131111145,-0.027800559997558594,0.53671875,0.8329736080938573,-0.2524605989456177,0.9216080904006958,1280,0.53671875,1.0,0.6985256736146417,0.5233105296876956,0.0,False,False,0,1280,0.0,1.0,True,,0.020267818873566282,0.23761445801562503,0.19215252,0.2860006,1263,1280,0,0,100.0,0.0,True,0.5600292796876957
sweep_dropout_0.3,00_baseline_exploration,sweep1,32,0.3,0.0005,20,2,64,2025-10-16T19:54:18.612492,0.1507239192724228,12,True,1.1760303974151611,1.0844494104385376,0.7717678546905518,0.0006217360496520996,0.53671875,0.8329736080938573,-0.2524605989456177,0.9216080904006958,1280,0.53671875,1.0,0.6985256736146417,0.5452108662194305,0.0,False,False,0,1280,0.0,1.0,True,,0.012008381363551727,0.06566505637734374,0.029524928,0.08970954,1258,1280,0,0,100.0,0.0,True,0.5819296162194305
sweep_encoder_10,00_baseline_exploration,sweep1,32,0.15,0.0005,10,2,64,2025-10-16T19:42:03.761037,0.152070090174675,11,True,1.2015039920806885,1.0961313247680664,0.782599925994873,-0.026676177978515625,0.537984496124031,0.8573003844528377,-0.2524600327014923,0.9700032472610474,1290,0.537984496124031,1.0,0.6995967741935484,0.5203058816703092,0.0,False,False,0,1290,0.0,1.0,True,,0.0206259177563403,0.23507643475193798,0.18848772,0.28396618,1281,1290,0,0,100.0,0.0,True,0.5582903777943402
sweep_encoder_20,00_baseline_exploration,sweep1,32,0.15,0.0005,20,2,64,2025-10-16T19:43:45.329934,0.15444537997245789,11,True,1.2089200019836426,1.0995090007781982,0.7860465049743652,-0.027327537536621094,0.53671875,0.8329736080938573,-0.2524605989456177,0.9216080904006958,1280,0.53671875,1.0,0.6985256736146417,0.5241843830619723,0.0,False,False,0,1280,0.0,1.0,True,,0.020189766787623017,0.23615848184375002,0.19028933,0.28446668,1265,1280,0,0,100.0,0.0,True,0.5609031330619724
sweep_encoder_40,00_baseline_exploration,sweep1,32,0.15,0.0005,40,2,64,2025-10-16T19:45:28.749123,0.15325002372264862,11,True,1.198538064956665,1.0947775840759277,0.7834668755531311,-0.027190566062927246,0.5349206349206349,0.8491509303396099,-0.25245988368988037,0.9240425825119019,1260,0.5349206349206349,1.0,0.6970010341261634,0.5305217690726244,0.0,False,False,0,1260,0.0,1.0,True,,0.01910147746390085,0.237538329047619,0.19276926,0.28647855,1247,1260,0,0,100.0,0.0,True,0.5654424039932593
sweep_encoder_60,00_baseline_exploration,sweep1,32,0.15,0.0005,60,2,64,2025-10-16T19:47:14.511829,0.15337315201759338,11,True,1.1930533647537231,1.092269778251648,0.7785060405731201,-0.025634288787841797,0.535483870967742,0.8480256095094529,-0.2524600625038147,0.9006913900375366,1240,0.535483870967742,1.0,0.6974789915966386,0.5352386106927711,0.0,False,False,0,1240,0.0,1.0,True,,0.018162079430788843,0.2321621131290323,0.18863334,0.28001913,1231,1240,0,0,100.0,0.0,True,0.5707224816605131
sweep_hidden_16,00_baseline_exploration,sweep1,16,0.15,0.0005,20,2,64,2025-10-16T19:33:06.104161,0.13244730234146118,12,True,1.183201551437378,1.0877506732940674,0.7737127542495728,-0.0054721832275390625,0.52421875,0.8480382057224343,-0.18902210891246796,0.5204849243164062,586,0.5665529010238908,0.48326055312954874,0.5216025137470541,0.5438878129364664,-0.40112316608428955,False,False,694,586,0.5421875,0.4578125,True,,0.07691613160234725,-0.003492384702750001,-0.10324071,0.1523746,1276,586,694,0,45.78125,54.21875000000001,False,0.5681065629364663
sweep_hidden_24,00_baseline_exploration,sweep1,24,0.15,0.0005,20,2,64,2025-10-16T19:34:52.262867,0.10557609796524048,11,True,1.2373031377792358,1.112341284751892,0.7973648905754089,-0.051447272300720215,0.53671875,0.8329736080938573,-0.2524605989456177,0.9216080904006958,1280,0.53671875,1.0,0.6985256736146417,0.4735278884413254,0.0,False,False,0,1280,0.0,1.0,True,,0.046849677404255934,0.29676512840624997,0.18386987,0.38152215,1273,1280,0,0,100.0,0.0,True,0.5102466384413253
sweep_hidden_32,00_baseline_exploration,sweep1,32,0.15,0.0005,20,2,64,2025-10-16T19:36:37.516265,0.15444537997245789,11,True,1.2089200019836426,1.0995090007781982,0.7860465049743652,-0.027327537536621094,0.53671875,0.8329736080938573,-0.2524605989456177,0.9216080904006958,1280,0.53671875,1.0,0.6985256736146417,0.5241843830619723,0.0,False,False,0,1280,0.0,1.0,True,,0.020189766787623017,0.23615848184375002,0.19028933,0.28446668,1265,1280,0,0,100.0,0.0,True,0.5609031330619724
sweep_hidden_48,00_baseline_exploration,sweep1,48,0.15,0.0005,20,2,64,2025-10-16T19:38:22.491013,0.15297546982765198,12,True,1.1796958446502686,1.0861380100250244,0.7720786333084106,-0.002493143081665039,0.53671875,0.8329736080938573,-0.2524605989456177,0.9216080904006958,1280,0.53671875,1.0,0.6985256736146417,0.5307726483893851,0.0,False,False,0,1280,0.0,1.0,True,,0.03182996321313614,0.10362782372382813,0.010242263,0.14063293,1263,1280,0,0,100.0,0.0,True,0.5674913983893851
sweep_hidden_64,00_baseline_exploration,sweep1,64,0.15,0.0005,20,2,64,2025-10-16T19:40:18.049243,0.16334760189056396,11,True,1.186570167541504,1.0892980098724365,0.7766616940498352,-0.008334875106811523,0.53671875,0.8329736080938573,-0.2524605989456177,0.9216080904006958,1280,0.53671875,1.0,0.6985256736146417,0.49131424110989197,0.0,False,False,0,1280,0.0,1.0,True,,0.03927185138257973,0.14901493826953124,0.057977974,0.2381269,1275,1280,0,0,100.0,0.0,True,0.528032991109892
sweep_lr_0.0003,00_baseline_exploration,sweep1,32,0.15,0.0003,20,2,64,2025-10-16T19:24:14.431170,0.1373826563358307,12,True,1.186637282371521,1.0893287658691406,0.7755653262138367,-0.008391976356506348,0.53671875,0.8329736080938573,-0.2524605989456177,0.9216080904006958,1280,0.53671875,1.0,0.6985256736146417,0.5403064868885175,0.0,False,False,0,1280,0.0,1.0,True,,0.016140139817001638,0.15840131416796874,0.10772812,0.18650387,1273,1280,0,0,100.0,0.0,True,0.5770252368885175
sweep_lr_0.0005,00_baseline_exploration,sweep1,32,0.15,0.0005,20,2,64,2025-10-16T19:26:08.590830,0.15444537997245789,11,True,1.2089200019836426,1.0995090007781982,0.7860465049743652,-0.027327537536621094,0.53671875,0.8329736080938573,-0.2524605989456177,0.9216080904006958,1280,0.53671875,1.0,0.6985256736146417,0.5241843830619723,0.0,False,False,0,1280,0.0,1.0,True,,0.020189766787623017,0.23615848184375002,0.19028933,0.28446668,1265,1280,0,0,100.0,0.0,True,0.5609031330619724
sweep_lr_0.0007,00_baseline_exploration,sweep1,32,0.15,0.0007,20,2,64,2025-10-16T19:27:54.807103,0.14660105109214783,11,True,1.1999523639678955,1.0954233407974243,0.7820845246315002,-0.0197068452835083,0.53671875,0.8329736080938573,-0.2524605989456177,0.9216080904006958,1280,0.53671875,1.0,0.6985256736146417,0.5314317203865573,0.0,False,False,0,1280,0.0,1.0,True,,0.017890435405983972,0.2097372403359375,0.15954505,0.24591443,1256,1280,0,0,100.0,0.0,True,0.5681504703865573
sweep_lr_0.001,00_baseline_exploration,sweep1,32,0.15,0.001,20,2,64,2025-10-16T19:29:39.018136,0.13702630996704102,11,True,1.1850945949554443,1.0886205434799194,0.7748261094093323,-0.007081031799316406,0.53671875,0.8329736080938573,-0.2524605989456177,0.9216080904006958,1280,0.53671875,1.0,0.6985256736146417,0.5422235640944449,0.0,False,False,0,1280,0.0,1.0,True,,0.015213197229616364,0.15106901558828126,0.103586964,0.17710389,1260,1280,0,0,100.0,0.0,True,0.578942314094445
sweep_lr_0.002,00_baseline_exploration,sweep1,32,0.15,0.002,20,2,64,2025-10-16T19:31:24.238444,0.17011156678199768,11,True,1.1757500171661377,1.084320068359375,0.7720663547515869,0.0008599162101745605,0.53671875,0.8329736080938573,-0.2524605989456177,0.9216080904006958,1280,0.53671875,1.0,0.6985256736146417,0.5406034988499991,0.0,False,False,0,1280,0.0,1.0,True,,0.014043674939154007,0.050213884469531254,0.015347883,0.082183905,1257,1280,0,0,100.0,0.0,True,0.5773222488499992
sweep2_combo1,00_baseline_exploration,sweep2,12,0.2,0.0004,40,2,64,2025-10-16T23:10:22.405294,0.12528583407402039,15,True,1.1686885356903076,1.0810589790344238,0.7692925333976746,-0.0016084909439086914,0.5349206349206349,0.8491509303396099,-0.25245988368988037,0.9240425825119019,1260,0.5349206349206349,1.0,0.6970010341261634,0.4990378869972959,0.0,False,False,0,1260,0.0,1.0,True,,0.01950354876040715,0.07531123568650794,0.026537042,0.12618956,1240,1260,0,0,100.0,0.0,True,0.5339585219179308
sweep2_combo2,00_baseline_exploration,sweep2,10,0.15,0.0005,30,2,64,2025-10-16T23:12:48.005971,0.12488682568073273,14,True,1.192757487297058,1.0921343564987183,0.7808202505111694,-0.007865071296691895,0.4653543307086614,0.0,0.0,0.0,0,0.0,0.0,0.0,0.5397556374582907,-0.8470276594161987,False,False,1270,0,1.0,0.0,True,,0.011008674628150698,-0.04423505494094487,-0.07164824,-0.024247985,1223,0,1270,0,0.0,100.0,True,0.5051099681669521
sweep2_combo3,00_baseline_exploration,sweep2,18,0.25,0.0003,30,2,64,2025-10-16T23:15:09.973299,0.14089302718639374,14,True,1.2123850584030151,1.1010836362838745,0.7851025462150574,-0.024450063705444336,0.5346456692913386,0.7914648875824186,-0.2524600923061371,0.8470276594161987,1270,0.5346456692913386,1.0,0.6967675731144177,0.47328733157400277,0.0,False,False,0,1270,0.0,1.0,True,,0.11344789799398525,0.1920540605897638,0.08118598,0.50795424,1261,1270,0,0,100.0,0.0,True,0.5079330008653413
sweep2_h16_drop_0.05,00_baseline_exploration,sweep2,16,0.05,0.0005,20,2,64,2025-10-16T22:59:02.743742,0.1387777030467987,12,True,1.190743088722229,1.0912117958068848,0.778039276599884,-0.011880993843078613,0.5109375,0.6879127808166198,-0.17846821248531342,0.3431161642074585,417,0.5731414868105515,0.34788937409024745,0.43297101449275366,0.5449236728351877,-0.5784919261932373,False,False,863,417,0.67421875,0.32578125,True,,0.07358078415236267,-0.05239153190282814,-0.14674485,0.10996444,1278,417,863,0,32.578125,67.421875,False,0.5558611728351878
sweep2_h16_drop_0.1,00_baseline_exploration,sweep2,16,0.1,0.0005,20,2,64,2025-10-16T23:00:55.511785,0.1321549415588379,12,True,1.1844418048858643,1.0883206129074097,0.774634838104248,-0.0065261125564575195,0.52734375,0.9333020305308152,-0.1890222430229187,0.5659700632095337,540,0.575925925925926,0.45269286754002913,0.5069274653626732,0.5440620926824599,-0.3556380271911621,False,False,740,540,0.578125,0.421875,True,,0.07449318703691155,-0.015853128388937498,-0.1116153,0.14173225,1277,540,740,0,42.1875,57.8125,False,0.5714058426824599
sweep2_h16_drop_0.15,00_baseline_exploration,sweep2,16,0.15,0.0005,20,2,64,2025-10-16T23:02:50.762310,0.13244730234146118,12,True,1.183201551437378,1.0877506732940674,0.7737127542495728,-0.0054721832275390625,0.52421875,0.8480382057224343,-0.18902210891246796,0.5204849243164062,586,0.5665529010238908,0.48326055312954874,0.5216025137470541,0.5438878129364664,-0.40112316608428955,False,False,694,586,0.5421875,0.4578125,True,,0.07691613160234725,-0.003492384702750001,-0.10324071,0.1523746,1276,586,694,0,45.78125,54.21875000000001,False,0.5681065629364663
sweep2_h16_drop_0.2,00_baseline_exploration,sweep2,16,0.2,0.0005,20,2,64,2025-10-16T23:04:40.826582,0.12843942642211914,12,True,1.1812622547149658,1.086858868598938,0.7726439237594604,-0.0038242340087890625,0.53046875,0.9282216762359428,-0.18902228772640228,0.6008505821228027,634,0.5678233438485805,0.5240174672489083,0.5450416351249054,0.5435367988001698,-0.32075750827789307,False,False,646,634,0.5046875,0.4953125,True,,0.07721843588747254,0.01721526848170817,-0.08329497,0.170167,1272,634,646,0,49.53125,50.46874999999999,False,0.5740055488001699
sweep2_h16_drop_0.25,00_baseline_exploration,sweep2,16,0.25,0.0005,20,2,64,2025-10-16T23:06:35.997262,0.12599900364875793,12,True,1.180079698562622,1.0863146781921387,0.7721871137619019,-0.0028194189071655273,0.53671875,1.0193497774015514,-0.18902236223220825,0.6986955404281616,698,0.5673352435530086,0.5764192139737991,0.5718411552346571,0.5429182284341088,-0.22291254997253418,False,False,582,698,0.4546875,0.5453125,True,,0.07732979330928694,0.039859593044464056,-0.060714222,0.1933512,1272,698,582,0,54.53125,45.46875,False,0.5796369784341088
sweep2_h16_drop_0.3,00_baseline_exploration,sweep2,16,0.3,0.0005,20,2,64,2025-10-16T23:08:27.344792,0.1279943436384201,12,True,1.1800422668457031,1.0862975120544434,0.7721684575080872,-0.002787470817565918,0.540625,1.0108386404780214,-0.1890222579240799,0.7091919183731079,745,0.5664429530201343,0.6142649199417758,0.5893854748603352,0.5427071290234688,-0.2124161720275879,False,False,535,745,0.41796875,0.58203125,True,,0.0788514747659647,0.04874079198622437,-0.053869605,0.20628582,1274,745,535,0,58.203125,41.796875,False,0.5833321290234689
sweep2_h16_enc_15,00_baseline_exploration,sweep2,16,0.15,0.0005,15,2,64,2025-10-16T22:47:31.834469,0.1319243311882019,12,True,1.1827577352523804,1.087546706199646,0.7734020948410034,-0.007715940475463867,0.5229571984435798,0.916648949912126,-0.18902233242988586,0.5620604753494263,539,0.5714285714285714,0.4463768115942029,0.5012205044751831,0.5430751431007185,-0.3918808698654175,False,False,746,539,0.5805447470817121,0.41945525291828795,True,,0.07495746764700568,-0.01616230497105837,-0.11205791,0.14157611,1279,539,746,0,41.945525291828794,58.05447470817121,False,0.5660323415442983
sweep2_h16_enc_20,00_baseline_exploration,sweep2,16,0.15,0.0005,20,2,64,2025-10-16T22:49:25.627237,0.13244730234146118,12,True,1.183201551437378,1.0877506732940674,0.7737127542495728,-0.0054721832275390625,0.52421875,0.8480382057224343,-0.18902210891246796,0.5204849243164062,586,0.5665529010238908,0.48326055312954874,0.5216025137470541,0.5438878129364664,-0.40112316608428955,False,False,694,586,0.5421875,0.4578125,True,,0.07691613160234725,-0.003492384702750001,-0.10324071,0.1523746,1276,586,694,0,45.78125,54.21875000000001,False,0.5681065629364663
sweep2_h16_enc_30,00_baseline_exploration,sweep2,16,0.15,0.0005,30,2,64,2025-10-16T22:51:18.416341,0.13037872314453125,12,True,1.1885480880737305,1.0902055501937866,0.7754629850387573,-0.004308223724365234,0.5267716535433071,0.852233513428199,-0.18902240693569183,0.5190199613571167,572,0.5681818181818182,0.4786450662739323,0.519584332533973,0.5450834685226857,-0.32800769805908203,False,False,698,572,0.5496062992125984,0.4503937007874016,True,,0.07230633106168322,-0.004035634879527559,-0.09557341,0.14690182,1262,572,698,0,45.03937007874016,54.96062992125984,False,0.5718551220659929
sweep2_h16_enc_40,00_baseline_exploration,sweep2,16,0.15,0.0005,40,2,64,2025-10-16T22:53:13.952931,0.1276702582836151,12,True,1.1729038953781128,1.0830068588256836,0.7701699137687683,-0.005221128463745117,0.5246031746031746,0.8151465367704398,-0.18902236223220825,0.4754694700241089,537,0.5698324022346368,0.4540059347181009,0.5053674649050371,0.5442622618770317,-0.44857311248779297,False,False,723,537,0.5738095238095238,0.4261904761904762,True,,0.06963764116829219,-0.008205217539785712,-0.09652372,0.13205713,1254,537,723,0,42.61904761904762,57.38095238095238,False,0.5688654364802064
sweep2_h16_enc_50,00_baseline_exploration,sweep2,16,0.15,0.0005,50,2,64,2025-10-16T22:55:10.874578,0.13141195476055145,12,True,1.170960783958435,1.0821094512939453,0.7680103778839111,-0.006741166114807129,0.5272,0.9139599836949186,-0.18902242183685303,0.5347671508789062,506,0.5770750988142292,0.43647234678624813,0.49702127659574463,0.5424105132895451,-0.40214335918426514,False,False,744,506,0.5952,0.4048,True,,0.06937294855173014,-0.015147999607488003,-0.1044994,0.12770975,1245,506,744,0,40.48,59.519999999999996,False,0.5696105132895452
sweep2_h16_enc_60,00_baseline_exploration,sweep2,16,0.15,0.0005,60,2,64,2025-10-16T22:57:05.980429,0.13566820323467255,12,True,1.1711280345916748,1.0821866989135742,0.7664262056350708,-0.00678563117980957,0.5258064516129032,0.893409587470058,-0.18902239203453064,0.5174885988235474,494,0.5769230769230769,0.4292168674698795,0.49222797927461137,0.5418470758032129,-0.38320279121398926,False,False,746,494,0.6016129032258064,0.39838709677419354,True,,0.07217021462380167,-0.014460929501513838,-0.10803351,0.13542005,1236,494,746,0,39.83870967741935,60.16129032258064,False,0.5676535274161161
sweep2_h16_lr_0.0002,00_baseline_exploration,sweep2,16,0.15,0.0002,20,2,64,2025-10-16T22:33:05.428417,0.115431047976017,14,True,1.1835319995880127,1.087902545928955,0.7742606401443481,-0.005753040313720703,0.5203125,0.7922912109814298,-0.18902269005775452,0.47316431999206543,569,0.5641476274165202,0.4672489082969432,0.5111464968152867,0.542685037224681,-0.44844377040863037,False,False,711,569,0.55546875,0.44453125,True,,0.07095205959111629,-0.011444778865578126,-0.1091907,0.1285155,1274,569,711,0,44.453125,55.54687499999999,False,0.5629975372246809
sweep2_h16_lr_0.0003,00_baseline_exploration,sweep2,16,0.15,0.0003,20,2,64,2025-10-16T22:35:22.028094,0.12265065312385559,13,True,1.18465256690979,1.088417410850525,0.7747265696525574,-0.006705284118652344,0.521875,0.7683173651345298,-0.1890222132205963,0.44537365436553955,553,0.5678119349005425,0.4570596797671033,0.5064516129032258,0.5432176950399004,-0.47623443603515625,False,False,727,553,0.56796875,0.43203125,True,,0.07381804609977491,-0.01722264249534844,-0.11670345,0.13032514,1272,553,727,0,43.203125,56.796875,False,0.5650926950399003
sweep2_h16_lr_0.0004,00_baseline_exploration,sweep2,16,0.15,0.0004,20,2,64,2025-10-16T22:37:28.325521,0.12982743978500366,13,True,1.1814388036727905,1.0869401693344116,0.773394763469696,-0.003974318504333496,0.525,0.8369505814412775,-0.18902230262756348,0.5169917345046997,599,0.5659432387312187,0.49344978165938863,0.5272161741835147,0.5401125699880459,-0.4046163558959961,False,False,681,599,0.53203125,0.46796875,True,,0.062344383908831805,0.0005868772925468723,-0.09090033,0.11329176,1275,599,681,0,46.796875,53.20312499999999,False,0.5651125699880459
sweep2_h16_lr_0.0005,00_baseline_exploration,sweep2,16,0.15,0.0005,20,2,64,2025-10-16T22:39:35.885492,0.13244730234146118,12,True,1.183201551437378,1.0877506732940674,0.7737127542495728,-0.0054721832275390625,0.52421875,0.8480382057224343,-0.18902210891246796,0.5204849243164062,586,0.5665529010238908,0.48326055312954874,0.5216025137470541,0.5438878129364664,-0.40112316608428955,False,False,694,586,0.5421875,0.4578125,True,,0.07691613160234725,-0.003492384702750001,-0.10324071,0.1523746,1276,586,694,0,45.78125,54.21875000000001,False,0.5681065629364663
sweep2_h16_lr_0.0006,00_baseline_exploration,sweep2,16,0.15,0.0006,20,2,64,2025-10-16T22:41:35.145174,0.11982454359531403,12,True,1.1828117370605469,1.0875715017318726,0.7737343907356262,-0.005141019821166992,0.5234375,0.8037813227064906,-0.1890222728252411,0.48787081241607666,587,0.565587734241908,0.48326055312954874,0.521193092621664,0.5431023267573412,-0.43373727798461914,False,False,693,587,0.54140625,0.45859375,True,,0.07175386440094013,-0.004431865037679683,-0.10226007,0.1350109,1277,587,693,0,45.859375,54.140625,False,0.5665398267573412
sweep2_h16_lr_0.0007,00_baseline_exploration,sweep2,16,0.15,0.0007,20,2,64,2025-10-16T22:43:32.461823,0.1187467873096466,12,True,1.181227684020996,1.0868430137634277,0.7731342911720276,-0.0037949085235595703,0.534375,0.9642806126755377,-0.18902234733104706,0.6269509792327881,619,0.5735056542810986,0.5167394468704513,0.5436447166921899,0.5413128910555216,-0.2946571111679077,False,False,661,619,0.51640625,0.48359375,True,,0.06497205743334378,0.004894838424617187,-0.08790953,0.12515429,1274,619,661,0,48.359375,51.64062499999999,False,0.5756878910555216
sweep2_h16_lr_0.0008,00_baseline_exploration,sweep2,16,0.15,0.0008,20,2,64,2025-10-16T22:45:33.540813,0.13411152362823486,12,True,1.179986596107483,1.08627188205719,0.7726942896842957,-0.002740144729614258,0.5390625,1.0582492485741817,-0.18902219831943512,0.7234698534011841,659,0.5735963581183612,0.5502183406113537,0.5616641901931649,0.5403089415328272,-0.19813823699951172,False,False,621,659,0.48515625,0.51484375,True,,0.0597715238960521,0.0138829624503875,-0.07457308,0.11951826,1274,659,621,0,51.48437500000001,48.515625,False,0.5793714415328272
sweep2_hidden_10,00_baseline_exploration,sweep2,10,0.15,0.0005,20,2,64,2025-10-16T22:19:41.384406,0.1228998675942421,14,True,1.186439871788025,1.089238166809082,0.7789298892021179,-0.008224129676818848,0.46328125,0.0,0.0,0.0,0,0.0,0.0,0.0,0.5312402581303957,-0.9216080904006958,False,False,1280,0,1.0,0.0,True,,0.011203782441315164,-0.041873830381250005,-0.07267088,-0.02286157,1239,0,1280,0,0.0,100.0,True,0.49452150813039564
sweep2_hidden_12,00_baseline_exploration,sweep2,12,0.15,0.0005,20,2,64,2025-10-16T22:22:04.897489,0.11193826794624329,14,True,1.1784346103668213,1.085557222366333,0.7724215388298035,-0.0014214515686035156,0.53671875,0.8329736080938573,-0.2524605989456177,0.9216080904006958,1280,0.53671875,1.0,0.6985256736146417,0.5004136075661957,0.0,False,False,0,1280,0.0,1.0,True,,0.021607328005179616,0.07513051484453125,0.025467487,0.13022545,1266,1280,0,0,100.0,0.0,True,0.5371323575661957
sweep2_hidden_14,00_baseline_exploration,sweep2,14,0.15,0.0005,20,2,64,2025-10-16T22:24:34.184575,0.13769084215164185,12,True,1.2816402912139893,1.1320955753326416,0.8361026644706726,-0.08912444114685059,0.46328125,0.0,0.0,0.0,0,0.0,0.0,0.0,0.48534700079285015,-0.9216080904006958,False,False,1280,0,1.0,0.0,True,,0.017005843589114278,-0.2674357544296875,-0.28978568,-0.23078984,1253,0,1280,0,0.0,100.0,True,0.4486282507928501
sweep2_hidden_16,00_baseline_exploration,sweep2,16,0.15,0.0005,20,2,64,2025-10-16T22:26:36.479827,0.13244730234146118,12,True,1.183201551437378,1.0877506732940674,0.7737127542495728,-0.0054721832275390625,0.52421875,0.8480382057224343,-0.18902210891246796,0.5204849243164062,586,0.5665529010238908,0.48326055312954874,0.5216025137470541,0.5438878129364664,-0.40112316608428955,False,False,694,586,0.5421875,0.4578125,True,,0.07691613160234725,-0.003492384702750001,-0.10324071,0.1523746,1276,586,694,0,45.78125,54.21875000000001,False,0.5681065629364663
sweep2_hidden_18,00_baseline_exploration,sweep2,18,0.15,0.0005,20,2,64,2025-10-16T22:28:34.839091,0.14766889810562134,14,True,1.1852986812591553,1.0887142419815063,0.7786572575569153,-0.007254362106323242,0.48984375,0.5426946487199897,-0.2524597644805908,0.44951021671295166,762,0.5223097112860893,0.5793304221251819,0.549344375431332,0.479739365867189,-0.47209787368774414,False,False,518,762,0.4046875,0.5953125,True,,0.10364327836392268,0.07455041240082813,-0.034599394,0.31742013,1273,762,518,0,59.53125,40.46875,False,0.46958311586718904
sweep2_hidden_20,00_baseline_exploration,sweep2,20,0.15,0.0005,20,2,64,2025-10-16T22:30:57.877411,0.06711447238922119,12,True,1.2152725458145142,1.1023939847946167,0.7876361012458801,-0.03272581100463867,0.53671875,0.8329736080938573,-0.2524605989456177,0.9216080904006958,1280,0.53671875,1.0,0.6985256736146417,0.4736751670999114,0.0,False,False,0,1280,0.0,1.0,True,,0.051567969930783726,0.24598758672656248,0.19191673,0.39393643,1274,1280,0,0,100.0,0.0,True,0.5103939170999114
sweep2_hidden_8,00_baseline_exploration,sweep2,8,0.15,0.0005,20,2,64,2025-10-16T22:16:53.420834,0.1451360285282135,15,True,1.2022234201431274,1.0964595079421997,0.7886959314346313,-0.02163684368133545,0.46328125,0.0,0.0,0.0,0,0.0,0.0,0.0,0.49007464573346,-0.9216080904006958,False,False,1280,0,1.0,0.0,True,,0.008907216399307926,-0.09907298238281251,-0.16469866,-0.08969667,1196,0,1280,0,0.0,100.0,True,0.45335589573345997
baseline_fixed_h16_drop0.25,01_staleness_features_fixed,other,16,0.25,0.0005,20,2,64,2025-10-22T22:02:04.379775,0.10513363778591156,12,True,1.1794917583465576,1.0860440731048584,0.7743465304374695,-0.0023196935653686523,0.54609375,1.0593565325735437,-0.21248798072338104,0.7764623165130615,830,0.563855421686747,0.6812227074235808,0.6170072511535927,0.5322773453512719,-0.14514577388763428,False,False,450,830,0.3515625,0.6484375,True,,0.014727166005549883,0.0030111110240710936,-0.031874195,0.041144785,1257,830,450,0,64.84375,35.15625,True,0.578371095351272
staleness_fixed_h16_drop0.25,01_staleness_features_fixed,other,16,0.25,0.0005,20,2,64,2025-10-22T22:02:04.307818,0.14756560325622559,12,True,1.1785494089126587,1.0856101512908936,0.7723703980445862,-0.001518845558166504,0.53671875,0.8329736080938573,-0.2524605989456177,0.9216080904006958,1280,0.53671875,1.0,0.6985256736146417,0.5213517235285021,0.0,False,False,0,1280,0.0,1.0,True,,0.018846416789574376,0.087928402578125,0.019629786,0.12270719,1269,1280,0,0,100.0,0.0,True,0.5580704735285021
staleness_fixed_h16_drop0.25_seed999,01_staleness_features_fixed,other,16,0.25,0.0005,20,2,64,2025-10-22T21:51:32.937430,0.1368691325187683,13,True,1.2290844917297363,1.1086407899856567,0.7959378957748413,-0.04446303844451904,0.53671875,0.8329736080938573,-0.2524605989456177,0.9216080904006958,1280,0.53671875,1.0,0.6985256736146417,0.49494220539972655,0.0,False,False,0,1280,0.0,1.0,True,,0.014566029913486508,0.284553603109375,0.24215148,0.30440152,1253,1280,0,0,100.0,0.0,True,0.5316609553997266
sweep_stale_h12_drop0.15_lr3,01_staleness_features_fixed,sweep1,12,0.15,0.0003,20,2,64,2025-10-22T22:30:28.272458,0.1418820321559906,15,True,1.1766971349716187,1.0847567319869995,0.7721403241157532,5.513429641723633e-05,0.53671875,0.8329736080938573,-0.2524605989456177,0.9216080904006958,1280,0.53671875,1.0,0.6985256736146417,0.5416712691247475,0.0,False,False,0,1280,0.0,1.0,True,,0.01325878349401564,0.04741692667421875,0.007866744,0.072061494,1265,1280,0,0,100.0,0.0,True,0.5783900191247475
sweep_stale_h12_drop0.15_lr5,01_staleness_features_fixed,sweep1,12,0.15,0.0005,20,2,64,2025-10-22T22:30:30.532169,0.1440202295780182,14,True,1.1768913269042969,1.0848462581634521,0.7727001905441284,-0.00010991096496582031,0.53671875,0.8329736080938573,-0.2524605989456177,0.9216080904006958,1280,0.53671875,1.0,0.6985256736146417,0.5510676475425329,0.0,False,False,0,1280,0.0,1.0,True,,0.008089004558218293,0.035726560789453125,0.009982144,0.049443033,1239,1280,0,0,100.0,0.0,True,0.5877863975425329
sweep_stale_h12_drop0.20_lr3,01_staleness_features_fixed,sweep1,12,0.2,0.0003,20,2,64,2025-10-22T22:30:32.838568,0.14159934222698212,15,True,1.1766760349273682,1.0847469568252563,0.7720543146133423,7.30752944946289e-05,0.53671875,0.8329736080938573,-0.2524605989456177,0.9216080904006958,1280,0.53671875,1.0,0.6985256736146417,0.5437466708886549,0.0,False,False,0,1280,0.0,1.0,True,,0.011900656735786264,0.05392957796562501,0.015880987,0.076112054,1255,1280,0,0,100.0,0.0,True,0.5804654208886549
sweep_stale_h12_drop0.20_lr5,01_staleness_features_fixed,sweep1,12,0.2,0.0005,20,2,64,2025-10-22T22:30:34.753174,0.14320912957191467,14,True,1.17654287815094,1.0846855640411377,0.7722164988517761,0.0001862645149230957,0.53671875,0.8329736080938573,-0.2524605989456177,0.9216080904006958,1280,0.53671875,1.0,0.6985256736146417,0.5492143910886593,0.0,False,False,0,1280,0.0,1.0,True,,0.00798876351111817,0.054599692627343745,0.028134458,0.069326445,1235,1280,0,0,100.0,0.0,True,0.5859331410886593
sweep_stale_h12_drop0.25_lr3,01_staleness_features_fixed,sweep1,12,0.25,0.0003,20,2,64,2025-10-22T22:33:26.971442,0.14145267009735107,15,True,1.176735281944275,1.0847742557525635,0.7719519138336182,2.2709369659423828e-05,0.53671875,0.8329736080938573,-0.2524605989456177,0.9216080904006958,1280,0.53671875,1.0,0.6985256736146417,0.5454440574288582,0.0,False,False,0,1280,0.0,1.0,True,,0.011233198834699146,0.061934373139843756,0.024671685,0.08247319,1251,1280,0,0,100.0,0.0,True,0.5821628074288582
sweep_stale_h12_drop0.25_lr5,01_staleness_features_fixed,sweep1,12,0.25,0.0005,20,2,64,2025-10-22T22:33:39.078034,0.14369739592075348,14,True,1.176626205444336,1.0847240686416626,0.7721126675605774,0.00011539459228515625,0.53671875,0.8329736080938573,-0.2524605989456177,0.9216080904006958,1280,0.53671875,1.0,0.6985256736146417,0.5499814674354613,0.0,False,False,0,1280,0.0,1.0,True,,0.007209405245460128,0.06238261001328125,0.037576098,0.07625708,1244,1280,0,0,100.0,0.0,True,0.5867002174354613
sweep_stale_h12_drop0.30_lr3,01_staleness_features_fixed,sweep1,12,0.3,0.0003,20,2,64,2025-10-22T22:33:40.992332,0.1421201080083847,15,True,1.1770503520965576,1.0849195718765259,0.7718808054924011,-0.00024497509002685547,0.53671875,0.8329736080938573,-0.2524605989456177,0.9216080904006958,1280,0.53671875,1.0,0.6985256736146417,0.5438117189628637,0.0,False,False,0,1280,0.0,1.0,True,,0.011497502360639561,0.07126395601796874,0.032921005,0.093685165,1247,1280,0,0,100.0,0.0,True,0.5805304689628638
sweep_stale_h12_drop0.30_lr5,01_staleness_features_fixed,sweep1,12,0.3,0.0005,20,2,64,2025-10-22T22:33:42.960403,0.14374950528144836,14,True,1.1768147945404053,1.0848109722137451,0.7720206379890442,-4.494190216064453e-05,0.53671875,0.8329736080938573,-0.2524605989456177,0.9216080904006958,1280,0.53671875,1.0,0.6985256736146417,0.5478041979326986,0.0,False,False,0,1280,0.0,1.0,True,,0.007946277217719653,0.06874131716875001,0.041769594,0.08453669,1241,1280,0,0,100.0,0.0,True,0.5845229479326987
sweep_stale_h12_drop0.35_lr3,01_staleness_features_fixed,sweep1,12,0.35,0.0003,20,2,64,2025-10-22T22:36:34.893670,0.14372101426124573,15,True,1.1772878170013428,1.0850290060043335,0.7718623280525208,-0.0004469156265258789,0.53671875,0.8329736080938573,-0.2524605989456177,0.9216080904006958,1280,0.53671875,1.0,0.6985256736146417,0.5408931468785516,0.0,False,False,0,1280,0.0,1.0,True,,0.012071211879602054,0.07626218883515626,0.037222356,0.10178172,1246,1280,0,0,100.0,0.0,True,0.5776118968785516
sweep_stale_h12_drop0.35_lr5,01_staleness_features_fixed,sweep1,12,0.35,0.0005,20,2,64,2025-10-22T22:36:46.980583,0.14347872138023376,14,True,1.177300214767456,1.0850346088409424,0.7719582915306091,-0.00045740604400634766,0.53671875,0.8329736080938573,-0.2524605989456177,0.9216080904006958,1280,0.53671875,1.0,0.6985256736146417,0.5475305050921596,0.0,False,False,0,1280,0.0,1.0,True,,0.007786533488849191,0.08125946272265624,0.05477097,0.09779352,1244,1280,0,0,100.0,0.0,True,0.5842492550921596
sweep_stale_h14_drop0.15_lr3,01_staleness_features_fixed,sweep1,14,0.15,0.0003,20,2,64,2025-10-22T22:36:48.835121,0.15414291620254517,16,True,1.205917239189148,1.0981426239013672,0.7850198149681091,-0.02477586269378662,0.53671875,0.8329736080938573,-0.2524605989456177,0.9216080904006958,1280,0.53671875,1.0,0.6985256736146417,0.4750325854032121,0.0,False,False,0,1280,0.0,1.0,True,,0.012393517493345786,0.22889102074999998,0.20505865,0.29386446,1257,1280,0,0,100.0,0.0,True,0.5117513354032122
sweep_stale_h14_drop0.15_lr5,01_staleness_features_fixed,sweep1,14,0.15,0.0005,20,2,64,2025-10-22T22:36:51.252607,0.15298813581466675,14,True,1.2149574756622314,1.1022510528564453,0.7890874147415161,-0.03245818614959717,0.53671875,0.8329736080938573,-0.2524605989456177,0.9216080904006958,1280,0.53671875,1.0,0.6985256736146417,0.47280622301425407,0.0,False,False,0,1280,0.0,1.0,True,,0.012972367729326261,0.2529884665078125,0.22793706,0.31311786,1257,1280,0,0,100.0,0.0,True,0.5095249730142541
sweep_stale_h14_drop0.20_lr3,01_staleness_features_fixed,sweep1,14,0.2,0.0003,20,2,64,2025-10-22T22:39:53.029574,0.15756209194660187,16,True,1.2123762369155884,1.1010795831680298,0.7879001498222351,-0.030264616012573242,0.53671875,0.8329736080938573,-0.2524605989456177,0.9216080904006958,1280,0.53671875,1.0,0.6985256736146417,0.47447292650058537,0.0,False,False,0,1280,0.0,1.0,True,,0.013056605440043438,0.2466190783984375,0.22186042,0.31323302,1260,1280,0,0,100.0,0.0,True,0.5111916765005854
sweep_stale_h14_drop0.20_lr5,01_staleness_features_fixed,sweep1,14,0.2,0.0005,20,2,64,2025-10-22T22:39:55.116904,0.16033804416656494,14,True,1.2300362586975098,1.1090699434280396,0.7959233522415161,-0.045271873474121094,0.53671875,0.8329736080938573,-0.2524605989456177,0.9216080904006958,1280,0.53671875,1.0,0.6985256736146417,0.47125120584401714,0.0,False,False,0,1280,0.0,1.0,True,,0.014341700965899831,0.2880505687578125,0.26107246,0.34944856,1260,1280,0,0,100.0,0.0,True,0.5079699558440172
sweep_stale_h14_drop0.25_lr3,01_staleness_features_fixed,sweep1,14,0.25,0.0003,20,2,64,2025-10-22T22:39:57.232638,0.16073186695575714,16,True,1.2176008224487305,1.1034494638442993,0.7903162240982056,-0.03470444679260254,0.53671875,0.8329736080938573,-0.2524605989456177,0.9216080904006958,1280,0.53671875,1.0,0.6985256736146417,0.47381017253694846,0.0,False,False,0,1280,0.0,1.0,True,,0.01291673576336621,0.25963129407031255,0.23419033,0.31995556,1265,1280,0,0,100.0,0.0,True,0.5105289225369485
sweep_stale_h14_drop0.25_lr5,01_staleness_features_fixed,sweep1,14,0.25,0.0005,20,2,64,2025-10-22T22:40:19.864330,0.16033899784088135,15,True,1.1907330751419067,1.0912071466445923,0.7779592871665955,-0.011872410774230957,0.53671875,0.8329736080938573,-0.2524605989456177,0.9216080904006958,1280,0.53671875,1.0,0.6985256736146417,0.46997356348078384,0.0,False,False,0,1280,0.0,1.0,True,,0.014579644834151204,0.177510151109375,0.15458792,0.2590007,1253,1280,0,0,100.0,0.0,True,0.5066923134807839
sweep_stale_h14_drop0.30_lr3,01_staleness_features_fixed,sweep1,14,0.3,0.0003,20,2,64,2025-10-22T22:43:01.683215,0.16238166391849518,16,True,1.223707914352417,1.1062133312225342,0.7931161522865295,-0.0398942232131958,0.53671875,0.8329736080938573,-0.2524605989456177,0.9216080904006958,1280,0.53671875,1.0,0.6985256736146417,0.4742802369222688,0.0,False,False,0,1280,0.0,1.0,True,,0.013360834100007156,0.273958793359375,0.24644352,0.32903495,1257,1280,0,0,100.0,0.0,True,0.5109989869222689
sweep_stale_h14_drop0.30_lr5,01_staleness_features_fixed,sweep1,14,0.3,0.0005,20,2,64,2025-10-22T22:43:23.285290,0.16061682999134064,15,True,1.1919050216674805,1.091744065284729,0.7786340117454529,-0.012868404388427734,0.53671875,0.8329736080938573,-0.2524605989456177,0.9216080904006958,1280,0.53671875,1.0,0.6985256736146417,0.4737389878519653,0.0,False,False,0,1280,0.0,1.0,True,,0.013975705417761924,0.181240967625,0.15327057,0.25051257,1244,1280,0,0,100.0,0.0,True,0.5104577378519652
sweep_stale_h14_drop0.35_lr3,01_staleness_features_fixed,sweep1,14,0.35,0.0003,20,2,64,2025-10-22T22:43:25.508032,0.16202527284622192,17,True,1.1937013864517212,1.0925663709640503,0.7794629335403442,-0.014394879341125488,0.53671875,0.8329736080938573,-0.2524605989456177,0.9216080904006958,1280,0.53671875,1.0,0.6985256736146417,0.47280376836994437,0.0,False,False,0,1280,0.0,1.0,True,,0.013679136010447415,0.1877973305078125,0.159282,0.24842826,1251,1280,0,0,100.0,0.0,True,0.5095225183699443
sweep_stale_h14_drop0.35_lr5,01_staleness_features_fixed,sweep1,14,0.35,0.0005,20,2,64,2025-10-22T22:43:37.039278,0.1633380949497223,15,True,1.1957004070281982,1.0934808254241943,0.7803910374641418,-0.016093730926513672,0.53671875,0.8329736080938573,-0.2524605989456177,0.9216080904006958,1280,0.53671875,1.0,0.6985256736146417,0.4746840259112254,0.0,False,False,0,1280,0.0,1.0,True,,0.013163416604236812,0.1955173795703125,0.16753364,0.257809,1265,1280,0,0,100.0,0.0,True,0.5114027759112254
sweep_stale_h16_drop0.15_lr3,01_staleness_features_fixed,sweep1,16,0.15,0.0003,20,2,64,2025-10-22T22:46:39.086446,0.12966415286064148,12,True,1.1785428524017334,1.0856071710586548,0.7723315954208374,-0.001513361930847168,0.53515625,0.7986164022869072,-0.2524605989456177,0.8629136085510254,1276,0.5360501567398119,0.9956331877729258,0.6968925114620479,0.522129845774698,-0.05869448184967041,False,False,4,1276,0.003125,0.996875,True,,0.024639756919247698,0.0824368770369375,-0.003992129,0.12836125,1263,1276,4,0,99.6875,0.3125,True,0.557286095774698
sweep_stale_h16_drop0.15_lr5,01_staleness_features_fixed,sweep1,16,0.15,0.0005,20,2,64,2025-10-22T22:46:41.194679,0.14635896682739258,12,True,1.1784502267837524,1.0855644941329956,0.77229243516922,-0.0014345645904541016,0.53671875,0.8329736080938573,-0.2524605989456177,0.9216080904006958,1280,0.53671875,1.0,0.6985256736146417,0.5241954289613664,0.0,False,False,0,1280,0.0,1.0,True,,0.016964151669539112,0.0925916071046875,0.040310882,0.12594634,1263,1280,0,0,100.0,0.0,True,0.5609141789613664
sweep_stale_h16_drop0.20_lr3,01_staleness_features_fixed,sweep1,16,0.2,0.0003,20,2,64,2025-10-22T22:46:53.579541,0.13037174940109253,12,True,1.1784740686416626,1.0855754613876343,0.7723425626754761,-0.0014548301696777344,0.5296875,0.7291849527274684,-0.2524605989456177,0.7500259876251221,1267,0.5335438042620363,0.9839883551673945,0.6919140225179119,0.520880431821027,-0.17158210277557373,False,False,13,1267,0.01015625,0.98984375,True,,0.0251583509220087,0.07781663258226564,-0.012220334,0.12432995,1270,1267,13,0,98.984375,1.015625,True,0.5505679318210269
sweep_stale_h16_drop0.20_lr5,01_staleness_features_fixed,sweep1,16,0.2,0.0005,20,2,64,2025-10-22T22:47:05.269239,0.14793412387371063,12,True,1.1781854629516602,1.0854425430297852,0.7722642421722412,-0.0012096166610717773,0.53671875,0.8329736080938573,-0.2524605989456177,0.9216080904006958,1280,0.53671875,1.0,0.6985256736146417,0.5221764840165837,0.0,False,False,0,1280,0.0,1.0,True,,0.017457916316796367,0.08619927144375,0.02964247,0.12005764,1256,1280,0,0,100.0,0.0,True,0.5588952340165837
sweep_stale_h16_drop0.25_lr3,01_staleness_features_fixed,sweep1,16,0.25,0.0003,20,2,64,2025-10-22T22:49:07.434844,0.13916651904582977,12,True,1.1784470081329346,1.0855629444122314,0.7724112272262573,-0.0014318227767944336,0.5296875,0.722048754544868,-0.2524605989456177,0.7346844673156738,1263,0.5336500395882818,0.9810771470160117,0.6912820512820512,0.5200679445544943,-0.18692362308502197,False,False,17,1263,0.01328125,0.98671875,True,,0.025663740392286975,0.07111600088960937,-0.026537944,0.11729486,1264,1263,17,0,98.671875,1.328125,True,0.5497554445544943
sweep_stale_h16_drop0.25_lr5,01_staleness_features_fixed,sweep1,16,0.25,0.0005,20,2,64,2025-10-22T22:49:09.379380,0.14756560325622559,12,True,1.1785494089126587,1.0856101512908936,0.7723703980445862,-0.001518845558166504,0.53671875,0.8329736080938573,-0.2524605989456177,0.9216080904006958,1280,0.53671875,1.0,0.6985256736146417,0.5213517235285021,0.0,False,False,0,1280,0.0,1.0,True,,0.018846416789574376,0.087928402578125,0.019629786,0.12270719,1269,1280,0,0,100.0,0.0,True,0.5580704735285021
sweep_stale_h16_drop0.30_lr3,01_staleness_features_fixed,sweep1,16,0.3,0.0003,20,2,64,2025-10-22T22:49:20.997535,0.14825326204299927,12,True,1.1786867380142212,1.085673451423645,0.7726027369499207,-0.0016355514526367188,0.528125,0.712563037386907,-0.2524605989456177,0.7179447412490845,1257,0.5330151153540175,0.975254730713246,0.6893004115226337,0.5173015604173877,-0.20366334915161133,False,False,23,1257,0.01796875,0.98203125,True,,0.027757242964007858,0.06395799720746094,-0.047484167,0.11239787,1269,1257,23,0,98.203125,1.7968749999999998,True,0.5454265604173877
sweep_stale_h16_drop0.30_lr5,01_staleness_features_fixed,sweep1,16,0.3,0.0005,20,2,64,2025-10-22T22:49:33.269986,0.14942754805088043,12,True,1.1784753799438477,1.085576057434082,0.772407054901123,-0.0014560222625732422,0.5359375,0.8146257750262408,-0.2524605989456177,0.8901165723800659,1279,0.5363565285379203,0.9985443959243085,0.6978636826042726,0.5175789352243914,-0.03149151802062988,False,False,1,1279,0.00078125,0.99921875,True,,0.021264203454662737,0.0795591726109375,-0.0016518608,0.11720198,1260,1279,1,0,99.921875,0.078125,True,0.5535164352243913
sweep_stale_h16_drop0.35_lr3,01_staleness_features_fixed,sweep1,16,0.35,0.0003,20,2,64,2025-10-22T22:51:35.062311,0.1556149423122406,13,True,1.1782796382904053,1.0854859352111816,0.7725166082382202,-0.0012897253036499023,0.53125,0.7585817935171956,-0.2524605989456177,0.7935405969619751,1265,0.5343873517786562,0.9839883551673945,0.6926229508196721,0.51449467464917,-0.1280674934387207,False,False,15,1265,0.01171875,0.98828125,True,,0.021702642140589385,0.06789267510725001,-0.016754564,0.10594131,1266,1265,15,0,98.828125,1.171875,True,0.54574467464917
sweep_stale_h16_drop0.35_lr5,01_staleness_features_fixed,sweep1,16,0.35,0.0005,20,2,64,2025-10-22T22:51:37.273582,0.15057753026485443,12,True,1.1784509420394897,1.0855648517608643,0.7724916338920593,-0.0014352798461914062,0.53046875,0.7570541035174349,-0.2524605989456177,0.7911633253097534,1264,0.5340189873417721,0.982532751091703,0.6919528446950283,0.5154851236281607,-0.13044476509094238,False,False,16,1264,0.0125,0.9875,True,,0.02326260129345557,0.07093672566523437,-0.020740036,0.1115047,1261,1264,16,0,98.75,1.25,True,0.5459538736281607
sweep_stale_h18_drop0.15_lr3,01_staleness_features_fixed,sweep1,18,0.15,0.0003,20,2,64,2025-10-22T22:51:49.000099,0.07868809998035431,12,True,1.1930716037750244,1.0922781229019165,0.7790628671646118,-0.01385962963104248,0.53671875,0.8329736080938573,-0.2524605989456177,0.9216080904006958,1280,0.53671875,1.0,0.6985256736146417,0.5195647424709922,0.0,False,False,0,1280,0.0,1.0,True,,0.009999932330263988,0.1867968645,0.16802149,0.20910858,1248,1280,0,0,100.0,0.0,True,0.5562834924709922
sweep_stale_h18_drop0.15_lr5,01_staleness_features_fixed,sweep1,18,0.15,0.0005,20,2,64,2025-10-22T22:52:01.155297,0.07676342129707336,11,True,1.2038472890853882,1.09719979763031,0.7841474413871765,-0.023016810417175293,0.53671875,0.8329736080938573,-0.2524605989456177,0.9216080904006958,1280,0.53671875,1.0,0.6985256736146417,0.5165725310573871,0.0,False,False,0,1280,0.0,1.0,True,,0.010299884465898052,0.2234814523828125,0.20351997,0.24703681,1256,1280,0,0,100.0,0.0,True,0.5532912810573871
sweep_stale_h18_drop0.20_lr3,01_staleness_features_fixed,sweep1,18,0.2,0.0003,20,2,64,2025-10-22T22:54:03.328472,0.076118104159832,12,True,1.1917247772216797,1.0916614532470703,0.7783743739128113,-0.01271522045135498,0.53671875,0.8329736080938573,-0.2524605989456177,0.9216080904006958,1280,0.53671875,1.0,0.6985256736146417,0.5212977213536872,0.0,False,False,0,1280,0.0,1.0,True,,0.0101881709882496,0.18150413338281252,0.16212068,0.20377238,1244,1280,0,0,100.0,0.0,True,0.5580164713536873
sweep_stale_h18_drop0.20_lr5,01_staleness_features_fixed,sweep1,18,0.2,0.0005,20,2,64,2025-10-22T22:54:14.929977,0.07460696250200272,11,True,1.2024505138397217,1.0965631008148193,0.7835069894790649,-0.021829843521118164,0.53671875,0.8329736080938573,-0.2524605989456177,0.9216080904006958,1280,0.53671875,1.0,0.6985256736146417,0.5174758401633811,0.0,False,False,0,1280,0.0,1.0,True,,0.010094552216923887,0.21919620116406252,0.19933663,0.24205643,1253,1280,0,0,100.0,0.0,True,0.5541945901633811
sweep_stale_h18_drop0.25_lr3,01_staleness_features_fixed,sweep1,18,0.25,0.0003,20,2,64,2025-10-22T22:54:27.149494,0.07344140112400055,12,True,1.1909310817718506,1.0912978649139404,0.7779577970504761,-0.01204073429107666,0.53671875,0.8329736080938573,-0.2524605989456177,0.9216080904006958,1280,0.53671875,1.0,0.6985256736146417,0.5217641037725429,0.0,False,False,0,1280,0.0,1.0,True,,0.009476351426661788,0.17799868656249998,0.15961961,0.19825289,1252,1280,0,0,100.0,0.0,True,0.5584828537725429
sweep_stale_h18_drop0.25_lr5,01_staleness_features_fixed,sweep1,18,0.25,0.0005,20,2,64,2025-10-22T22:54:29.204883,0.07395492494106293,11,True,1.2025392055511475,1.096603512763977,0.7835491895675659,-0.021905183792114258,0.53671875,0.8329736080938573,-0.2524605989456177,0.9216080904006958,1280,0.53671875,1.0,0.6985256736146417,0.5179078575619,0.0,False,False,0,1280,0.0,1.0,True,,0.010042008141960946,0.2194579907890625,0.1995576,0.24211435,1244,1280,0,0,100.0,0.0,True,0.5546266075619001
sweep_stale_h18_drop0.30_lr3,01_staleness_features_fixed,sweep1,18,0.3,0.0003,20,2,64,2025-10-22T22:56:41.064526,0.07154946774244308,12,True,1.1907283067703247,1.0912050008773804,0.7778507471084595,-0.01186835765838623,0.53671875,0.8329736080938573,-0.2524605989456177,0.9216080904006958,1280,0.53671875,1.0,0.6985256736146417,0.5221642107950347,0.0,False,False,0,1280,0.0,1.0,True,,0.009005776474730868,0.1769987850390625,0.15860777,0.19559488,1248,1280,0,0,100.0,0.0,True,0.5588829607950347
sweep_stale_h18_drop0.30_lr5,01_staleness_features_fixed,sweep1,18,0.3,0.0005,20,2,64,2025-10-22T22:56:43.341380,0.07639269530773163,11,True,1.2024081945419312,1.096543788909912,0.7834937572479248,-0.021793842315673828,0.53671875,0.8329736080938573,-0.2524605989456177,0.9216080904006958,1280,0.53671875,1.0,0.6985256736146417,0.5187448912715303,0.0,False,False,0,1280,0.0,1.0,True,,0.009734660964885173,0.21901258986718747,0.19923005,0.24060299,1246,1280,0,0,100.0,0.0,True,0.5554636412715304
sweep_stale_h18_drop0.35_lr3,01_staleness_features_fixed,sweep1,18,0.35,0.0003,20,2,64,2025-10-22T22:56:55.300474,0.06970367580652237,12,True,1.1908962726593018,1.0912818908691406,0.7779369354248047,-0.012011051177978516,0.53671875,0.8329736080938573,-0.2524605989456177,0.9216080904006958,1280,0.53671875,1.0,0.6985256736146417,0.5221789386608933,0.0,False,False,0,1280,0.0,1.0,True,,0.00874098402172592,0.17758432162499999,0.1591872,0.1953894,1256,1280,0,0,100.0,0.0,True,0.5588976886608933
sweep_stale_h18_drop0.35_lr5,01_staleness_features_fixed,sweep1,18,0.35,0.0005,20,2,64,2025-10-22T22:57:07.251451,0.07839316129684448,11,True,1.2022278308868408,1.096461534500122,0.7834115624427795,-0.021640539169311523,0.53671875,0.8329736080938573,-0.2524605989456177,0.9216080904006958,1280,0.53671875,1.0,0.6985256736146417,0.5188749874199479,0.0,False,False,0,1280,0.0,1.0,True,,0.00941433089194212,0.2183936683671875,0.19901267,0.23910423,1249,1280,0,0,100.0,0.0,True,0.5555937374199479
sweep_stale_h20_drop0.15_lr3,01_staleness_features_fixed,sweep1,20,0.15,0.0003,20,2,64,2025-10-22T22:59:09.416959,0.16965502500534058,13,True,1.2095361948013306,1.0997891426086426,0.7939046621322632,-0.027851104736328125,0.46328125,0.0,0.0,0.0,0,0.0,0.0,0.0,0.4603636310080488,-0.9216080904006958,False,False,1280,0,1.0,0.0,True,,0.015407080957036648,-0.119869904228125,-0.1488654,-0.08886082,1253,0,1280,0,0.0,100.0,True,0.42364488100804876
sweep_stale_h20_drop0.15_lr5,01_staleness_features_fixed,sweep1,20,0.15,0.0005,20,2,64,2025-10-22T22:59:21.343775,0.16961118578910828,12,True,1.2293174266815186,1.1087459325790405,0.8053948283195496,-0.04466104507446289,0.46328125,0.0,0.0,0.0,0,0.0,0.0,0.0,0.45850914723202035,-0.9216080904006958,False,False,1280,0,1.0,0.0,True,,0.016093448533942054,-0.168982136609375,-0.19854991,-0.13537978,1252,0,1280,0,0.0,100.0,True,0.42179039723202033
sweep_stale_h20_drop0.20_lr3,01_staleness_features_fixed,sweep1,20,0.2,0.0003,20,2,64,2025-10-22T22:59:33.319460,0.17012587189674377,13,True,1.215480089187622,1.1024881601333618,0.797267496585846,-0.03290212154388428,0.46328125,0.0,0.0,0.0,0,0.0,0.0,0.0,0.4616830023245482,-0.9216080904006958,False,False,1280,0,1.0,0.0,True,,0.014300386479690863,-0.13633756393046875,-0.16028672,-0.10798386,1254,0,1280,0,0.0,100.0,True,0.42496425232454815
sweep_stale_h20_drop0.20_lr5,01_staleness_features_fixed,sweep1,20,0.2,0.0005,20,2,64,2025-10-22T22:59:35.653597,0.1715436428785324,12,True,1.2407501935958862,1.1138896942138672,0.8118144869804382,-0.05437648296356201,0.46328125,0.0,0.0,0.0,0,0.0,0.0,0.0,0.46032681134340225,-0.9216080904006958,False,False,1280,0,1.0,0.0,True,,0.014867283104217047,-0.1933026951484375,-0.21736664,-0.16288641,1250,0,1280,0,0.0,100.0,True,0.42360806134340223
sweep_stale_h20_drop0.25_lr3,01_staleness_features_fixed,sweep1,20,0.25,0.0003,20,2,64,2025-10-22T23:02:07.193481,0.17147625982761383,13,True,1.2239408493041992,1.1063185930252075,0.8019378781318665,-0.0400921106338501,0.46328125,0.0,0.0,0.0,0,0.0,0.0,0.0,0.46555152175673986,-0.9216080904006958,False,False,1280,0,1.0,0.0,True,,0.014583660028566434,-0.15727300527343752,-0.18110122,-0.12683575,1255,0,1280,0,0.0,100.0,True,0.42883277175673984
sweep_stale_h20_drop0.25_lr5,01_staleness_features_fixed,sweep1,20,0.25,0.0005,20,2,64,2025-10-22T23:02:09.500880,0.17180296778678894,13,True,1.1782492399215698,1.0854718685150146,0.7733171582221985,-0.0012638568878173828,0.53671875,0.8329736080938573,-0.2524605989456177,0.9216080904006958,1280,0.53671875,1.0,0.6985256736146417,0.4652017349425982,0.0,False,False,0,1280,0.0,1.0,True,,0.013353297930703573,0.05573896559765625,0.026622072,0.085191056,1247,1280,0,0,100.0,0.0,True,0.5019204849425982
sweep_stale_h20_drop0.30_lr3,01_staleness_features_fixed,sweep1,20,0.3,0.0003,20,2,64,2025-10-22T23:02:21.610036,0.1730753481388092,13,True,1.2334446907043457,1.1106055974960327,0.8073455095291138,-0.048168301582336426,0.46328125,0.0,0.0,0.0,0,0.0,0.0,0.0,0.4684664118745873,-0.9216080904006958,False,False,1280,0,1.0,0.0,True,,0.015359238568500683,-0.17842369919531248,-0.20282409,-0.1453954,1259,0,1280,0,0.0,100.0,True,0.4317476618745873
sweep_stale_h20_drop0.30_lr5,01_staleness_features_fixed,sweep1,20,0.3,0.0005,20,2,64,2025-10-22T23:02:23.379671,0.17274141311645508,13,True,1.1783668994903564,1.0855261087417603,0.773434579372406,-0.0013637542724609375,0.53671875,0.8329736080938573,-0.2524605989456177,0.9216080904006958,1280,0.53671875,1.0,0.6985256736146417,0.467892025106102,0.0,False,False,0,1280,0.0,1.0,True,,0.015220747215240029,0.04840851843046875,0.016943948,0.083104484,1263,1280,0,0,100.0,0.0,True,0.504610775106102
sweep_stale_h20_drop0.35_lr3,01_staleness_features_fixed,sweep1,20,0.35,0.0003,20,2,64,2025-10-22T23:04:55.371951,0.17618012428283691,14,True,1.1807286739349365,1.086613416671753,0.7755461931228638,-0.0033707618713378906,0.46953125,0.28823813632227707,-0.2524602711200714,0.165033221244812,692,0.5057803468208093,0.5094614264919942,0.5076142131979695,0.46873396810435175,-0.7565748691558838,False,False,588,692,0.459375,0.540625,True,,0.014793208320033882,0.005847386382329687,-0.020558301,0.039931096,1253,692,588,0,54.0625,45.9375,True,0.43826521810435176
sweep_stale_h20_drop0.35_lr5,01_staleness_features_fixed,sweep1,20,0.35,0.0005,20,2,64,2025-10-22T23:04:57.495346,0.17134356498718262,13,True,1.1781939268112183,1.0854464769363403,0.7733177542686462,-0.001216888427734375,0.53671875,0.8329736080938573,-0.2524605989456177,0.9216080904006958,1280,0.53671875,1.0,0.6985256736146417,0.46945072424280354,0.0,False,False,0,1280,0.0,1.0,True,,0.014835777621755907,0.0476053491828125,0.020275604,0.08186136,1252,1280,0,0,100.0,0.0,True,0.5061694742428036
sweep_stale_h22_drop0.15_lr3,01_staleness_features_fixed,sweep1,22,0.15,0.0003,20,2,64,2025-10-22T23:05:19.531141,0.12534207105636597,13,True,1.178257703781128,1.0854758024215698,0.7738624811172485,-0.0012710094451904297,0.51484375,0.59003305035582,-0.23655420541763306,0.5045863389968872,1048,0.5314885496183206,0.8107714701601164,0.6420749279538904,0.5070779668672111,-0.4170217514038086,False,False,232,1048,0.18125,0.81875,True,,0.03907963556218173,0.04527938067789219,-0.025136963,0.11425834,1272,1048,232,0,81.875,18.125,True,0.5219217168672111
sweep_stale_h22_drop0.15_lr5,01_staleness_features_fixed,sweep1,22,0.15,0.0005,20,2,64,2025-10-22T23:05:21.545156,0.13299502432346344,12,True,1.18015456199646,1.0863492488861084,0.7749374508857727,-0.0028829574584960938,0.5109375,0.7823652177406205,-0.20308434963226318,0.6651341915130615,839,0.5363528009535161,0.6550218340611353,0.5897771952817824,0.5065674008507797,-0.2564738988876343,False,False,441,839,0.34453125,0.65546875,True,,0.04069108302329542,0.012875481229161717,-0.06184212,0.08358922,1271,839,441,0,65.546875,34.453125,True,0.5175049008507797
sweep_stale_h22_drop0.20_lr3,01_staleness_features_fixed,sweep1,22,0.2,0.0003,20,2,64,2025-10-22T23:07:53.403121,0.1254817396402359,13,True,1.178208351135254,1.0854530334472656,0.773793637752533,-0.0012290477752685547,0.5203125,0.6585712332622806,-0.22989767789840698,0.602466344833374,1109,0.5329125338142471,0.8602620087336245,0.6581291759465479,0.5074191624262686,-0.3191417455673218,False,False,171,1109,0.13359375,0.86640625,True,,0.03938392485943293,0.050229235169238204,-0.02041746,0.11885227,1273,1109,171,0,86.640625,13.359375000000002,True,0.5277316624262686
sweep_stale_h22_drop0.20_lr5,01_staleness_features_fixed,sweep1,22,0.2,0.0005,20,2,64,2025-10-22T23:08:05.267383,0.13729502260684967,12,True,1.1793004274368286,1.0859559774398804,0.7744455337524414,-0.0021570920944213867,0.509375,0.6666445778632687,-0.18902207911014557,0.5587906837463379,879,0.5335608646188851,0.6826783114992722,0.598978288633461,0.5071700160288273,-0.3628174066543579,False,False,401,879,0.31328125,0.68671875,True,,0.040734915802377376,0.023873901799445308,-0.050565124,0.09412832,1271,879,401,0,68.671875,31.328125,True,0.5165450160288273
sweep_stale_h22_drop0.25_lr3,01_staleness_features_fixed,sweep1,22,0.25,0.0003,20,2,64,2025-10-22T23:08:07.462305,0.12411234527826309,13,True,1.178210973739624,1.0854542255401611,0.7737387418746948,-0.0012313127517700195,0.5296875,0.7161639575965391,-0.25245991349220276,0.714536190032959,1199,0.5354462051709759,0.9344978165938864,0.6808059384941676,0.5073430684526659,-0.20707190036773682,False,False,81,1199,0.06328125,0.93671875,True,,0.04009607508351516,0.05985508749659133,-0.012447547,0.12858272,1268,1199,81,0,93.671875,6.328125,True,0.5370305684526658
sweep_stale_h22_drop0.25_lr5,01_staleness_features_fixed,sweep1,22,0.25,0.0005,20,2,64,2025-10-22T23:08:19.576249,0.14469027519226074,13,True,1.1785659790039062,1.0856177806854248,0.7738601565361023,-0.0015330314636230469,0.51640625,0.5427402434627535,-0.26703986525535583,0.4440978765487671,1026,0.5331384015594542,0.7962154294032023,0.6386456509048453,0.506963825906807,-0.4775102138519287,False,False,254,1026,0.1984375,0.8015625,True,,0.0332277038168726,0.032311605471265624,-0.023077574,0.08847673,1266,1026,254,0,80.15625,19.84375,True,0.523370075906807
sweep_stale_h22_drop0.30_lr3,01_staleness_features_fixed,sweep1,22,0.3,0.0003,20,2,64,2025-10-22T23:10:41.573556,0.13205572962760925,13,True,1.17832350730896,1.0855060815811157,0.773783802986145,-0.001326918601989746,0.53203125,0.7760791160913906,-0.2524595856666565,0.7866027355194092,1144,0.5384615384615384,0.8966521106259098,0.6728563626433643,0.5076744454344844,-0.13500535488128662,False,False,136,1144,0.10625,0.89375,True,,0.04071913760672047,0.05881975949402812,-0.015240453,0.12779342,1272,1144,136,0,89.375,10.625,True,0.5397056954344843
sweep_stale_h22_drop0.30_lr5,01_staleness_features_fixed,sweep1,22,0.3,0.0005,20,2,64,2025-10-22T23:10:43.444451,0.1428627371788025,13,True,1.1782640218734741,1.085478663444519,0.7736579179763794,-0.0012763738632202148,0.51953125,0.6239185782531935,-0.2524607181549072,0.5599585771560669,1114,0.5323159784560144,0.8631732168850073,0.6585230427540256,0.5064127582592645,-0.3616495132446289,False,False,166,1114,0.1296875,0.8703125,True,,0.03277366549879745,0.04106185024257031,-0.014349494,0.095595,1274,1114,166,0,87.03125,12.968750000000002,True,0.5259440082592645
sweep_stale_h22_drop0.35_lr3,01_staleness_features_fixed,sweep1,22,0.35,0.0003,20,2,64,2025-10-22T23:10:56.009535,0.13287340104579926,14,True,1.178240180015564,1.0854676961898804,0.7733569145202637,-0.001256108283996582,0.53671875,0.8329736080938573,-0.2524605989456177,0.9216080904006958,1280,0.53671875,1.0,0.6985256736146417,0.5066889057441132,0.0,False,False,0,1280,0.0,1.0,True,,0.033632278064326976,0.06863743248710938,0.011371214,0.12453,1270,1280,0,0,100.0,0.0,True,0.5434076557441132
sweep_stale_h22_drop0.35_lr5,01_staleness_features_fixed,sweep1,22,0.35,0.0005,20,2,64,2025-10-22T23:11:07.658125,0.13910800218582153,13,True,1.178053379058838,1.0853816270828247,0.7734634876251221,-0.0010974407196044922,0.5296875,0.7716639364613774,-0.2524603605270386,0.7828199863433838,1171,0.5362937660119556,0.9141193595342066,0.6759956942949408,0.5070951493773795,-0.138788104057312,False,False,109,1171,0.08515625,0.91484375,True,,0.032698812105423865,0.049870796289847655,-0.0052799694,0.103609815,1273,1171,109,0,91.484375,8.515625,True,0.5367826493773795
sweep_stale_monthly_h16_drop0.25,01_staleness_features_fixed,sweep1,16,0.25,0.0005,12,2,64,2025-10-22T23:13:55.806038,2.7655229568481445,50,False,21.184709548950195,4.60268497467041,3.813380002975464,-0.003019571304321289,0.6274509803921569,3.274471076839194,-0.24769513309001923,0.5335338115692139,51,0.6274509803921569,1.0,0.7710843373493976,0.4276315789473684,0.0,False,False,0,51,0.0,1.0,True,,0.03602345035113836,1.065432349019608,0.9913888,1.1409903,51,51,0,0,100.0,0.0,True,0.5550825593395252
