experiment_name,phase,group,hidden_size,dropout,learning_rate,encoder_length,attention_heads,batch_size,created_at,best_val_loss,total_epochs,early_stopped,test_mse,test_rmse,test_mae,test_r2,dir_acc,sharpe_ratio,max_drawdown,total_return,num_trades,precision,recall,f1_score,auc_roc,alpha,healthy_pct,degraded_pct,unidirectional_pct,weak_collapse_pct,strong_collapse_pct,healthy_days,degraded_days,unidirectional_days,weak_collapse_days,strong_collapse_days,has_any_collapse,has_strong_collapse,has_degradation,has_unidirectional,problematic_pct,predicted_down,predicted_up,pct_down_predictions,pct_up_predictions,evaluated,collapse_type,pred_std,pred_mean,pred_min,pred_max,num_unique,num_positive,num_negative,num_zero,pct_positive,pct_negative,collapsed,composite_score
exp001_baseline,00_baseline_exploration,early_exp,32,0.15,0.001,20,2,64,2025-10-29T17:24:47.172295,0.39423084259033203,48,True,1.176902174949646,1.0848512649536133,0.7738154530525208,-0.00011909008026123047,0.5265625,0.7697217541762329,-0.24135597050189972,0.7995294332504272,1203.0,0.5336658354114713,0.9344978165938864,0.6793650793650793,0.5018913034406749,-0.12207865715026855,30.234375000000004,7.03125,62.734375,0.0,0.0,387.0,90.0,803.0,0.0,0.0,False,False,True,True,69.765625,77.0,1203.0,0.06015625,0.93984375,True,,0.06787918477404364,0.10517978486196874,-0.057795383,0.33226776,1277.0,1203.0,77.0,0.0,93.984375,6.015625,False,0.5284538034406749
exp002_small,00_baseline_exploration,early_exp,16,0.15,0.001,20,2,64,2025-10-29T17:24:49.245200,0.40068119764328003,51,True,1.1725597381591797,1.0828479528427124,0.7709203958511353,0.003571033477783203,0.5375,0.9489821276181274,-0.19335544109344482,1.0041823387145996,1089.0,0.5436179981634527,0.8617176128093159,0.6666666666666666,0.5227950543826447,0.08257424831390381,43.4375,5.390625,51.171875,0.0,0.0,556.0,69.0,655.0,0.0,0.0,False,False,True,True,56.5625,191.0,1089.0,0.14921875,0.85078125,True,,0.06992667728261709,0.07894869786092187,-0.113901734,0.33430126,1277.0,1089.0,191.0,0.0,85.078125,14.921875000000002,False,0.5602950543826447
exp003_large,00_baseline_exploration,early_exp,64,0.15,0.001,20,2,64,2025-10-29T17:24:51.537678,0.3922594487667084,43,True,1.1891038417816162,1.0904604196548462,0.7764203548431396,-0.010487914085388184,0.51484375,0.5491898593321413,-0.2524605989456177,0.46581149101257324,1200.0,0.5275,0.9213973799126638,0.670906200317965,0.48869513563137135,-0.45579659938812256,13.359375000000002,16.71875,69.921875,0.0,0.0,171.0,214.0,895.0,0.0,0.0,False,False,True,True,86.640625,80.0,1200.0,0.0625,0.9375,True,,0.07008988466030434,0.09870329696535937,-0.2014619,0.28487182,1280.0,1200.0,80.0,0.0,93.75,6.25,False,0.5035388856313714
exp004_attn1,00_baseline_exploration,early_exp,32,0.15,0.001,20,1,64,2025-10-29T17:24:53.849316,0.393707275390625,38,True,1.1753171682357788,1.084120512008667,0.7732990980148315,0.0012277960777282715,0.5328125,0.7652061596652693,-0.24038992822170258,0.7976610660552979,1243.0,0.5358004827031375,0.9694323144104804,0.6901554404145077,0.49169962026652525,-0.12394702434539795,31.5625,4.84375,63.59375000000001,0.0,0.0,404.0,62.0,814.0,0.0,0.0,False,False,True,True,68.4375,37.0,1243.0,0.02890625,0.97109375,True,,0.05507952110818349,0.07679823080796329,-0.1311123,0.2640047,1276.0,1243.0,37.0,0.0,97.109375,2.890625,False,0.5245121202665253
exp005_attn4,00_baseline_exploration,early_exp,32,0.15,0.001,20,4,64,2025-10-29T17:24:55.924480,0.3964081406593323,40,True,1.17354154586792,1.0833011865615845,0.7731990814208984,0.002736687660217285,0.5265625,0.9715244996085568,-0.19083577394485474,0.9285787343978882,855.0,0.5473684210526316,0.6812227074235808,0.6070038910505836,0.5201293106622384,0.006970643997192383,51.87500000000001,17.578125,28.281250000000004,2.265625,0.0,664.0,225.0,362.0,29.0,0.0,True,False,True,True,48.125,425.0,855.0,0.33203125,0.66796875,True,,0.0687492878735279,0.021702839365203126,-0.14368841,0.30642125,1274.0,855.0,425.0,0.0,66.796875,33.203125,False,0.5466918106622385
exp006_monthly,00_baseline_exploration,early_exp,32,0.15,0.001,12,2,64,2025-10-29T17:24:58.021191,1.720292091369629,74,True,21.161169052124023,4.600127220153809,3.790424346923828,-0.0019049644470214844,0.6274509803921569,3.274471076839194,-0.24769513309001923,0.5335338115692139,51.0,0.6274509803921569,1.0,0.7710843373493976,0.5657894736842106,0.0,58.82352941176471,0.0,41.17647058823529,0.0,0.0,30.0,0.0,21.0,0.0,0.0,False,False,False,True,41.17647058823529,0.0,51.0,0.0,1.0,True,,0.016072196077289127,1.201504294117647,1.1774932,1.2648091,51.0,51.0,0.0,0.0,100.0,0.0,True,0.6932404540763675
sweep_baseline,00_baseline_exploration,sweep1,32,0.15,0.001,20,2,64,2025-10-29T19:09:30.521672,0.39423084259033203,48,True,1.176902174949646,1.0848512649536133,0.7738154530525208,-0.00011909008026123047,0.5265625,0.7697217541762329,-0.24135597050189972,0.7995294332504272,1203.0,0.5336658354114713,0.9344978165938864,0.6793650793650793,0.5018913034406749,-0.12207865715026855,30.234375000000004,7.03125,62.734375,0.0,0.0,387.0,90.0,803.0,0.0,0.0,False,False,True,True,69.765625,77.0,1203.0,0.06015625,0.93984375,True,,0.06787918477404364,0.10517978486196874,-0.057795383,0.33226776,1277.0,1203.0,77.0,0.0,93.984375,6.015625,False,0.5284538034406749
sweep_combo1,00_baseline_exploration,sweep1,48,0.2,0.0005,60,2,64,2025-10-29T19:12:02.328148,0.4014270305633545,43,True,1.1581400632858276,1.0761691331863403,0.7649515271186829,0.0043798089027404785,0.5370967741935484,0.9287704098521615,-0.24799300730228424,0.9759054183959961,1140.0,0.5394736842105263,0.9262048192771084,0.6818181818181819,0.5001856383868808,0.07521402835845947,32.822580645161295,10.0,56.048387096774185,1.129032258064516,0.0,407.0,124.0,695.0,14.0,0.0,True,False,True,True,67.17741935483869,100.0,1140.0,0.08064516129032258,0.9193548387096774,True,,0.041621029292894116,0.03845789410612016,-0.027857527,0.2880763,1232.0,1140.0,100.0,0.0,91.93548387096774,8.064516129032258,True,0.5372824125804292
sweep_combo2,00_baseline_exploration,sweep1,64,0.15,0.0003,40,2,64,2025-10-29T19:21:04.348834,0.39505934715270996,75,True,1.1680206060409546,1.0807499885559082,0.771185040473938,-0.001035928726196289,0.5111111111111111,0.6219569398456505,-0.25245988368988037,0.5716280937194824,1188.0,0.5244107744107744,0.9243323442136498,0.669172932330827,0.4734330217437539,-0.35241448879241943,21.904761904761905,15.873015873015872,60.55555555555555,1.6666666666666667,0.0,276.0,200.0,763.0,21.0,0.0,True,False,True,True,78.09523809523809,72.0,1188.0,0.05714285714285714,0.9428571428571428,True,,0.060106947160218964,0.0725151850846635,-0.081696965,0.428233,1256.0,1188.0,72.0,0.0,94.28571428571428,5.714285714285714,False,0.484544132854865
sweep_combo3,00_baseline_exploration,sweep1,32,0.25,0.0007,60,2,64,2025-10-29T19:36:06.467245,0.3960723280906677,65,True,1.1564135551452637,1.075366735458374,0.7640499472618103,0.005863964557647705,0.5379032258064517,0.9183669432610613,-0.25245949625968933,1.0082297325134277,1207.0,0.5376967688483845,0.9774096385542169,0.693746659540353,0.5012863955823292,0.10753834247589111,15.645161290322582,6.774193548387098,77.58064516129032,0.0,0.0,194.0,84.0,962.0,0.0,0.0,False,False,True,True,84.35483870967742,33.0,1207.0,0.02661290322580645,0.9733870967741935,True,,0.053035814957842875,0.073849675681,-0.01652113,0.39933193,1232.0,1207.0,33.0,0.0,97.33870967741936,2.661290322580645,False,0.5391896213887809
sweep_dropout_0.1,00_baseline_exploration,sweep1,32,0.1,0.0005,20,2,64,2025-10-29T19:40:38.445301,0.39688625931739807,45,True,1.1734645366668701,1.0832656621932983,0.7735373973846436,0.002802133560180664,0.52578125,0.7271325979315991,-0.252460777759552,0.7214477062225342,1164.0,0.5343642611683849,0.9053857350800583,0.6720691518098325,0.4928557577364252,-0.20016038417816162,29.609375,15.156249999999998,50.07812499999999,5.15625,0.0,379.0,194.0,641.0,66.0,0.0,True,False,True,True,70.39062499999999,116.0,1164.0,0.090625,0.909375,True,,0.03863147968934426,0.045907617062894535,-0.046301343,0.27968043,1264.0,1164.0,116.0,0.0,90.9375,9.0625,True,0.5186370077364252
sweep_dropout_0.15,00_baseline_exploration,sweep1,32,0.15,0.0005,20,2,64,2025-10-29T19:43:40.234227,0.3962550759315491,60,True,1.1732345819473267,1.0831595659255981,0.7738499641418457,0.00299757719039917,0.51484375,0.5934322537462989,-0.25245964527130127,0.5310652256011963,1070.0,0.5308411214953271,0.826783114992722,0.6465566306203757,0.4845713331909639,-0.3905428647994995,27.265625,19.140625,50.9375,2.65625,0.0,349.0,245.0,652.0,34.0,0.0,True,False,True,True,72.734375,210.0,1070.0,0.1640625,0.8359375,True,,0.05763086451925132,0.052049254934335945,-0.07222803,0.34782606,1275.0,1070.0,210.0,0.0,83.59375,16.40625,False,0.49941508319096395
sweep_dropout_0.2,00_baseline_exploration,sweep1,32,0.2,0.0005,20,2,64,2025-10-29T19:43:42.124154,0.3943096697330475,57,True,1.1712961196899414,1.0822643041610718,0.7726714015007019,0.004644870758056641,0.52890625,0.8316120343488611,-0.23102398216724396,0.8841729164123535,1142.0,0.5367775831873906,0.8922852983988355,0.6703116457080371,0.5055339955963681,-0.037435173988342285,31.171875,15.937499999999998,50.07812499999999,2.8125,0.0,399.0,204.0,641.0,36.0,0.0,True,False,True,True,68.82812499999999,138.0,1142.0,0.1078125,0.8921875,True,,0.046911161902913674,0.04576018957131578,-0.02931831,0.3357148,1269.0,1142.0,138.0,0.0,89.21875,10.78125,True,0.5344402455963682
sweep_dropout_0.3,00_baseline_exploration,sweep1,32,0.3,0.0005,20,2,64,2025-10-29T19:47:44.975873,0.3943631052970886,76,True,1.1711680889129639,1.0822051763534546,0.7727476358413696,0.004753589630126953,0.53359375,0.8353788934018072,-0.23144109547138214,0.8973163366317749,1182.0,0.5380710659898477,0.925764192139738,0.6805778491171749,0.5077014465218918,-0.0242917537689209,32.890625,5.15625,59.609375,2.34375,0.0,421.0,66.0,763.0,30.0,0.0,True,False,True,True,67.109375,98.0,1182.0,0.0765625,0.9234375,True,,0.054241162450426976,0.06557060866103125,-0.042035684,0.37635487,1274.0,1182.0,98.0,0.0,92.34375,7.656250000000001,False,0.5412951965218917
sweep_encoder_10,00_baseline_exploration,sweep1,32,0.15,0.0005,10,2,64,2025-10-29T19:48:16.810419,0.3956249952316284,55,True,1.1694267988204956,1.0814003944396973,0.7701832056045532,0.0007336139678955078,0.5310077519379846,0.7536939306460533,-0.25245967507362366,0.789635181427002,1261.0,0.535289452815226,0.9726224783861671,0.690537084398977,0.5001257180434404,-0.1803680658340454,5.271317829457364,20.155038759689923,70.54263565891473,3.565891472868217,0.46511627906976744,68.0,260.0,910.0,46.0,6.0,True,True,True,True,94.72868217054264,29.0,1261.0,0.02248062015503876,0.9775193798449613,True,,0.027664752100617685,0.05033860764928682,-0.040643267,0.22282243,1276.0,1261.0,29.0,0.0,97.75193798449612,2.248062015503876,True,0.531133469981425
sweep_encoder_20,00_baseline_exploration,sweep1,32,0.15,0.0005,20,2,64,2025-10-29T19:49:19.006210,0.3962550759315491,60,True,1.1732345819473267,1.0831595659255981,0.7738499641418457,0.00299757719039917,0.51484375,0.5934322537462989,-0.25245964527130127,0.5310652256011963,1070.0,0.5308411214953271,0.826783114992722,0.6465566306203757,0.4845713331909639,-0.3905428647994995,27.265625,19.140625,50.9375,2.65625,0.0,349.0,245.0,652.0,34.0,0.0,True,False,True,True,72.734375,210.0,1070.0,0.1640625,0.8359375,True,,0.05763086451925132,0.052049254934335945,-0.07222803,0.34782606,1275.0,1070.0,210.0,0.0,83.59375,16.40625,False,0.49941508319096395
sweep_encoder_40,00_baseline_exploration,sweep1,32,0.15,0.0005,40,2,64,2025-10-29T19:59:50.747670,0.39635151624679565,67,True,1.1674351692199707,1.0804791450500488,0.7732592225074768,-0.0005341768264770508,0.5071428571428571,0.7648537022503901,-0.1825484186410904,0.68099045753479,819.0,0.5323565323565324,0.6468842729970327,0.5840589417280643,0.4865506729727267,-0.24305212497711182,59.12698412698413,18.88888888888889,21.984126984126984,0.0,0.0,745.0,238.0,277.0,0.0,0.0,False,False,True,True,40.87301587301587,441.0,819.0,0.35,0.65,True,,0.06336902072588448,0.017311067863039684,-0.13092467,0.31505975,1256.0,819.0,441.0,0.0,65.0,35.0,False,0.4936935301155838
sweep_encoder_60,00_baseline_exploration,sweep1,32,0.15,0.0005,60,2,64,2025-10-29T20:09:52.740723,0.4011791944503784,60,True,1.1594359874725342,1.0767711400985718,0.76555997133255,0.0032657384872436523,0.5274193548387097,0.7683838944284458,-0.25245973467826843,0.7532964944839478,1126.0,0.5346358792184724,0.9066265060240963,0.6726256983240223,0.4814753806894244,-0.14739489555358887,13.225806451612904,12.741935483870966,73.38709677419355,0.6451612903225806,0.0,164.0,158.0,910.0,8.0,0.0,True,False,True,True,86.77419354838709,114.0,1126.0,0.09193548387096774,0.9080645161290323,True,,0.04791450333431491,0.05696419904025807,-0.043397605,0.3132833,1234.0,1126.0,114.0,0.0,90.80645161290323,9.193548387096774,True,0.5088947355281341
sweep_hidden_16,00_baseline_exploration,sweep1,16,0.15,0.0005,20,2,64,2025-10-29T20:10:54.843230,0.4029621183872223,59,True,1.174346923828125,1.0836728811264038,0.7719882726669312,0.00205230712890625,0.5453125,1.006013640397486,-0.1960231363773346,0.984951376914978,1001.0,0.5524475524475524,0.8049490538573508,0.6552132701421801,0.531005839598813,0.06334328651428223,45.3125,16.015625,35.9375,2.734375,0.0,580.0,205.0,460.0,35.0,0.0,True,False,True,True,54.6875,279.0,1001.0,0.21796875,0.78203125,True,,0.04794637529351996,0.027785085669734373,-0.13569966,0.22142121,1270.0,1001.0,279.0,0.0,78.203125,21.796875,True,0.576318339598813
sweep_hidden_24,00_baseline_exploration,sweep1,24,0.15,0.0005,20,2,64,2025-10-29T20:13:26.859394,0.3966321051120758,77,True,1.1800470352172852,1.0862996578216553,0.7725423574447632,-0.0027915239334106445,0.51796875,0.665468103398234,-0.18723198771476746,0.5284756422042847,884.0,0.5395927601809954,0.6943231441048034,0.6072565245066837,0.5131777579769803,-0.39313244819641113,61.5625,29.375,9.0625,0.0,0.0,788.0,376.0,116.0,0.0,0.0,False,False,True,True,38.4375,396.0,884.0,0.309375,0.690625,True,,0.06930717703541436,0.028426251428707028,-0.15760845,0.24701498,1277.0,884.0,396.0,0.0,69.0625,30.9375,False,0.5311465079769803
sweep_hidden_32,00_baseline_exploration,sweep1,32,0.15,0.0005,20,2,64,2025-10-29T20:20:29.102233,0.3962550759315491,60,True,1.1732345819473267,1.0831595659255981,0.7738499641418457,0.00299757719039917,0.51484375,0.5934322537462989,-0.25245964527130127,0.5310652256011963,1070.0,0.5308411214953271,0.826783114992722,0.6465566306203757,0.4845713331909639,-0.3905428647994995,27.265625,19.140625,50.9375,2.65625,0.0,349.0,245.0,652.0,34.0,0.0,True,False,True,True,72.734375,210.0,1070.0,0.1640625,0.8359375,True,,0.05763086451925132,0.052049254934335945,-0.07222803,0.34782606,1275.0,1070.0,210.0,0.0,83.59375,16.40625,False,0.49941508319096395
sweep_hidden_48,00_baseline_exploration,sweep1,48,0.15,0.0005,20,2,64,2025-10-29T20:22:31.598474,0.39565157890319824,62,True,1.1809298992156982,1.0867060422897339,0.7732018232345581,-0.0035418272018432617,0.5328125,0.7839796619396476,-0.2155974805355072,0.6990294456481934,1023.0,0.5434995112414467,0.8093158660844251,0.6502923976608187,0.5044367695899026,-0.22257864475250244,41.640625,22.65625,35.703125,0.0,0.0,533.0,290.0,457.0,0.0,0.0,False,False,True,True,58.359375,257.0,1023.0,0.20078125,0.79921875,True,,0.06915477739064359,0.04963648119864063,-0.14397913,0.32304683,1273.0,1023.0,257.0,0.0,79.921875,20.078125,False,0.5372492695899026
sweep_hidden_64,00_baseline_exploration,sweep1,64,0.15,0.0005,20,2,64,2025-10-29T20:23:32.686936,0.3950485587120056,50,True,1.1748586893081665,1.083909034729004,0.7741253972053528,0.001617431640625,0.525,0.717083185458432,-0.23866777122020721,0.7094178199768066,1175.0,0.5336170212765957,0.9126637554585153,0.673469387755102,0.49072021718692854,-0.21219027042388916,31.406250000000004,9.921875,55.625,3.046875,0.0,402.0,127.0,712.0,39.0,0.0,True,False,True,True,68.59375,105.0,1175.0,0.08203125,0.91796875,True,,0.0544645746697037,0.061542478417661715,-0.091217995,0.34331328,1276.0,1175.0,105.0,0.0,91.796875,8.203125,False,0.5157202171869286
sweep_lr_0.0003,00_baseline_exploration,sweep1,32,0.15,0.0003,20,2,64,2025-10-29T20:23:34.733707,0.39753788709640503,68,True,1.173917531967163,1.0834747552871704,0.7735548615455627,0.002417266368865967,0.51640625,0.5958722525613852,-0.2524602711200714,0.5349276065826416,1116.0,0.5304659498207885,0.8617176128093159,0.6566833056017748,0.4969378312235665,-0.3866804838180542,26.09375,19.609375,49.84375,4.453125,0.0,334.0,251.0,638.0,57.0,0.0,True,False,True,True,73.90625,164.0,1116.0,0.128125,0.871875,True,,0.03852756771193661,0.03879794654737031,-0.051641464,0.27567255,1271.0,1116.0,164.0,0.0,87.1875,12.812499999999998,True,0.5133440812235665
sweep_lr_0.0005,00_baseline_exploration,sweep1,32,0.15,0.0005,20,2,64,2025-10-29T20:28:07.093057,0.3962550759315491,60,True,1.1732345819473267,1.0831595659255981,0.7738499641418457,0.00299757719039917,0.51484375,0.5934322537462989,-0.25245964527130127,0.5310652256011963,1070.0,0.5308411214953271,0.826783114992722,0.6465566306203757,0.4845713331909639,-0.3905428647994995,27.265625,19.140625,50.9375,2.65625,0.0,349.0,245.0,652.0,34.0,0.0,True,False,True,True,72.734375,210.0,1070.0,0.1640625,0.8359375,True,,0.05763086451925132,0.052049254934335945,-0.07222803,0.34782606,1275.0,1070.0,210.0,0.0,83.59375,16.40625,False,0.49941508319096395
sweep_lr_0.0007,00_baseline_exploration,sweep1,32,0.15,0.0007,20,2,64,2025-10-29T20:37:09.565155,0.3951735198497772,52,True,1.1742750406265259,1.0836397409439087,0.7744737267494202,0.0021134018898010254,0.5171875,0.6744092856776368,-0.21665406227111816,0.6058282852172852,967.0,0.5356773526370218,0.7540029112081513,0.6263603385731561,0.5000331376981818,-0.31577980518341064,39.375,16.328125,42.1875,2.109375,0.0,504.0,209.0,540.0,27.0,0.0,True,False,True,True,60.625,313.0,967.0,0.24453125,0.75546875,True,,0.056770428162902384,0.03165342032615624,-0.096422106,0.2930167,1274.0,967.0,313.0,0.0,75.546875,24.453125,False,0.5172206376981818
sweep_lr_0.001,00_baseline_exploration,sweep1,32,0.15,0.001,20,2,64,2025-10-29T20:44:41.067019,0.39423084259033203,48,True,1.176902174949646,1.0848512649536133,0.7738154530525208,-0.00011909008026123047,0.5265625,0.7697217541762329,-0.24135597050189972,0.7995294332504272,1203.0,0.5336658354114713,0.9344978165938864,0.6793650793650793,0.5018913034406749,-0.12207865715026855,30.234375000000004,7.03125,62.734375,0.0,0.0,387.0,90.0,803.0,0.0,0.0,False,False,True,True,69.765625,77.0,1203.0,0.06015625,0.93984375,True,,0.06787918477404364,0.10517978486196874,-0.057795383,0.33226776,1277.0,1203.0,77.0,0.0,93.984375,6.015625,False,0.5284538034406749
sweep_lr_0.002,00_baseline_exploration,sweep1,32,0.15,0.002,20,2,64,2025-10-29T20:45:43.766547,0.39602792263031006,29,True,1.1725213527679443,1.0828303098678589,0.7722307443618774,0.003603637218475342,0.53671875,0.8329736080938573,-0.2524605989456177,0.9216080904006958,1280.0,0.53671875,1.0,0.6985256736146417,0.5003939704117174,0.0,2.34375,0.0,94.6875,2.96875,0.0,30.0,0.0,1212.0,38.0,0.0,True,False,False,True,97.65625,0.0,1280.0,0.0,1.0,True,,0.04303675304597743,0.09872516169765626,0.013199655,0.3524483,1275.0,1280.0,0.0,0.0,100.0,0.0,True,0.5371127204117174
sweep2_combo1,00_baseline_exploration,sweep2,12,0.2,0.0004,40,2,64,2025-10-29T17:25:00.168726,0.3973938226699829,100,False,1.1638619899749756,1.0788244009017944,0.7693415284156799,0.0025281310081481934,0.530952380952381,0.7907138457755453,-0.25245994329452515,0.8278985023498535,1243.0,0.5333869670152857,0.983679525222552,0.6917057902973396,0.5025597269624573,-0.09614408016204834,9.841269841269842,1.507936507936508,85.79365079365078,1.8253968253968256,1.0317460317460316,124.0,19.0,1081.0,23.0,13.0,True,True,True,True,90.15873015873015,17.0,1243.0,0.013492063492063493,0.9865079365079366,True,,0.03591347750992511,0.06913727799611111,-0.019953761,0.2134264,1257.0,1243.0,17.0,0.0,98.65079365079366,1.3492063492063493,True,0.5335121079148383
sweep2_combo2,00_baseline_exploration,sweep2,10,0.15,0.0005,30,2,64,2025-10-29T17:25:02.492003,0.402525395154953,91,True,1.1802077293395996,1.0863736867904663,0.7752647995948792,0.0027393698692321777,0.5338582677165354,0.9090400093512463,-0.18902239203453064,0.9302901029586792,959.0,0.5453597497393118,0.7702503681885126,0.6385836385836386,0.5047858276703323,0.08326244354248047,44.960629921259844,9.84251968503937,40.94488188976378,1.574803149606299,2.677165354330709,571.0,125.0,520.0,20.0,34.0,True,True,True,True,55.039370078740156,311.0,959.0,0.24488188976377953,0.7551181102362204,True,,0.04670591911793106,0.0388988152052126,-0.05093161,0.18694891,1261.0,959.0,311.0,0.0,75.51181102362204,24.488188976377952,True,0.5386440953868677
sweep2_combo3,00_baseline_exploration,sweep2,18,0.25,0.0003,30,2,64,2025-10-29T17:25:04.603149,0.3973490297794342,100,False,1.1812355518341064,1.0868465900421143,0.7753164172172546,0.0018708109855651855,0.5346456692913386,0.7914648875824186,-0.2524600923061371,0.8470276594161987,1270.0,0.5346456692913386,1.0,0.6967675731144177,0.4697213230365148,0.0,2.3622047244094486,0.0,76.69291338582677,6.6141732283464565,14.330708661417324,30.0,0.0,974.0,84.0,182.0,True,True,False,True,97.63779527559055,0.0,1270.0,0.0,1.0,True,,0.03159362988014105,0.07714385945433071,0.043918006,0.29290912,1250.0,1270.0,0.0,0.0,100.0,0.0,True,0.5043669923278534
sweep2_h16_drop_0.05,00_baseline_exploration,sweep2,16,0.05,0.0005,20,2,64,2025-10-29T17:25:06.444912,0.4024626612663269,58,True,1.1721553802490234,1.0826612710952759,0.772081732749939,0.00391465425491333,0.5296875,0.8048062877928472,-0.1753367781639099,0.714472770690918,951.0,0.544689800210305,0.7540029112081513,0.6324786324786325,0.5231853428278975,-0.20713531970977783,61.64062500000001,14.609375,21.5625,2.1875,0.0,789.0,187.0,276.0,28.0,0.0,True,False,True,True,38.359375,329.0,951.0,0.25703125,0.74296875,True,,0.06868024460908133,0.03975059529248672,-0.17175908,0.3648304,1278.0,951.0,329.0,0.0,74.296875,25.703125,False,0.5528728428278975
sweep2_h16_drop_0.1,00_baseline_exploration,sweep2,16,0.1,0.0005,20,2,64,2025-10-29T17:29:39.095725,0.4031470715999603,58,True,1.171387791633606,1.0823067426681519,0.7713769674301147,0.004566967487335205,0.5359375,0.8790067345516318,-0.1942625492811203,0.8648793697357178,1075.0,0.5432558139534883,0.8500727802037845,0.6628830874006809,0.5287230203907303,-0.05672872066497803,48.203125,11.328125,37.65625,2.8125,0.0,617.0,145.0,482.0,36.0,0.0,True,False,True,True,51.796875,205.0,1075.0,0.16015625,0.83984375,True,,0.056025001822563446,0.04967416368303906,-0.14864504,0.3152102,1277.0,1075.0,205.0,0.0,83.984375,16.015625,False,0.5646605203907302
sweep2_h16_drop_0.15,00_baseline_exploration,sweep2,16,0.15,0.0005,20,2,64,2025-10-29T17:49:10.822738,0.4029621183872223,59,True,1.174346923828125,1.0836728811264038,0.7719882726669312,0.00205230712890625,0.5453125,1.006013640397486,-0.1960231363773346,0.984951376914978,1001.0,0.5524475524475524,0.8049490538573508,0.6552132701421801,0.531005839598813,0.06334328651428223,45.3125,16.015625,35.9375,2.734375,0.0,580.0,205.0,460.0,35.0,0.0,True,False,True,True,54.6875,279.0,1001.0,0.21796875,0.78203125,True,,0.04794637529351996,0.027785085669734373,-0.13569966,0.22142121,1270.0,1001.0,279.0,0.0,78.203125,21.796875,True,0.576318339598813
sweep2_h16_drop_0.2,00_baseline_exploration,sweep2,16,0.2,0.0005,20,2,64,2025-10-29T17:51:43.089771,0.4028061330318451,58,True,1.1733239889144897,1.0832008123397827,0.7720001935958862,0.002921581268310547,0.5390625,0.9905456091306027,-0.18902228772640228,1.083960771560669,1135.0,0.5427312775330396,0.8966521106259098,0.6761800219538968,0.5184503339543584,0.16235268115997314,37.265625,8.125,51.40625,3.2031249999999996,0.0,477.0,104.0,658.0,41.0,0.0,True,False,True,True,62.734375,145.0,1135.0,0.11328125,0.88671875,True,,0.03826365612105789,0.04457472813039844,-0.09112628,0.23445912,1276.0,1135.0,145.0,0.0,88.671875,11.328125,True,0.5575128339543584
sweep2_h16_drop_0.25,00_baseline_exploration,sweep2,16,0.25,0.0005,20,2,64,2025-10-29T17:52:45.092369,0.4023403227329254,58,True,1.1733026504516602,1.08319091796875,0.7719786763191223,0.0029397010803222656,0.5390625,0.9279255765251542,-0.22382667660713196,1.0357539653778076,1215.0,0.5399176954732511,0.9548762736535662,0.6898002103049422,0.5087078506888959,0.11414587497711182,20.859375,2.734375,72.265625,2.03125,2.109375,267.0,35.0,925.0,26.0,27.0,True,True,True,True,79.140625,65.0,1215.0,0.05078125,0.94921875,True,,0.029731903203362456,0.04988521763859375,-0.055597506,0.23125607,1267.0,1215.0,65.0,0.0,94.921875,5.078125,True,0.5477703506888959
sweep2_h16_drop_0.3,00_baseline_exploration,sweep2,16,0.3,0.0005,20,2,64,2025-10-29T17:53:47.042890,0.39969533681869507,81,True,1.1724140644073486,1.0827807188034058,0.7725491523742676,0.003694891929626465,0.54375,1.0389086801670389,-0.18902236223220825,1.1923389434814453,1119.0,0.5460232350312779,0.8893740902474527,0.6766334440753046,0.509914308367146,0.2707308530807495,44.375,2.8125,50.546875,2.265625,0.0,568.0,36.0,647.0,29.0,0.0,True,False,True,True,55.625,161.0,1119.0,0.12578125,0.87421875,True,,0.04520089289751922,0.041450246670542965,-0.09428848,0.28851703,1273.0,1119.0,161.0,0.0,87.421875,12.578125000000002,True,0.553664308367146
sweep2_h16_enc_15,00_baseline_exploration,sweep2,16,0.15,0.0005,15,2,64,2025-10-29T17:55:49.024017,0.4031449556350708,56,True,1.1698912382125854,1.0816150903701782,0.7701097726821899,0.0032464265823364258,0.5346303501945525,0.967535639693957,-0.19426259398460388,1.0048742294311523,1080.0,0.5425925925925926,0.8492753623188406,0.6621468926553673,0.5368018511752528,0.050932884216308594,42.023346303501945,11.828793774319065,42.72373540856031,3.268482490272374,0.1556420233463035,540.0,152.0,549.0,42.0,2.0,True,True,True,True,57.976653696498055,205.0,1080.0,0.15953307392996108,0.8404669260700389,True,,0.04322799451301996,0.0452561752854319,-0.1229137,0.2265821,1279.0,1080.0,205.0,0.0,84.04669260700389,15.953307392996107,True,0.5714322013698053
sweep2_h16_enc_20,00_baseline_exploration,sweep2,16,0.15,0.0005,20,2,64,2025-10-29T17:57:51.284849,0.4029621183872223,59,True,1.174346923828125,1.0836728811264038,0.7719882726669312,0.00205230712890625,0.5453125,1.006013640397486,-0.1960231363773346,0.984951376914978,1001.0,0.5524475524475524,0.8049490538573508,0.6552132701421801,0.531005839598813,0.06334328651428223,45.3125,16.015625,35.9375,2.734375,0.0,580.0,205.0,460.0,35.0,0.0,True,False,True,True,54.6875,279.0,1001.0,0.21796875,0.78203125,True,,0.04794637529351996,0.027785085669734373,-0.13569966,0.22142121,1270.0,1001.0,279.0,0.0,78.203125,21.796875,True,0.576318339598813
sweep2_h16_enc_30,00_baseline_exploration,sweep2,16,0.15,0.0005,30,2,64,2025-10-29T18:02:53.585213,0.40314075350761414,68,True,1.1786977052688599,1.0856784582138062,0.774669349193573,0.0040152668952941895,0.5299212598425197,0.8337530357328016,-0.16190265119075775,0.7533208131790161,910.0,0.545054945054945,0.7304860088365243,0.6242920075519194,0.5180804856350412,-0.09370684623718262,60.39370078740157,13.779527559055119,25.826771653543307,0.0,0.0,767.0,175.0,328.0,0.0,0.0,False,False,True,True,39.60629921259843,360.0,910.0,0.28346456692913385,0.7165354330708661,True,,0.06079407695776086,0.039199360736251965,-0.112714216,0.2725414,1269.0,910.0,360.0,0.0,71.65354330708661,28.346456692913385,False,0.5480017454775609
sweep2_h16_enc_40,00_baseline_exploration,sweep2,16,0.15,0.0005,40,2,64,2025-10-29T18:22:55.422476,0.4052792489528656,59,True,1.162594199180603,1.0782365798950195,0.7685431838035583,0.003614664077758789,0.5333333333333333,0.9159910491167349,-0.21950364112854004,1.015639305114746,1214.0,0.5354200988467874,0.9643916913946587,0.6885593220338981,0.5174218409779119,0.09159672260284424,24.206349206349206,1.6666666666666667,70.23809523809523,2.4603174603174605,1.4285714285714286,305.0,21.0,885.0,31.0,18.0,True,True,True,True,75.79365079365078,46.0,1214.0,0.03650793650793651,0.9634920634920635,True,,0.03564985292886643,0.048515069273031744,-0.043659806,0.22632384,1249.0,1214.0,46.0,0.0,96.34920634920636,3.650793650793651,True,0.5507551743112452
sweep2_h16_enc_50,00_baseline_exploration,sweep2,16,0.15,0.0005,50,2,64,2025-10-29T18:24:57.922461,0.40346384048461914,66,True,1.159854531288147,1.0769654512405396,0.7665221691131592,0.0028074979782104492,0.5352,0.8757427778235402,-0.2450161874294281,0.9541944265365601,1246.0,0.5353130016051364,0.9970104633781763,0.6966057441253263,0.49489308933363174,0.017283916473388672,7.199999999999999,0.0,90.56,2.2399999999999998,0.0,90.0,0.0,1132.0,28.0,0.0,True,False,False,True,92.8,4.0,1246.0,0.0032,0.9968,True,,0.04579670293732188,0.061826321552536,-0.0141914,0.26456565,1234.0,1246.0,4.0,0.0,99.68,0.32,True,0.5300930893336318
sweep2_h16_enc_60,00_baseline_exploration,sweep2,16,0.15,0.0005,60,2,64,2025-10-29T18:24:59.867133,0.40536612272262573,54,True,1.1578233242034912,1.0760220289230347,0.7633564472198486,0.004652082920074463,0.5403225806451613,0.9913182951344301,-0.22339020669460297,1.1238715648651123,1196.0,0.5392976588628763,0.9713855421686747,0.6935483870967742,0.5278875920348058,0.22318017482757568,34.193548387096776,1.0483870967741937,63.2258064516129,1.532258064516129,0.0,424.0,13.0,784.0,19.0,0.0,True,False,True,True,65.80645161290322,44.0,1196.0,0.035483870967741936,0.964516129032258,True,,0.036634078479499343,0.06153141122905645,-0.023428693,0.24602748,1236.0,1196.0,44.0,0.0,96.45161290322581,3.5483870967741935,True,0.5682101726799671
sweep2_h16_lr_0.0002,00_baseline_exploration,sweep2,16,0.15,0.0002,20,2,64,2025-10-29T18:26:01.068187,0.4037674069404602,100,False,1.1729071140289307,1.0830084085464478,0.7718166708946228,0.0032758712768554688,0.534375,0.9944035985319261,-0.19158919155597687,1.0340607166290283,1051.0,0.5432921027592769,0.8311499272197962,0.6570771001150747,0.5343367919271658,0.11245262622833252,46.40625,12.1875,38.59375,2.8125,0.0,594.0,156.0,494.0,36.0,0.0,True,False,True,True,53.59375,229.0,1051.0,0.17890625,0.82109375,True,,0.04402669569953553,0.04122368793467656,-0.09762375,0.21773572,1274.0,1051.0,229.0,0.0,82.109375,17.890625,True,0.5687117919271658
sweep2_h16_lr_0.0003,00_baseline_exploration,sweep2,16,0.15,0.0003,20,2,64,2025-10-29T18:27:33.174310,0.4034959673881531,81,True,1.1724979877471924,1.0828194618225098,0.7712967395782471,0.0036235451698303223,0.5375,0.9702908395193295,-0.19535988569259644,1.0359389781951904,1103.0,0.543064369900272,0.8719068413391557,0.6692737430167598,0.5355812965922173,0.11433088779449463,33.59375,10.0,53.59374999999999,2.8125,0.0,430.0,128.0,686.0,36.0,0.0,True,False,True,True,66.40625,177.0,1103.0,0.13828125,0.86171875,True,,0.04409750249243297,0.052643961263351566,-0.08957484,0.22948179,1274.0,1103.0,177.0,0.0,86.171875,13.828125,True,0.5730812965922173
sweep2_h16_lr_0.0004,00_baseline_exploration,sweep2,16,0.15,0.0004,20,2,64,2025-10-29T18:31:06.059424,0.40401941537857056,58,True,1.1723554134368896,1.0827536582946777,0.7721511125564575,0.003744661808013916,0.5328125,0.8848522644322627,-0.19158923625946045,0.8742597103118896,1075.0,0.5413953488372093,0.8471615720524017,0.6606129398410896,0.5242666136463496,-0.04734838008880615,45.390625,14.296875,36.40625,1.171875,2.734375,581.0,183.0,466.0,15.0,35.0,True,True,True,True,54.609375,205.0,1075.0,0.16015625,0.83984375,True,,0.042995913451260574,0.03930646449964063,-0.118870586,0.24913259,1274.0,1075.0,205.0,0.0,83.984375,16.015625,True,0.5570791136463497
sweep2_h16_lr_0.0005,00_baseline_exploration,sweep2,16,0.15,0.0005,20,2,64,2025-10-29T18:31:07.932789,0.4029621183872223,59,True,1.174346923828125,1.0836728811264038,0.7719882726669312,0.00205230712890625,0.5453125,1.006013640397486,-0.1960231363773346,0.984951376914978,1001.0,0.5524475524475524,0.8049490538573508,0.6552132701421801,0.531005839598813,0.06334328651428223,45.3125,16.015625,35.9375,2.734375,0.0,580.0,205.0,460.0,35.0,0.0,True,False,True,True,54.6875,279.0,1001.0,0.21796875,0.78203125,True,,0.04794637529351996,0.027785085669734373,-0.13569966,0.22142121,1270.0,1001.0,279.0,0.0,78.203125,21.796875,True,0.576318339598813
sweep2_h16_lr_0.0006,00_baseline_exploration,sweep2,16,0.15,0.0006,20,2,64,2025-10-29T18:32:09.545601,0.40242594480514526,51,True,1.1727921962738037,1.0829553604125977,0.7711097002029419,0.003373444080352783,0.53515625,0.8763055269443439,-0.22348129749298096,0.9585448503494263,1198.0,0.5383973288814691,0.9388646288209607,0.6843501326259946,0.5279989003193493,0.03693675994873047,33.125,5.625,59.68750000000001,1.5625,0.0,424.0,72.0,764.0,20.0,0.0,True,False,True,True,66.875,82.0,1198.0,0.0640625,0.9359375,True,,0.050333545568206614,0.0774339095368047,-0.080080986,0.2626901,1275.0,1198.0,82.0,0.0,93.59375,6.406249999999999,False,0.5631551503193493
sweep2_h16_lr_0.0007,00_baseline_exploration,sweep2,16,0.15,0.0007,20,2,64,2025-10-29T18:39:11.295303,0.4006896913051605,51,True,1.1722853183746338,1.08272123336792,0.7709378004074097,0.0038042664527893066,0.5328125,0.8752693257994593,-0.22921346127986908,0.9032437801361084,1121.0,0.5396966993755575,0.8806404657933042,0.6692477876106195,0.5278049834188777,-0.018364310264587402,35.546875,7.968749999999999,56.484375,0.0,0.0,455.0,102.0,723.0,0.0,0.0,False,False,True,True,64.453125,159.0,1121.0,0.12421875,0.87578125,True,,0.059277346138743074,0.0710968676533125,-0.117510214,0.28690377,1273.0,1121.0,159.0,0.0,87.578125,12.421875,False,0.5606174834188777
sweep2_h16_lr_0.0008,00_baseline_exploration,sweep2,16,0.15,0.0008,20,2,64,2025-10-29T18:41:13.662495,0.3998205363750458,51,True,1.172728180885315,1.082925796508789,0.7708621025085449,0.0034279227256774902,0.53515625,0.8964671555441348,-0.19836312532424927,0.9145073890686035,1092.0,0.5421245421245421,0.8617176128093159,0.6655424395727937,0.5248004987837238,-0.007100701332092285,37.890625,6.09375,56.015625,0.0,0.0,485.0,78.0,717.0,0.0,0.0,False,False,True,True,62.109375,188.0,1092.0,0.146875,0.853125,True,,0.0679187329963365,0.07574620196272656,-0.12429114,0.32482854,1279.0,1092.0,188.0,0.0,85.3125,14.6875,False,0.5599567487837238
sweep2_hidden_10,00_baseline_exploration,sweep2,10,0.15,0.0005,20,2,64,2025-10-29T18:56:15.860507,0.40175294876098633,74,True,1.173121452331543,1.083107352256775,0.7721077799797058,0.003093719482421875,0.54140625,0.8918177336623874,-0.18902237713336945,0.9367285966873169,1122.0,0.5445632798573975,0.8893740902474527,0.6755113322277502,0.5169873659457376,0.015120506286621094,36.640625,9.921875,34.21875,7.187499999999999,12.03125,469.0,127.0,438.0,92.0,154.0,True,True,True,True,63.359375,158.0,1122.0,0.1234375,0.8765625,True,,0.03535560328557578,0.04523260529905625,-0.029443942,0.17574306,1269.0,1122.0,158.0,0.0,87.65625,12.34375,True,0.5583936159457376
sweep2_hidden_12,00_baseline_exploration,sweep2,12,0.15,0.0005,20,2,64,2025-10-29T18:56:17.789499,0.39306944608688354,100,False,1.1739801168441772,1.0835036039352417,0.7729639410972595,0.0023639798164367676,0.52265625,0.7600494001724063,-0.2416587769985199,0.7894494533538818,1168.0,0.5325342465753424,0.9053857350800583,0.6706199460916441,0.5064765790113184,-0.13215863704681396,23.125,8.90625,66.640625,0.390625,0.9375,296.0,114.0,853.0,5.0,12.0,True,True,True,True,76.875,112.0,1168.0,0.0875,0.9125,True,,0.04457981317174067,0.058823261590073436,-0.023507163,0.25606072,1275.0,1168.0,112.0,0.0,91.25,8.75,True,0.5291328290113184
sweep2_hidden_14,00_baseline_exploration,sweep2,14,0.15,0.0005,20,2,64,2025-10-29T19:00:20.011165,0.39811307191848755,74,True,1.1776353120803833,1.0851891040802002,0.7743974328041077,-0.0007420778274536133,0.53203125,0.7791355605596145,-0.24135524034500122,0.8191012144088745,1220.0,0.5360655737704918,0.9519650655021834,0.6858940744625066,0.47859181965237324,-0.10250687599182129,33.046875,3.75,63.20312500000001,0.0,0.0,423.0,48.0,809.0,0.0,0.0,False,False,True,True,66.953125,60.0,1220.0,0.046875,0.953125,True,,0.05847236496240432,0.07571809948346093,-0.024419528,0.28001708,1277.0,1220.0,60.0,0.0,95.3125,4.6875,False,0.5106230696523733
sweep2_hidden_16,00_baseline_exploration,sweep2,16,0.15,0.0005,20,2,64,2025-10-29T19:02:52.233867,0.4029621183872223,59,True,1.174346923828125,1.0836728811264038,0.7719882726669312,0.00205230712890625,0.5453125,1.006013640397486,-0.1960231363773346,0.984951376914978,1001.0,0.5524475524475524,0.8049490538573508,0.6552132701421801,0.531005839598813,0.06334328651428223,45.3125,16.015625,35.9375,2.734375,0.0,580.0,205.0,460.0,35.0,0.0,True,False,True,True,54.6875,279.0,1001.0,0.21796875,0.78203125,True,,0.04794637529351996,0.027785085669734373,-0.13569966,0.22142121,1270.0,1001.0,279.0,0.0,78.203125,21.796875,True,0.576318339598813
sweep2_hidden_18,00_baseline_exploration,sweep2,18,0.15,0.0005,20,2,64,2025-10-29T19:02:54.304700,0.3950904905796051,71,True,1.174429178237915,1.083710789680481,0.7731541395187378,0.001982450485229492,0.53671875,0.8329736080938573,-0.2524605989456177,0.9216080904006958,1280.0,0.53671875,1.0,0.6985256736146417,0.46659351826623563,0.0,2.34375,0.0,76.09375,7.34375,14.21875,30.0,0.0,974.0,94.0,182.0,True,True,False,True,97.65625,0.0,1280.0,0.0,1.0,True,,0.0271061883050502,0.06276341233671875,0.032942787,0.23269539,1256.0,1280.0,0.0,0.0,100.0,0.0,True,0.5033122682662357
sweep2_hidden_20,00_baseline_exploration,sweep2,20,0.15,0.0005,20,2,64,2025-10-29T19:03:26.300121,0.39927801489830017,72,True,1.174564003944397,1.0837730169296265,0.7719663977622986,0.0018678903579711914,0.534375,0.7947284303504591,-0.2524605989456177,0.8570568561553955,1277.0,0.5356303837118246,0.9956331877729258,0.6965376782077394,0.5110814917364399,-0.06455123424530029,6.484375000000001,0.546875,89.140625,3.125,0.703125,83.0,7.0,1141.0,40.0,9.0,True,True,True,True,93.515625,3.0,1277.0,0.00234375,0.99765625,True,,0.047730267790867045,0.08672732220210937,-0.0027156584,0.24221788,1276.0,1277.0,3.0,0.0,99.765625,0.234375,True,0.54545649173644
sweep2_hidden_8,00_baseline_exploration,sweep2,8,0.15,0.0005,20,2,64,2025-10-29T19:06:58.132959,0.3989180624485016,100,False,1.1709707975387573,1.0821141004562378,0.7726625204086304,0.004921317100524902,0.53671875,0.8329736080938573,-0.2524605989456177,0.9216080904006958,1280.0,0.53671875,1.0,0.6985256736146417,0.5079076366439121,0.0,2.34375,0.0,93.828125,1.953125,1.875,30.0,0.0,1201.0,25.0,24.0,True,True,False,True,97.65625,0.0,1280.0,0.0,1.0,True,,0.023310254597463637,0.046758260596875004,0.008441456,0.29447064,1262.0,1280.0,0.0,0.0,100.0,0.0,True,0.5446263866439122
baseline_fixed_h16_drop0.25,01_staleness_features_fixed,other,16,0.25,0.0005,20,2,64,2025-10-29T20:53:15.282538,0.4023403227329254,58,True,1.1733026504516602,1.08319091796875,0.7719786763191223,0.0029397010803222656,0.5390625,0.9279255765251542,-0.22382667660713196,1.0357539653778076,1215.0,0.5399176954732511,0.9548762736535662,0.6898002103049422,0.5087078506888959,0.11414587497711182,20.859375,2.734375,72.265625,2.03125,2.109375,267.0,35.0,925.0,26.0,27.0,True,True,True,True,79.140625,65.0,1215.0,0.05078125,0.94921875,True,,0.029731903203362456,0.04988521763859375,-0.055597506,0.23125607,1267.0,1215.0,65.0,0.0,94.921875,5.078125,True,0.5477703506888959
staleness_fixed_h16_drop0.25,01_staleness_features_fixed,other,16,0.25,0.0005,20,2,64,2025-10-29T20:56:17.275815,0.3950265347957611,94,True,1.175083875656128,1.0840128660202026,0.772561252117157,0.0014260411262512207,0.53671875,0.8329736080938573,-0.2524605989456177,0.9216080904006958,1280.0,0.53671875,1.0,0.6985256736146417,0.4914688837014073,0.0,2.34375,0.0,96.09375,1.5625,0.0,30.0,0.0,1230.0,20.0,0.0,True,False,False,True,97.65625,0.0,1280.0,0.0,1.0,True,,0.02414578442768734,0.06270098967578124,0.01623861,0.17955458,1267.0,1280.0,0.0,0.0,100.0,0.0,True,0.5281876337014073
staleness_fixed_h16_drop0.25_seed999,01_staleness_features_fixed,other,16,0.25,0.0005,20,2,64,2025-10-29T20:59:19.249308,0.3950265347957611,94,True,1.175083875656128,1.0840128660202026,0.772561252117157,0.0014260411262512207,0.53671875,0.8329736080938573,-0.2524605989456177,0.9216080904006958,1280.0,0.53671875,1.0,0.6985256736146417,0.4914688837014073,0.0,2.34375,0.0,96.09375,1.5625,0.0,30.0,0.0,1230.0,20.0,0.0,True,False,False,True,97.65625,0.0,1280.0,0.0,1.0,True,,0.02414578442768734,0.06270098967578124,0.01623861,0.17955458,1267.0,1280.0,0.0,0.0,100.0,0.0,True,0.5281876337014073
sweep_stale_h12_drop0.15_lr3,01_staleness_features_fixed,sweep1,12,0.15,0.0003,20,2,64,2025-10-29T21:02:52.524991,0.4016161561012268,100,False,1.1758421659469604,1.084362506866455,0.773136556148529,0.0007816553115844727,0.53671875,0.8329736080938573,-0.2524605989456177,0.9216080904006958,1280.0,0.53671875,1.0,0.6985256736146417,0.4671200394706805,0.0,2.34375,0.0,81.40625,8.125,8.125,30.0,0.0,1042.0,104.0,104.0,True,True,False,True,97.65625,0.0,1280.0,0.0,1.0,True,,0.03946189117922213,0.0760337646875,0.026516004,0.2704078,1268.0,1280.0,0.0,0.0,100.0,0.0,True,0.5038387894706805
sweep_stale_h12_drop0.15_lr5,01_staleness_features_fixed,sweep1,12,0.15,0.0005,20,2,64,2025-10-29T21:02:54.330020,0.40057283639907837,91,True,1.1756772994995117,1.0842865705490112,0.773394763469696,0.000921785831451416,0.53671875,0.8329736080938573,-0.2524605989456177,0.9216080904006958,1280.0,0.53671875,1.0,0.6985256736146417,0.4646003470867054,0.0,2.34375,0.0,92.34375,4.84375,0.46875,30.0,0.0,1182.0,62.0,6.0,True,True,False,True,97.65625,0.0,1280.0,0.0,1.0,True,,0.039753957617158886,0.07441430732421875,0.01857315,0.26865137,1268.0,1280.0,0.0,0.0,100.0,0.0,True,0.5013190970867054
sweep_stale_h12_drop0.20_lr3,01_staleness_features_fixed,sweep1,12,0.2,0.0003,20,2,64,2025-10-29T21:04:26.246018,0.4011872410774231,100,False,1.1759846210479736,1.0844281911849976,0.7734614610671997,0.0006606578826904297,0.53671875,0.8329736080938573,-0.2524605989456177,0.9216080904006958,1280.0,0.53671875,1.0,0.6985256736146417,0.46692734989236384,0.0,2.34375,0.0,80.546875,6.09375,11.015625,30.0,0.0,1031.0,78.0,141.0,True,True,False,True,97.65625,0.0,1280.0,0.0,1.0,True,,0.04408457753316864,0.07619098347734374,0.028113201,0.26218468,1266.0,1280.0,0.0,0.0,100.0,0.0,True,0.5036460998923639
sweep_stale_h12_drop0.20_lr5,01_staleness_features_fixed,sweep1,12,0.2,0.0005,20,2,64,2025-10-29T21:06:57.454476,0.3994641900062561,80,True,1.1769593954086304,1.084877610206604,0.7734233736991882,-0.00016772747039794922,0.53671875,0.8329736080938573,-0.2524605989456177,0.9216080904006958,1280.0,0.53671875,1.0,0.6985256736146417,0.46365285438313564,0.0,2.34375,0.0,83.359375,12.421875,1.875,30.0,0.0,1067.0,159.0,24.0,True,True,False,True,97.65625,0.0,1280.0,0.0,1.0,True,,0.0409835293502489,0.09188626153203125,0.04182472,0.2663511,1266.0,1280.0,0.0,0.0,100.0,0.0,True,0.5003716043831357
sweep_stale_h12_drop0.25_lr3,01_staleness_features_fixed,sweep1,12,0.25,0.0003,20,2,64,2025-10-29T21:06:59.594950,0.40170949697494507,100,False,1.176138162612915,1.0844990015029907,0.773595929145813,0.0005301833152770996,0.53671875,0.8329736080938573,-0.2524605989456177,0.9216080904006958,1280.0,0.53671875,1.0,0.6985256736146417,0.46854618781465474,0.0,2.34375,0.0,80.9375,4.765625,11.953125,30.0,0.0,1036.0,61.0,153.0,True,True,False,True,97.65625,0.0,1280.0,0.0,1.0,True,,0.04795942696971085,0.08016500760390625,0.032939803,0.2867364,1257.0,1280.0,0.0,0.0,100.0,0.0,True,0.5052649378146548
sweep_stale_h12_drop0.25_lr5,01_staleness_features_fixed,sweep1,12,0.25,0.0005,20,2,64,2025-10-29T21:10:31.903936,0.3974754512310028,100,True,1.1781651973724365,1.0854331254959106,0.774844229221344,-0.001192331314086914,0.53671875,0.8329736080938573,-0.2524605989456177,0.9216080904006958,1280.0,0.53671875,1.0,0.6985256736146417,0.4626538141490607,0.0,2.34375,0.0,92.578125,2.34375,2.734375,30.0,0.0,1185.0,30.0,35.0,True,True,False,True,97.65625,0.0,1280.0,0.0,1.0,True,,0.05872351522893377,0.08673070852578126,0.027215138,0.31219497,1261.0,1280.0,0.0,0.0,100.0,0.0,True,0.4993725641490607
sweep_stale_h12_drop0.30_lr3,01_staleness_features_fixed,sweep1,12,0.3,0.0003,20,2,64,2025-10-29T21:15:03.749990,0.402172327041626,100,False,1.1761279106140137,1.0844943523406982,0.773583710193634,0.0005388259887695312,0.53671875,0.8329736080938573,-0.2524605989456177,0.9216080904006958,1280.0,0.53671875,1.0,0.6985256736146417,0.4677582469912197,0.0,2.34375,0.0,80.3125,2.578125,14.765624999999998,30.0,0.0,1028.0,33.0,189.0,True,True,False,True,97.65625,0.0,1280.0,0.0,1.0,True,,0.044838124289065785,0.0794452965546875,0.036939036,0.2723618,1258.0,1280.0,0.0,0.0,100.0,0.0,True,0.5044769969912197
sweep_stale_h12_drop0.30_lr5,01_staleness_features_fixed,sweep1,12,0.3,0.0005,20,2,64,2025-10-29T21:25:35.662872,0.3973931670188904,100,True,1.1788556575775146,1.0857511758804321,0.7750599980354309,-0.0017791986465454102,0.53671875,0.8329736080938573,-0.2524605989456177,0.9216080904006958,1280.0,0.53671875,1.0,0.6985256736146417,0.46248321636953205,0.0,2.34375,0.0,90.78125,1.953125,4.921875,30.0,0.0,1162.0,25.0,63.0,True,True,False,True,97.65625,0.0,1280.0,0.0,1.0,True,,0.060895566595337965,0.09002702915859374,0.032551754,0.31362784,1264.0,1280.0,0.0,0.0,100.0,0.0,True,0.49920196636953207
sweep_stale_h12_drop0.35_lr3,01_staleness_features_fixed,sweep1,12,0.35,0.0003,20,2,64,2025-10-29T21:53:38.238724,0.4027678370475769,100,False,1.1762597560882568,1.0845551490783691,0.7733022570610046,0.00042682886123657227,0.53671875,0.8329736080938573,-0.2524605989456177,0.9216080904006958,1280.0,0.53671875,1.0,0.6985256736146417,0.46923962483216364,0.0,2.34375,0.0,80.15625,2.578125,14.921875000000002,30.0,0.0,1026.0,33.0,191.0,True,True,False,True,97.65625,0.0,1280.0,0.0,1.0,True,,0.04411520590941128,0.088160837115625,0.046745285,0.2973857,1260.0,1280.0,0.0,0.0,100.0,0.0,True,0.5059583748321637
sweep_stale_h12_drop0.35_lr5,01_staleness_features_fixed,sweep1,12,0.35,0.0005,20,2,64,2025-10-29T21:56:40.063792,0.39676541090011597,100,False,1.1763378381729126,1.0845911502838135,0.7739354968070984,0.0003604888916015625,0.53671875,0.8329736080938573,-0.2524605989456177,0.9216080904006958,1280.0,0.53671875,1.0,0.6985256736146417,0.4645831645765371,0.0,2.34375,0.0,88.984375,3.4375000000000004,5.234375,30.0,0.0,1139.0,44.0,67.0,True,True,False,True,97.65625,0.0,1280.0,0.0,1.0,True,,0.04296678280110078,0.0764523620484375,0.03657455,0.28073454,1255.0,1280.0,0.0,0.0,100.0,0.0,True,0.5013019145765372
sweep_stale_h14_drop0.15_lr3,01_staleness_features_fixed,sweep1,14,0.15,0.0003,20,2,64,2025-10-29T22:03:42.285564,0.39967694878578186,87,True,1.1754271984100342,1.084171175956726,0.773638129234314,0.001134335994720459,0.52734375,0.7582330617427756,-0.18871672451496124,0.7096853256225586,984.0,0.5416666666666666,0.7758369723435226,0.6379413524835428,0.5000650480742088,-0.2119227647781372,49.21875,31.015625000000004,19.6875,0.078125,0.0,630.0,397.0,252.0,1.0,0.0,True,False,True,True,50.78125,296.0,984.0,0.23125,0.76875,True,,0.07320706503204219,0.04462150655534531,-0.09897347,0.32599598,1276.0,984.0,296.0,0.0,76.875,23.125,False,0.5274087980742088
sweep_stale_h14_drop0.15_lr5,01_staleness_features_fixed,sweep1,14,0.15,0.0005,20,2,64,2025-10-29T22:08:14.368392,0.3971286714076996,87,True,1.1738790273666382,1.0834569931030273,0.7736622095108032,0.002449929714202881,0.525,0.9542200232809928,-0.19676683843135834,0.9582029581069946,935.0,0.5422459893048128,0.7379912663755459,0.6251541307028361,0.5008701714078121,0.03659486770629883,60.46875000000001,21.875,17.65625,0.0,0.0,774.0,280.0,226.0,0.0,0.0,False,False,True,True,39.53125,345.0,935.0,0.26953125,0.73046875,True,,0.08985344296262743,0.044772553916089065,-0.14041962,0.4055374,1278.0,935.0,345.0,0.0,73.046875,26.953125,False,0.5258701714078121
sweep_stale_h14_drop0.20_lr3,01_staleness_features_fixed,sweep1,14,0.2,0.0003,20,2,64,2025-10-29T22:14:46.674892,0.3997136056423187,100,False,1.1744416952133179,1.083716630935669,0.7725344896316528,0.0019717812538146973,0.528125,0.706277349697728,-0.21356913447380066,0.6699939966201782,1105.0,0.5375565610859728,0.8646288209606987,0.6629464285714286,0.5042968548642459,-0.2516140937805176,40.3125,25.390625,32.65625,1.640625,0.0,516.0,325.0,418.0,21.0,0.0,True,False,True,True,59.6875,175.0,1105.0,0.13671875,0.86328125,True,,0.06817624190026586,0.05919469374750937,-0.07739437,0.3332205,1274.0,1105.0,175.0,0.0,86.328125,13.671875,False,0.5324218548642459
sweep_stale_h14_drop0.20_lr5,01_staleness_features_fixed,sweep1,14,0.2,0.0005,20,2,64,2025-10-29T22:15:48.800914,0.39666804671287537,87,True,1.1740254163742065,1.0835245847702026,0.7735245823860168,0.0023255348205566406,0.5359375,1.01785786537763,-0.1967669427394867,1.0546705722808838,973.0,0.5477903391572456,0.7758369723435226,0.6421686746987951,0.4964935406034988,0.133062481880188,49.53125,23.046875,25.078125,2.34375,0.0,634.0,295.0,321.0,30.0,0.0,True,False,True,True,50.46875,307.0,973.0,0.23984375,0.76015625,True,,0.08209154057636371,0.04219880780476563,-0.1392724,0.43252224,1277.0,973.0,307.0,0.0,76.015625,23.984375,False,0.5324310406034988
sweep_stale_h14_drop0.25_lr3,01_staleness_features_fixed,sweep1,14,0.25,0.0003,20,2,64,2025-10-29T22:18:20.642744,0.3989593982696533,100,False,1.1740367412567139,1.0835297107696533,0.7725237607955933,0.0023158788681030273,0.53125,0.8614027876957208,-0.22871913015842438,0.9461504220962524,1227.0,0.5354523227383863,0.9563318777292577,0.6865203761755486,0.49716611314437475,0.02454233169555664,26.406249999999996,7.187499999999999,62.890625,3.515625,0.0,338.0,92.0,805.0,45.0,0.0,True,False,True,True,73.59375,53.0,1227.0,0.04140625,0.95859375,True,,0.04948549822331799,0.060172841673,-0.04751204,0.29604003,1270.0,1227.0,53.0,0.0,95.859375,4.140625,True,0.5284161131443748
sweep_stale_h14_drop0.25_lr5,01_staleness_features_fixed,sweep1,14,0.25,0.0005,20,2,64,2025-10-29T22:21:52.567615,0.3978196978569031,86,True,1.1736669540405273,1.0833591222763062,0.7732619047164917,0.002630174160003662,0.52890625,0.8038459596116018,-0.21036726236343384,0.8360874652862549,1166.0,0.5360205831903945,0.9097525473071325,0.6745817593092283,0.49228873490086916,-0.08552062511444092,39.6875,19.921875,36.796875,3.5937499999999996,0.0,508.0,255.0,471.0,46.0,0.0,True,False,True,True,60.3125,114.0,1166.0,0.0890625,0.9109375,True,,0.05635842434691186,0.053068827703135944,-0.04914867,0.37999892,1270.0,1166.0,114.0,0.0,91.09375,8.90625,False,0.5211949849008692
sweep_stale_h14_drop0.30_lr3,01_staleness_features_fixed,sweep1,14,0.3,0.0003,20,2,64,2025-10-29T22:26:54.883676,0.3989059031009674,100,False,1.1741111278533936,1.083564043045044,0.773769199848175,0.002252638339996338,0.51640625,0.7869747220460185,-0.2129708081483841,0.8076337575912476,1106.0,0.530741410488246,0.8544395924308588,0.6547685443390965,0.4860932126630191,-0.11397433280944824,45.0,17.109375,33.359375,4.375,0.15625,576.0,219.0,427.0,56.0,2.0,True,True,True,True,55.0,174.0,1106.0,0.1359375,0.8640625,True,,0.04649856506266391,0.03942681760596094,-0.04280904,0.27345198,1273.0,1106.0,174.0,0.0,86.40625,13.593749999999998,True,0.502499462663019
sweep_stale_h14_drop0.30_lr5,01_staleness_features_fixed,sweep1,14,0.3,0.0005,20,2,64,2025-10-29T22:37:26.340452,0.397195965051651,100,False,1.1741024255752563,1.0835601091384888,0.7735410928726196,0.0022600889205932617,0.52109375,0.8607623323596232,-0.2025950700044632,0.9208978414535522,1122.0,0.5329768270944741,0.8704512372634643,0.6611387506909895,0.4933000483564929,-0.0007102489471435547,55.93749999999999,11.015625,30.078125,2.96875,0.0,716.0,141.0,385.0,38.0,0.0,True,False,True,True,44.0625,158.0,1122.0,0.1234375,0.8765625,True,,0.051217460114960714,0.04650902739421875,-0.054655276,0.34870404,1274.0,1122.0,158.0,0.0,87.65625,12.34375,False,0.5143937983564929
sweep_stale_h14_drop0.35_lr3,01_staleness_features_fixed,sweep1,14,0.35,0.0003,20,2,64,2025-10-29T23:05:59.003659,0.3986094892024994,100,False,1.173570990562439,1.0833147764205933,0.7732881307601929,0.002711653709411621,0.52265625,0.8412369603582693,-0.2156452089548111,0.8999278545379639,1146.0,0.5331588132635253,0.8893740902474527,0.6666666666666667,0.496513177757977,-0.021680235862731934,38.90625,16.40625,40.546875,4.140625,0.0,498.0,210.0,519.0,53.0,0.0,True,False,True,True,61.09375,134.0,1146.0,0.1046875,0.8953125,True,,0.042649302408216884,0.041549944293746095,-0.04846078,0.28647768,1276.0,1146.0,134.0,0.0,89.53125,10.46875,True,0.519169427757977
sweep_stale_h14_drop0.35_lr5,01_staleness_features_fixed,sweep1,14,0.35,0.0005,20,2,64,2025-10-29T23:07:01.208933,0.3962042033672333,93,True,1.1737570762634277,1.0834007263183594,0.7738384008407593,0.002553582191467285,0.51171875,0.7085250936376848,-0.21957971155643463,0.6854538917541504,1058.0,0.5293005671077504,0.8151382823871907,0.6418338108882521,0.48759668230275094,-0.2361541986465454,55.078125,16.40625,28.515625,0.0,0.0,705.0,210.0,365.0,0.0,0.0,False,False,True,True,44.921875,222.0,1058.0,0.1734375,0.8265625,True,,0.055105726193004675,0.041888208740114063,-0.045361385,0.34982324,1271.0,1058.0,222.0,0.0,82.65625,17.34375,False,0.49931543230275094
sweep_stale_h16_drop0.15_lr3,01_staleness_features_fixed,sweep1,16,0.15,0.0003,20,2,64,2025-10-29T23:08:33.406248,0.39706847071647644,100,False,1.1748790740966797,1.0839183330535889,0.771832287311554,0.0016000866889953613,0.534375,0.8174317145264399,-0.26383888721466064,0.8923578262329102,1271.0,0.5357985837922895,0.9912663755458515,0.6956077630234933,0.5387833800943074,-0.029250264167785645,2.96875,4.53125,91.640625,0.8593750000000001,0.0,38.0,58.0,1173.0,11.0,0.0,True,False,True,True,97.03125,9.0,1271.0,0.00703125,0.99296875,True,,0.020657267422377362,0.0516342549415,-0.011084549,0.11958342,1258.0,1271.0,9.0,0.0,99.296875,0.703125,True,0.5731583800943074
sweep_stale_h16_drop0.15_lr5,01_staleness_features_fixed,sweep1,16,0.15,0.0005,20,2,64,2025-10-29T23:11:35.278537,0.3968985974788666,100,False,1.1741790771484375,1.0835953950881958,0.7716441750526428,0.0021949410438537598,0.53359375,0.8132435624158431,-0.24766525626182556,0.878225564956665,1252.0,0.5359424920127795,0.9767103347889374,0.6921093347086128,0.5368086187471004,-0.04338252544403076,9.296875,7.8125,79.453125,3.4375000000000004,0.0,119.0,100.0,1017.0,44.0,0.0,True,False,True,True,90.703125,28.0,1252.0,0.021875,0.978125,True,,0.02644217800919888,0.05423582165040626,-0.021169364,0.18826921,1269.0,1252.0,28.0,0.0,97.8125,2.1875,True,0.5704023687471004
sweep_stale_h16_drop0.20_lr3,01_staleness_features_fixed,sweep1,16,0.2,0.0003,20,2,64,2025-10-29T23:19:07.295179,0.3977532982826233,100,False,1.1753780841827393,1.0841485261917114,0.772454559803009,0.0011760592460632324,0.53671875,0.8329736080938573,-0.2524605989456177,0.9216080904006958,1280.0,0.53671875,1.0,0.6985256736146417,0.5156103104879588,0.0,2.265625,0.078125,90.234375,4.6875,2.734375,29.0,1.0,1155.0,60.0,35.0,True,True,True,True,97.734375,0.0,1280.0,0.0,1.0,True,,0.015818206469995984,0.0533121441234375,0.004609609,0.13144624,1261.0,1280.0,0.0,0.0,100.0,0.0,True,0.5523290604879588
sweep_stale_h16_drop0.20_lr5,01_staleness_features_fixed,sweep1,16,0.2,0.0005,20,2,64,2025-10-29T23:24:39.357551,0.3979960083961487,95,True,1.1746562719345093,1.083815574645996,0.7723486423492432,0.001789391040802002,0.53671875,0.8329736080938573,-0.2524605989456177,0.9216080904006958,1280.0,0.53671875,1.0,0.6985256736146417,0.5065330358304431,0.0,2.34375,0.0,87.890625,9.53125,0.234375,30.0,0.0,1125.0,122.0,3.0,True,True,False,True,97.65625,0.0,1280.0,0.0,1.0,True,,0.017919347601205494,0.06004719523046875,0.008204462,0.16799417,1267.0,1280.0,0.0,0.0,100.0,0.0,True,0.5432517858304431
sweep_stale_h16_drop0.25_lr3,01_staleness_features_fixed,sweep1,16,0.25,0.0003,20,2,64,2025-10-29T23:28:11.926272,0.39950233697891235,100,False,1.1759411096572876,1.084408164024353,0.7728388905525208,0.0006976127624511719,0.53671875,0.8329736080938573,-0.2524605989456177,0.9216080904006958,1280.0,0.53671875,1.0,0.6985256736146417,0.4814588442061803,0.0,2.34375,0.0,93.984375,3.5937499999999996,0.078125,30.0,0.0,1203.0,46.0,1.0,True,True,False,True,97.65625,0.0,1280.0,0.0,1.0,True,,0.01764206718127903,0.06450687460078125,0.025921512,0.12817597,1271.0,1280.0,0.0,0.0,100.0,0.0,True,0.5181775942061804
sweep_stale_h16_drop0.25_lr5,01_staleness_features_fixed,sweep1,16,0.25,0.0005,20,2,64,2025-10-29T23:31:13.797631,0.3950265347957611,94,True,1.175083875656128,1.0840128660202026,0.772561252117157,0.0014260411262512207,0.53671875,0.8329736080938573,-0.2524605989456177,0.9216080904006958,1280.0,0.53671875,1.0,0.6985256736146417,0.4914688837014073,0.0,2.34375,0.0,96.09375,1.5625,0.0,30.0,0.0,1230.0,20.0,0.0,True,False,False,True,97.65625,0.0,1280.0,0.0,1.0,True,,0.02414578442768734,0.06270098967578124,0.01623861,0.17955458,1267.0,1280.0,0.0,0.0,100.0,0.0,True,0.5281876337014073
sweep_stale_h16_drop0.30_lr3,01_staleness_features_fixed,sweep1,16,0.3,0.0003,20,2,64,2025-10-29T23:39:15.491024,0.3989458680152893,100,False,1.1756092309951782,1.0842550992965698,0.7729736566543579,0.0009796619415283203,0.53671875,0.8329736080938573,-0.2524605989456177,0.9216080904006958,1280.0,0.53671875,1.0,0.6985256736146417,0.4773694067861096,0.0,2.34375,0.0,93.28125,3.28125,1.09375,30.0,0.0,1194.0,42.0,14.0,True,True,False,True,97.65625,0.0,1280.0,0.0,1.0,True,,0.023134105174198005,0.06481025423125,0.026030663,0.14811043,1270.0,1280.0,0.0,0.0,100.0,0.0,True,0.5140881567861096
sweep_stale_h16_drop0.30_lr5,01_staleness_features_fixed,sweep1,16,0.3,0.0005,20,2,64,2025-10-29T23:49:17.531946,0.39701777696609497,93,True,1.175405740737915,1.0841612815856934,0.7728295922279358,0.0011525750160217285,0.53671875,0.8329736080938573,-0.2524605989456177,0.9216080904006958,1280.0,0.53671875,1.0,0.6985256736146417,0.47893792450005035,0.0,2.34375,0.0,94.0625,3.046875,0.546875,30.0,0.0,1204.0,39.0,7.0,True,True,False,True,97.65625,0.0,1280.0,0.0,1.0,True,,0.022852618357741113,0.06654651818125,0.02342933,0.17595361,1267.0,1280.0,0.0,0.0,100.0,0.0,True,0.5156566745000504
sweep_stale_h16_drop0.35_lr3,01_staleness_features_fixed,sweep1,16,0.35,0.0003,20,2,64,2025-10-30T00:08:49.819651,0.39767327904701233,100,False,1.1756021976470947,1.084251880645752,0.7729655504226685,0.0009856224060058594,0.53671875,0.8329736080938573,-0.2524605989456177,0.9216080904006958,1280.0,0.53671875,1.0,0.6985256736146417,0.4745625210178919,0.0,2.34375,0.0,93.203125,2.890625,1.5625,30.0,0.0,1193.0,37.0,20.0,True,True,False,True,97.65625,0.0,1280.0,0.0,1.0,True,,0.020560630023557076,0.06298610415859376,0.027027598,0.15448305,1261.0,1280.0,0.0,0.0,100.0,0.0,True,0.511281271017892
sweep_stale_h16_drop0.35_lr5,01_staleness_features_fixed,sweep1,16,0.35,0.0005,20,2,64,2025-10-30T00:11:52.778940,0.39484062790870667,94,True,1.1744859218597412,1.0837370157241821,0.7725124955177307,0.0019341707229614258,0.53671875,0.8329736080938573,-0.2524605989456177,0.9216080904006958,1280.0,0.53671875,1.0,0.6985256736146417,0.48716098293776744,0.0,2.34375,0.0,93.984375,3.125,0.546875,30.0,0.0,1203.0,40.0,7.0,True,True,False,True,97.65625,0.0,1280.0,0.0,1.0,True,,0.02154432016365364,0.0604671694828125,0.02580278,0.19719456,1264.0,1280.0,0.0,0.0,100.0,0.0,True,0.5238797329377675
sweep_stale_h18_drop0.15_lr3,01_staleness_features_fixed,sweep1,18,0.15,0.0003,20,2,64,2025-10-30T00:12:24.131568,0.3948846757411957,100,False,1.174956202507019,1.0839539766311646,0.7740222811698914,0.0015345215797424316,0.52734375,0.768709148754257,-0.2524596154689789,0.8122445344924927,1250.0,0.5328,0.9694323144104804,0.687661331956634,0.4778161520504871,-0.10936355590820312,23.359375,1.25,73.046875,2.34375,0.0,299.0,16.0,935.0,30.0,0.0,True,False,True,True,76.640625,30.0,1250.0,0.0234375,0.9765625,True,,0.05382407240640076,0.061870577366390636,-0.015577994,0.28838506,1272.0,1250.0,30.0,0.0,97.65625,2.34375,False,0.5051599020504871
sweep_stale_h18_drop0.15_lr5,01_staleness_features_fixed,sweep1,18,0.15,0.0005,20,2,64,2025-10-30T00:16:26.469883,0.3926621079444885,100,False,1.1792421340942383,1.0859291553497314,0.7734365463256836,-0.0021076202392578125,0.525,0.8280694825064246,-0.2360651046037674,0.8857160806655884,1173.0,0.5336743393009378,0.9112081513828238,0.6731182795698925,0.48331946459298314,-0.03589200973510742,37.265625,23.671875,39.0625,0.0,0.0,477.0,303.0,500.0,0.0,0.0,False,False,True,True,62.734375,107.0,1173.0,0.08359375,0.91640625,True,,0.05351250396780055,0.05814319683353124,-0.04064317,0.32540563,1277.0,1173.0,107.0,0.0,91.640625,8.359375,False,0.5083194645929832
sweep_stale_h18_drop0.20_lr3,01_staleness_features_fixed,sweep1,18,0.2,0.0003,20,2,64,2025-10-30T00:18:57.903614,0.39540013670921326,100,False,1.173645257949829,1.0833491086959839,0.7736886739730835,0.002648651599884033,0.53046875,0.8422846341102826,-0.22684623301029205,0.9175010919570923,1200.0,0.5358333333333334,0.9359534206695779,0.681505034446211,0.4944156841952817,-0.004106998443603516,41.171875,3.359375,51.64062499999999,3.4375000000000004,0.390625,527.0,43.0,661.0,44.0,5.0,True,True,True,True,58.82812499999999,80.0,1200.0,0.0625,0.9375,True,,0.04510398781679074,0.04687145610608985,-0.019158084,0.2360522,1266.0,1200.0,80.0,0.0,93.75,6.25,True,0.5248844341952817
sweep_stale_h18_drop0.20_lr5,01_staleness_features_fixed,sweep1,18,0.2,0.0005,20,2,64,2025-10-30T00:21:30.269161,0.392140656709671,100,False,1.1773312091827393,1.0850489139556885,0.7734752893447876,-0.0004837512969970703,0.53203125,0.9329776041251059,-0.19336479902267456,1.0376386642456055,1130.0,0.5389380530973451,0.8864628820960698,0.6703357182168409,0.495577958275956,0.11603057384490967,43.671875,15.234375,38.75,2.34375,0.0,559.0,195.0,496.0,30.0,0.0,True,False,True,True,56.328125,150.0,1130.0,0.1171875,0.8828125,True,,0.04518279566450158,0.04417064364327344,-0.03469141,0.27413374,1266.0,1130.0,150.0,0.0,88.28125,11.71875,True,0.527609208275956
sweep_stale_h18_drop0.25_lr3,01_staleness_features_fixed,sweep1,18,0.25,0.0003,20,2,64,2025-10-30T00:28:02.274939,0.3955172896385193,100,False,1.1737496852874756,1.0833972692489624,0.7733455300331116,0.0025599002838134766,0.5265625,0.7289628927286645,-0.2524600327014923,0.7506217956542969,1249.0,0.5324259407526021,0.9679767103347889,0.6869834710743803,0.4898512731012713,-0.17098629474639893,28.90625,3.75,62.890625,2.34375,2.109375,370.0,48.0,805.0,30.0,27.0,True,True,True,True,71.09375,31.0,1249.0,0.02421875,0.97578125,True,,0.041706274562287524,0.05045345518407866,-0.010545429,0.24432693,1267.0,1249.0,31.0,0.0,97.578125,2.421875,True,0.5164137731012713
sweep_stale_h18_drop0.25_lr5,01_staleness_features_fixed,sweep1,18,0.25,0.0005,20,2,64,2025-10-30T00:28:33.918654,0.39303404092788696,100,False,1.175355315208435,1.084138035774231,0.7732530832290649,0.001195371150970459,0.52890625,0.8305074115212557,-0.21163783967494965,0.8968192338943481,1200.0,0.535,0.9344978165938864,0.6804451510333864,0.4899101845647057,-0.024788856506347656,42.890625,7.890625,46.953125,2.265625,0.0,549.0,101.0,601.0,29.0,0.0,True,False,True,True,57.109375,80.0,1200.0,0.0625,0.9375,True,,0.045214121582365485,0.0521469541544922,-0.02469518,0.26154044,1273.0,1200.0,80.0,0.0,93.75,6.25,True,0.5188164345647057
sweep_stale_h18_drop0.30_lr3,01_staleness_features_fixed,sweep1,18,0.3,0.0003,20,2,64,2025-10-30T00:39:06.514305,0.39590030908584595,100,False,1.173645257949829,1.0833491086959839,0.7734812498092651,0.0026485323905944824,0.53125,0.8126342723578732,-0.23709669709205627,0.8728101253509521,1217.0,0.5357436318816763,0.9490538573508006,0.6848739495798319,0.4892179748693516,-0.04879796504974365,41.015625,4.296875,49.921875,1.015625,3.75,525.0,55.0,639.0,13.0,48.0,True,True,True,True,58.984375,63.0,1217.0,0.04921875,0.95078125,True,,0.040181809828686514,0.04187675254639649,-0.015410602,0.24576387,1260.0,1217.0,63.0,0.0,95.078125,4.921875,True,0.5204679748693516
sweep_stale_h18_drop0.30_lr5,01_staleness_features_fixed,sweep1,18,0.3,0.0005,20,2,64,2025-10-30T00:44:38.857055,0.3924964368343353,100,False,1.1752135753631592,1.0840727090835571,0.7736563682556152,0.001315772533416748,0.52265625,0.7583260844799576,-0.22432655096054077,0.7872072458267212,1204.0,0.53156146179402,0.9315866084425036,0.6768905341089371,0.48347410718449846,-0.1344008445739746,46.796875,8.046875,42.890625,2.265625,0.0,599.0,103.0,549.0,29.0,0.0,True,False,True,True,53.203125,76.0,1204.0,0.059375,0.940625,True,,0.047330246396840484,0.049010827740057814,-0.024263121,0.28994977,1272.0,1204.0,76.0,0.0,94.0625,5.9375,True,0.5061303571844985
sweep_stale_h18_drop0.35_lr3,01_staleness_features_fixed,sweep1,18,0.35,0.0003,20,2,64,2025-10-30T01:09:10.460838,0.3976324200630188,100,False,1.1733391284942627,1.0832078456878662,0.7729004621505737,0.0029087066650390625,0.53671875,0.8329736080938573,-0.2524605989456177,0.9216080904006958,1280.0,0.53671875,1.0,0.6985256736146417,0.48561455702261463,0.0,2.34375,0.0,87.734375,3.28125,6.640625,30.0,0.0,1123.0,42.0,85.0,True,True,False,True,97.65625,0.0,1280.0,0.0,1.0,True,,0.03233539775846737,0.048383860380625,0.0049446262,0.23413567,1262.0,1280.0,0.0,0.0,100.0,0.0,True,0.5223333070226146
sweep_stale_h18_drop0.35_lr5,01_staleness_features_fixed,sweep1,18,0.35,0.0005,20,2,64,2025-10-30T01:09:13.206388,0.3936435580253601,100,False,1.1743847131729126,1.0836902856826782,0.7732452750205994,0.00202023983001709,0.52890625,0.7791432483891337,-0.23544953763484955,0.8255109786987305,1244.0,0.5337620578778135,0.9665211062590975,0.6877265665458312,0.48490516481709217,-0.09609711170196533,31.71875,3.359375,60.62499999999999,1.5625,2.734375,406.0,43.0,776.0,20.0,35.0,True,True,True,True,68.28125,36.0,1244.0,0.028125,0.971875,True,,0.040142494457817535,0.04923921716107031,-0.013216641,0.2682634,1267.0,1244.0,36.0,0.0,97.1875,2.8125,True,0.5138114148170922
sweep_stale_h20_drop0.15_lr3,01_staleness_features_fixed,sweep1,20,0.15,0.0003,20,2,64,2025-10-30T01:24:14.949309,0.3988853991031647,74,True,1.1755073070526123,1.0842081308364868,0.7737258076667786,0.0010662674903869629,0.53671875,0.8329736080938573,-0.2524605989456177,0.9216080904006958,1280.0,0.53671875,1.0,0.6985256736146417,0.4834004678552054,0.0,2.265625,0.078125,83.984375,8.671875,5.0,29.0,1.0,1075.0,111.0,64.0,True,True,True,True,97.734375,0.0,1280.0,0.0,1.0,True,,0.029578241957701312,0.04102012189335937,0.007847242,0.14554325,1262.0,1280.0,0.0,0.0,100.0,0.0,True,0.5201192178552054
sweep_stale_h20_drop0.15_lr5,01_staleness_features_fixed,sweep1,20,0.15,0.0005,20,2,64,2025-10-30T01:28:46.484645,0.3989947438240051,57,True,1.1761295795440674,1.0844950675964355,0.7734978795051575,0.0005374550819396973,0.53671875,0.8329736080938573,-0.2524605989456177,0.9216080904006958,1280.0,0.53671875,1.0,0.6985256736146417,0.48948062181049656,0.0,2.265625,0.078125,92.65625,5.0,0.0,29.0,1.0,1186.0,64.0,0.0,True,False,True,True,97.734375,0.0,1280.0,0.0,1.0,True,,0.030491934522789733,0.044499006065546874,0.0029293299,0.15673749,1268.0,1280.0,0.0,0.0,100.0,0.0,True,0.5261993718104966
sweep_stale_h20_drop0.20_lr3,01_staleness_features_fixed,sweep1,20,0.2,0.0003,20,2,64,2025-10-30T01:31:18.724711,0.40060266852378845,74,True,1.1759248971939087,1.0844006538391113,0.7737122178077698,0.0007113814353942871,0.53671875,0.8329736080938573,-0.2524605989456177,0.9216080904006958,1280.0,0.53671875,1.0,0.6985256736146417,0.47917111570947807,0.0,2.34375,0.0,83.125,9.609375,4.921875,30.0,0.0,1064.0,123.0,63.0,True,True,False,True,97.65625,0.0,1280.0,0.0,1.0,True,,0.0405045047031106,0.0579716357328125,0.01825584,0.18765512,1257.0,1280.0,0.0,0.0,100.0,0.0,True,0.5158898657094781
sweep_stale_h20_drop0.20_lr5,01_staleness_features_fixed,sweep1,20,0.2,0.0005,20,2,64,2025-10-30T01:33:50.912693,0.39994141459465027,60,True,1.1769661903381348,1.0848807096481323,0.774152398109436,-0.0001735687255859375,0.53671875,0.8329736080938573,-0.2524605989456177,0.9216080904006958,1280.0,0.53671875,1.0,0.6985256736146417,0.4719470975058359,0.0,2.34375,0.0,97.65625,0.0,0.0,30.0,0.0,1250.0,0.0,0.0,False,False,False,True,97.65625,0.0,1280.0,0.0,1.0,True,,0.03999945842933603,0.06332061736484376,0.006489003,0.19970392,1266.0,1280.0,0.0,0.0,100.0,0.0,True,0.5086658475058359
sweep_stale_h20_drop0.25_lr3,01_staleness_features_fixed,sweep1,20,0.25,0.0003,20,2,64,2025-10-30T01:40:53.072619,0.40244045853614807,82,True,1.1755025386810303,1.084205985069275,0.7737765908241272,0.0010703206062316895,0.53671875,0.8329736080938573,-0.2524605989456177,0.9216080904006958,1280.0,0.53671875,1.0,0.6985256736146417,0.46943354173263524,0.0,2.265625,0.078125,80.546875,17.109375,0.0,29.0,1.0,1031.0,219.0,0.0,True,False,True,True,97.734375,0.0,1280.0,0.0,1.0,True,,0.03903868265281751,0.06713586065703125,0.03402897,0.20351353,1269.0,1280.0,0.0,0.0,100.0,0.0,True,0.5061522917326353
sweep_stale_h20_drop0.25_lr5,01_staleness_features_fixed,sweep1,20,0.25,0.0005,20,2,64,2025-10-30T01:41:24.774158,0.4012599587440491,74,True,1.1794366836547852,1.086018681526184,0.7751477360725403,-0.002272963523864746,0.53671875,0.8329736080938573,-0.2524605989456177,0.9216080904006958,1280.0,0.53671875,1.0,0.6985256736146417,0.46481881043027456,0.0,2.34375,0.0,97.578125,0.078125,0.0,30.0,0.0,1249.0,1.0,0.0,True,False,False,True,97.65625,0.0,1280.0,0.0,1.0,True,,0.05250400844948948,0.0767369973453125,0.013269901,0.22856638,1269.0,1280.0,0.0,0.0,100.0,0.0,True,0.5015375604302745
sweep_stale_h20_drop0.30_lr3,01_staleness_features_fixed,sweep1,20,0.3,0.0003,20,2,64,2025-10-30T01:51:57.077919,0.40369001030921936,74,True,1.1780726909637451,1.085390567779541,0.7749071717262268,-0.0011138916015625,0.53671875,0.8329736080938573,-0.2524605989456177,0.9216080904006958,1280.0,0.53671875,1.0,0.6985256736146417,0.4661344997803093,0.0,2.34375,0.0,80.78125,9.296875,7.578124999999999,30.0,0.0,1034.0,119.0,97.0,True,True,False,True,97.65625,0.0,1280.0,0.0,1.0,True,,0.053270293935016776,0.06807111015546875,0.02665599,0.20830293,1264.0,1280.0,0.0,0.0,100.0,0.0,True,0.5028532497803093
sweep_stale_h20_drop0.30_lr5,01_staleness_features_fixed,sweep1,20,0.3,0.0005,20,2,64,2025-10-30T01:57:28.981591,0.3998787999153137,71,True,1.1793920993804932,1.0859981775283813,0.77515709400177,-0.002234935760498047,0.53671875,0.8329736080938573,-0.2524605989456177,0.9216080904006958,1280.0,0.53671875,1.0,0.6985256736146417,0.46926662591957113,0.0,2.34375,0.0,97.65625,0.0,0.0,30.0,0.0,1250.0,0.0,0.0,False,False,False,True,97.65625,0.0,1280.0,0.0,1.0,True,,0.05118954356475179,0.07098642706484375,0.018740518,0.21267612,1260.0,1280.0,0.0,0.0,100.0,0.0,True,0.5059853759195712
sweep_stale_h20_drop0.35_lr3,01_staleness_features_fixed,sweep1,20,0.35,0.0003,20,2,64,2025-10-30T02:10:01.370081,0.40385398268699646,83,True,1.1793535947799683,1.0859805345535278,0.774996817111969,-0.002202272415161133,0.53671875,0.8329736080938573,-0.2524605989456177,0.9216080904006958,1280.0,0.53671875,1.0,0.6985256736146417,0.46447270558259757,0.0,2.265625,0.078125,85.625,12.03125,0.0,29.0,1.0,1096.0,154.0,0.0,True,False,True,True,97.734375,0.0,1280.0,0.0,1.0,True,,0.04527424988057881,0.06685527634296876,0.028273312,0.19039994,1241.0,1280.0,0.0,0.0,100.0,0.0,True,0.5011914555825976
sweep_stale_h20_drop0.35_lr5,01_staleness_features_fixed,sweep1,20,0.35,0.0005,20,2,64,2025-10-30T02:17:33.276059,0.40001344680786133,71,True,1.1796156167984009,1.0861010551452637,0.7753991484642029,-0.002424955368041992,0.53671875,0.8329736080938573,-0.2524605989456177,0.9216080904006958,1280.0,0.53671875,1.0,0.6985256736146417,0.4698017383791002,0.0,2.34375,0.0,82.8125,14.84375,0.0,30.0,0.0,1060.0,190.0,0.0,True,False,False,True,97.65625,0.0,1280.0,0.0,1.0,True,,0.057586352443834254,0.0752031566109375,0.024567928,0.23326197,1251.0,1280.0,0.0,0.0,100.0,0.0,True,0.5065204883791002
sweep_stale_h22_drop0.15_lr3,01_staleness_features_fixed,sweep1,22,0.15,0.0003,20,2,64,2025-10-30T02:17:35.424967,0.3988456130027771,100,True,1.1773062944412231,1.0850374698638916,0.7732901573181152,-0.00046253204345703125,0.53671875,0.8329736080938573,-0.2524605989456177,0.9216080904006958,1280.0,0.53671875,1.0,0.6985256736146417,0.4582943658549158,0.0,2.34375,0.0,92.734375,4.921875,0.0,30.0,0.0,1187.0,63.0,0.0,True,False,False,True,97.65625,0.0,1280.0,0.0,1.0,True,,0.0194882728500658,0.07292359095546876,0.037146714,0.123211175,1263.0,1280.0,0.0,0.0,100.0,0.0,True,0.4950131158549158
sweep_stale_h22_drop0.15_lr5,01_staleness_features_fixed,sweep1,22,0.15,0.0005,20,2,64,2025-10-30T02:22:07.926882,0.3968900442123413,67,True,1.179332971572876,1.0859709978103638,0.7742129564285278,-0.002184748649597168,0.53671875,0.8329736080938573,-0.2524605989456177,0.9216080904006958,1280.0,0.53671875,1.0,0.6985256736146417,0.4640946903588935,0.0,2.34375,0.0,92.8125,4.609375,0.234375,30.0,0.0,1188.0,59.0,3.0,True,True,False,True,97.65625,0.0,1280.0,0.0,1.0,True,,0.04429244022840617,0.0872763815484375,0.033196427,0.18977962,1266.0,1280.0,0.0,0.0,100.0,0.0,True,0.5008134403588935
sweep_stale_h22_drop0.20_lr3,01_staleness_features_fixed,sweep1,22,0.2,0.0003,20,2,64,2025-10-30T02:22:09.824006,0.3985186219215393,87,True,1.175398826599121,1.0841580629348755,0.7733685374259949,0.0011584162712097168,0.53671875,0.8329736080938573,-0.2524605989456177,0.9216080904006958,1280.0,0.53671875,1.0,0.6985256736146417,0.46584976104037645,0.0,2.34375,0.0,97.578125,0.078125,0.0,30.0,0.0,1249.0,1.0,0.0,True,False,False,True,97.65625,0.0,1280.0,0.0,1.0,True,,0.028298238511006917,0.06643089792656251,0.023185326,0.19335528,1262.0,1280.0,0.0,0.0,100.0,0.0,True,0.5025685110403765
sweep_stale_h22_drop0.20_lr5,01_staleness_features_fixed,sweep1,22,0.2,0.0005,20,2,64,2025-10-30T02:24:41.067944,0.3971026539802551,60,True,1.1772302389144897,1.0850024223327637,0.7728646397590637,-0.0003979206085205078,0.53671875,0.8329736080938573,-0.2524605989456177,0.9216080904006958,1280.0,0.53671875,1.0,0.6985256736146417,0.47038348908051475,0.0,2.34375,0.0,97.5,0.15625,0.0,30.0,0.0,1248.0,2.0,0.0,True,False,False,True,97.65625,0.0,1280.0,0.0,1.0,True,,0.021109734338042082,0.092265889303125,0.0520242,0.18989389,1261.0,1280.0,0.0,0.0,100.0,0.0,True,0.5071022390805148
sweep_stale_h22_drop0.25_lr3,01_staleness_features_fixed,sweep1,22,0.25,0.0003,20,2,64,2025-10-30T02:34:43.258793,0.3972766399383545,96,True,,,,,,,,,,,,,,,,,,,,,,,,,,,,,,,,,,False,,,,,,,,,,,,,
sweep_stale_h22_drop0.25_lr5,01_staleness_features_fixed,sweep1,22,0.25,0.0005,20,2,64,2025-10-30T02:40:15.648191,0.3959659934043884,67,True,1.174634337425232,1.0838054418563843,0.7731491327285767,0.0018080472946166992,0.53671875,0.8329736080938573,-0.2524605989456177,0.9216080904006958,1280.0,0.53671875,1.0,0.6985256736146417,0.4740556369679252,0.0,2.34375,0.0,97.65625,0.0,0.0,30.0,0.0,1250.0,0.0,0.0,False,False,False,True,97.65625,0.0,1280.0,0.0,1.0,True,,0.035539771044877363,0.0729996993703125,0.020678908,0.23966566,1272.0,1280.0,0.0,0.0,100.0,0.0,True,0.5107743869679252
sweep_stale_h22_drop0.30_lr3,01_staleness_features_fixed,sweep1,22,0.3,0.0003,20,2,64,2025-10-30T02:45:17.860090,0.398567259311676,96,True,,,,,,,,,,,,,,,,,,,,,,,,,,,,,,,,,,False,,,,,,,,,,,,,
sweep_stale_h22_drop0.30_lr5,01_staleness_features_fixed,sweep1,22,0.3,0.0005,20,2,64,2025-10-30T02:48:49.703660,0.3965205252170563,67,True,1.1737747192382812,1.0834088325500488,0.7727311253547668,0.0025385618209838867,0.53671875,0.8329736080938573,-0.2524605989456177,0.9216080904006958,1280.0,0.53671875,1.0,0.6985256736146417,0.48883136839056335,0.0,2.34375,0.0,97.65625,0.0,0.0,30.0,0.0,1250.0,0.0,0.0,False,False,False,True,97.65625,0.0,1280.0,0.0,1.0,True,,0.02998551412571209,0.06846943091640625,0.011359064,0.28538573,1266.0,1280.0,0.0,0.0,100.0,0.0,True,0.5255501183905633
sweep_stale_h22_drop0.35_lr3,01_staleness_features_fixed,sweep1,22,0.35,0.0003,20,2,64,2025-10-30T03:08:52.100948,0.39714914560317993,100,False,,,,,,,,,,,,,,,,,,,,,,,,,,,,,,,,,,False,,,,,,,,,,,,,
sweep_stale_h22_drop0.35_lr5,01_staleness_features_fixed,sweep1,22,0.35,0.0005,20,2,64,2025-10-30T03:09:23.668396,0.39689141511917114,67,True,,,,,,,,,,,,,,,,,,,,,,,,,,,,,,,,,,False,,,,,,,,,,,,,
sweep_stale_monthly_h16_drop0.25,01_staleness_features_fixed,sweep1,16,0.25,0.0005,12,2,64,2025-10-30T03:09:56.112828,1.8724985122680664,100,False,21.179033279418945,4.6020684242248535,3.797369956970215,-0.002750873565673828,0.6274509803921569,3.274471076839194,-0.24769513309001923,0.5335338115692139,51.0,0.6274509803921569,1.0,0.7710843373493976,0.48519736842105265,0.0,58.82352941176471,0.0,41.17647058823529,0.0,0.0,30.0,0.0,21.0,0.0,0.0,False,False,False,True,41.17647058823529,0.0,51.0,0.0,1.0,True,,0.014373934490091028,1.1704619921568626,1.0950704,1.1855679,51.0,51.0,0.0,0.0,100.0,0.0,True,0.6126483488132095
