val_loss,val_SMAPE,val_MAE,val_RMSE,val_MAPE,epoch,step,train_loss_epoch,val_pred_std,val_pct_positive,val_num_unique,val_dir_acc,val_sharpe,val_composite,train_loss_step
0.5577165484428406,1.6087501049041748,0.5512040257453918,0.7710262537002563,2.1135952472686768,0,37,,,,,,,,
,,,,,0,37,0.8007822632789612,0.006045771297067404,100.0,198.0,0.5099999904632568,254.45774841308594,0.3850499987602234,
,,,,,1,49,,,,,,,,0.7244607210159302
0.4961744546890259,1.737542748451233,0.5446714758872986,0.7690989971160889,1.383903980255127,1,75,,,,,,,,
,,,,,1,75,0.7601732611656189,0.00800376757979393,100.0,197.0,0.5099999904632568,80.82270812988281,0.3850499987602234,
,,,,,2,99,,,,,,,,0.6577122807502747
0.438228040933609,1.7613214254379272,0.5441079139709473,0.7691625952720642,1.2971043586730957,2,113,,,,,,,,
,,,,,2,113,0.7127507925033569,0.00920190941542387,100.0,200.0,0.5099999904632568,57.803218841552734,0.3850499987602234,
,,,,,3,149,,,,,,,,0.6596124172210693
0.3889297544956207,1.7502985000610352,0.5443464517593384,0.7691646814346313,1.3371070623397827,3,151,,,,,,,,
,,,,,3,151,0.6614925265312195,0.008369961753487587,100.0,199.0,0.5099999904632568,69.36418151855469,0.3850499987602234,
0.3575923442840576,1.8275407552719116,0.5437886714935303,0.7696499824523926,1.151972770690918,4,189,,,,,,,,
,,,,,4,189,0.6171661615371704,0.006944002117961645,100.0,199.0,0.5099999904632568,43.78250503540039,0.3850499987602234,
,,,,,5,199,,,,,,,,0.6267954111099243
0.34486061334609985,1.9086021184921265,0.5437918305397034,0.7701374888420105,1.0568184852600098,5,227,,,,,,,,
,,,,,5,227,0.578332245349884,0.0060271453112363815,93.5,200.0,0.4749999940395355,21.857454299926758,0.37406250834465027,
,,,,,6,249,,,,,,,,0.6788114309310913
0.34091243147850037,1.7712866067886353,0.5442764759063721,0.7693687677383423,1.2736800909042358,6,265,,,,,,,,
,,,,,6,265,0.5542846918106079,0.005387311335653067,100.0,200.0,0.5099999904632568,90.38434600830078,0.3850499987602234,
,,,,,7,299,,,,,,,,0.5170934200286865
0.3387775719165802,1.7291150093078613,0.5452068448066711,0.769258975982666,1.4296149015426636,7,303,,,,,,,,
,,,,,7,303,0.5395326614379883,0.0049497042782604694,100.0,200.0,0.5099999904632568,140.489501953125,0.3850499987602234,
0.3372495174407959,1.6896429061889648,0.5466881394386292,0.7694702744483948,1.6204692125320435,8,341,,,,,,,,
,,,,,8,341,0.5289257168769836,0.0051983799785375595,100.0,196.0,0.5099999904632568,180.0944366455078,0.3850499987602234,
,,,,,9,349,,,,,,,,0.618918240070343
0.33406341075897217,1.7969757318496704,0.544222354888916,0.7697064876556396,1.204585313796997,9,379,,,,,,,,
,,,,,9,379,0.5246506333351135,0.00550174992531538,100.0,200.0,0.5099999904632568,69.65264129638672,0.3850499987602234,
,,,,,10,399,,,,,,,,0.5433885455131531
0.3332669734954834,1.7770544290542603,0.5444793701171875,0.769592821598053,1.261104702949524,10,417,,,,,,,,
,,,,,10,417,0.5223208069801331,0.005509042181074619,100.0,200.0,0.5099999904632568,84.09151458740234,0.3850499987602234,
,,,,,11,449,,,,,,,,0.5265196561813354
0.3327610492706299,1.8374103307724,0.5440905094146729,0.7699384093284607,1.136648416519165,11,455,,,,,,,,
,,,,,11,455,0.518581211566925,0.005539940670132637,100.0,199.0,0.5099999904632568,48.96999740600586,0.3850499987602234,
0.33169686794281006,1.8165146112442017,0.5441124439239502,0.7698044776916504,1.1661291122436523,12,493,,,,,,,,
,,,,,12,493,0.5192807912826538,0.005479832179844379,100.0,197.0,0.5099999904632568,58.75296401977539,0.3850499987602234,
,,,,,13,499,,,,,,,,0.5146170854568481
0.3310292959213257,1.8424819707870483,0.5440016984939575,0.7698679566383362,1.1296430826187134,13,531,,,,,,,,
,,,,,13,531,0.5139908790588379,0.005108380224555731,100.0,198.0,0.5099999904632568,50.657169342041016,0.3850499987602234,
,,,,,14,549,,,,,,,,0.5157670974731445
0.3313295245170593,1.7092809677124023,0.5459874272346497,0.7693560123443604,1.5259311199188232,14,569,,,,,,,,
,,,,,14,569,0.511640727519989,0.0053278617560863495,100.0,198.0,0.5099999904632568,152.52938842773438,0.3850499987602234,
,,,,,15,599,,,,,,,,0.48833686113357544
0.33080819249153137,1.7646491527557373,0.5447332262992859,0.7694969177246094,1.3062704801559448,15,607,,,,,,,,
,,,,,15,607,0.5121653079986572,0.005854339804500341,100.0,196.0,0.5099999904632568,88.94547271728516,0.3850499987602234,
0.3313634991645813,1.8967726230621338,0.5443299412727356,0.7702878713607788,1.087435245513916,16,645,,,,,,,,
,,,,,16,645,0.5111221671104431,0.006522610783576965,92.0,199.0,0.49000000953674316,24.766887664794922,0.38955000042915344,
,,,,,17,649,,,,,,,,0.5346598625183105
0.3313320279121399,1.7312606573104858,0.5457615852355957,0.7696014642715454,1.4426450729370117,17,683,,,,,,,,
,,,,,17,683,0.5086402893066406,0.007241408806294203,100.0,197.0,0.5099999904632568,96.14734649658203,0.3850499987602234,
,,,,,18,699,,,,,,,,0.4558663070201874
0.3290937840938568,1.7907142639160156,0.5447374582290649,0.7698187232017517,1.2466950416564941,18,721,,,,,,,,
,,,,,18,721,0.5072035789489746,0.007302241865545511,100.0,198.0,0.5099999904632568,57.982303619384766,0.3850499987602234,
,,,,,19,749,,,,,,,,0.39082297682762146
0.3271180987358093,1.7723987102508545,0.5448007583618164,0.7694318294525146,1.294439673423767,19,759,,,,,,,,
,,,,,19,759,0.5060286521911621,0.006597814150154591,100.0,198.0,0.5099999904632568,74.51112365722656,0.3850499987602234,
0.32667461037635803,1.7434924840927124,0.5456203818321228,0.7692434191703796,1.4018245935440063,20,797,,,,,,,,
,,,,,20,797,0.5010412335395813,0.00924600102007389,100.0,198.0,0.5099999904632568,69.86176300048828,0.3850499987602234,
,,,,,21,799,,,,,,,,0.6363148093223572
0.3236002027988434,1.6670842170715332,0.5485914349555969,0.769848644733429,1.778283715248108,21,835,,,,,,,,
,,,,,21,835,0.5016721487045288,0.012749739922583103,100.0,198.0,0.5099999904632568,87.94440460205078,0.3850499987602234,
,,,,,22,849,,,,,,,,0.6288912296295166
0.3200276494026184,1.7180962562561035,0.5463684797286987,0.7692561149597168,1.5212904214859009,22,873,,,,,,,,
,,,,,22,873,0.49804189801216125,0.011761446483433247,100.0,194.0,0.5099999904632568,67.25192260742188,0.3850499987602234,
,,,,,23,899,,,,,,,,0.6698513627052307
0.3181530833244324,1.709989309310913,0.5465231537818909,0.7690550088882446,1.565766453742981,23,911,,,,,,,,
,,,,,23,911,0.49468207359313965,0.011231370270252228,100.0,198.0,0.5099999904632568,75.17249298095703,0.3850499987602234,
,,,,,24,949,,,,,,,,0.3958641588687897
0.31701767444610596,1.6730291843414307,0.5476728677749634,0.769181489944458,1.740248203277588,24,949,,,,,,,,
,,,,,24,949,0.4909394383430481,0.010341287590563297,100.0,200.0,0.5099999904632568,104.08610534667969,0.3850499987602234,
0.31464534997940063,1.6882516145706177,0.5468003749847412,0.7687990069389343,1.6543588638305664,25,987,,,,,,,,
,,,,,25,987,0.4925839900970459,0.009470917284488678,100.0,198.0,0.5099999904632568,102.97866821289062,0.3850499987602234,
,,,,,26,999,,,,,,,,0.511222243309021
0.31461432576179504,1.650118350982666,0.5477451682090759,0.7687548995018005,1.849396824836731,26,1025,,,,,,,,
,,,,,26,1025,0.4917537271976471,0.009316383861005306,100.0,200.0,0.5099999904632568,130.37184143066406,0.3850499987602234,
,,,,,27,1049,,,,,,,,0.40424758195877075
0.31331726908683777,1.716789960861206,0.5445734858512878,0.7674810290336609,1.5330795049667358,27,1063,,,,,,,,
,,,,,27,1063,0.4898068904876709,0.012830816209316254,100.0,199.0,0.5099999904632568,61.722145080566406,0.3850499987602234,
,,,,,28,1099,,,,,,,,0.5132293105125427
0.31238093972206116,1.7461799383163452,0.5439670085906982,0.7676941156387329,1.4035011529922485,28,1101,,,,,,,,
,,,,,28,1101,0.4863222539424896,0.01174467708915472,100.0,199.0,0.5099999904632568,53.53697967529297,0.3850499987602234,
0.3122747540473938,1.6826568841934204,0.5453479290008545,0.7675325274467468,1.6725678443908691,29,1139,,,,,,,,
,,,,,29,1139,0.4867718815803528,0.012994436547160149,100.0,199.0,0.5099999904632568,75.92252349853516,0.3850499987602234,
,,,,,30,1149,,,,,,,,0.45029616355895996
0.3111637532711029,1.6554890871047974,0.5458782315254211,0.7675767540931702,1.800733208656311,30,1177,,,,,,,,
,,,,,30,1177,0.4862159490585327,0.015217626467347145,100.0,200.0,0.5099999904632568,75.97308349609375,0.3850499987602234,
,,,,,31,1199,,,,,,,,0.4376983642578125
0.3104300796985626,1.703911304473877,0.5435510873794556,0.766644299030304,1.575870394706726,31,1215,,,,,,,,
,,,,,31,1215,0.48467350006103516,0.019746560603380203,100.0,200.0,0.5099999904632568,43.39210891723633,0.3850499987602234,
,,,,,32,1249,,,,,,,,0.32037752866744995
0.31068503856658936,1.7130910158157349,0.5433609485626221,0.7667127251625061,1.5351572036743164,32,1253,,,,,,,,
,,,,,32,1253,0.4822967052459717,0.018972286954522133,100.0,200.0,0.5099999904632568,42.42756652832031,0.3850499987602234,
0.3095940947532654,1.7301528453826904,0.5428075194358826,0.766370415687561,1.4888359308242798,33,1291,,,,,,,,
,,,,,33,1291,0.4812147617340088,0.021640397608280182,100.0,199.0,0.5099999904632568,33.80686569213867,0.3850499987602234,
,,,,,34,1299,,,,,,,,0.4260079264640808
0.30887845158576965,1.7076987028121948,0.5433428287506104,0.766431987285614,1.5740132331848145,34,1329,,,,,,,,
,,,,,34,1329,0.48099130392074585,0.021534083411097527,100.0,197.0,0.5099999904632568,39.01933670043945,0.3850499987602234,
,,,,,35,1349,,,,,,,,0.46910059452056885
0.30884066224098206,1.7627055644989014,0.5422031879425049,0.7663929462432861,1.384555459022522,35,1367,,,,,,,,
,,,,,35,1367,0.4806211292743683,0.022033482789993286,100.0,200.0,0.5099999904632568,26.610090255737305,0.3850499987602234,
,,,,,36,1399,,,,,,,,0.47150784730911255
0.3092309534549713,1.722475528717041,0.542768120765686,0.7661522030830383,1.5246341228485107,36,1405,,,,,,,,
,,,,,36,1405,0.481117308139801,0.02300971932709217,100.0,200.0,0.5099999904632568,33.6171760559082,0.3850499987602234,
0.30796802043914795,1.7027578353881836,0.5430587530136108,0.7660272717475891,1.6077563762664795,37,1443,,,,,,,,
,,,,,37,1443,0.4779789447784424,0.024634066969156265,100.0,198.0,0.5099999904632568,35.52134323120117,0.3850499987602234,
,,,,,38,1449,,,,,,,,0.44159823656082153
0.3083990514278412,1.7351950407028198,0.5425105094909668,0.7660849690437317,1.488276481628418,38,1481,,,,,,,,
,,,,,38,1481,0.4780581593513489,0.02324538864195347,100.0,200.0,0.5099999904632568,31.000919342041016,0.3850499987602234,
,,,,,39,1499,,,,,,,,0.4205537736415863
0.3082297444343567,1.6951615810394287,0.543026328086853,0.7657816410064697,1.6491912603378296,39,1519,,,,,,,,
,,,,,39,1519,0.47804540395736694,0.026540763676166534,100.0,200.0,0.5099999904632568,34.78415298461914,0.3850499987602234,
,,,,,40,1549,,,,,,,,0.3944605886936188
0.30768296122550964,1.808817744255066,0.5412728190422058,0.7655543684959412,1.3460525274276733,40,1557,,,,,,,,
,,,,,40,1557,0.4769345819950104,0.02965223602950573,98.5,200.0,0.5149999856948853,16.248435974121094,0.39268749952316284,
0.308334618806839,1.8175544738769531,0.5412461161613464,0.7656921148300171,1.3200749158859253,41,1595,,,,,,,,
,,,,,41,1595,0.47742995619773865,0.02872275561094284,93.5,200.0,0.5149999856948853,15.488672256469727,0.40556249022483826,
,,,,,42,1599,,,,,,,,0.49665567278862
0.30679601430892944,1.668176531791687,0.5435976982116699,0.7655936479568481,1.7898401021957397,42,1633,,,,,,,,
,,,,,42,1633,0.4749474823474884,0.030042486265301704,100.0,200.0,0.5099999904632568,36.10732650756836,0.3850499987602234,
,,,,,43,1649,,,,,,,,0.5389791131019592
0.3070811331272125,1.7570462226867676,0.5420709848403931,0.765472412109375,1.48130464553833,43,1671,,,,,,,,
,,,,,43,1671,0.47592559456825256,0.028362330049276352,100.0,200.0,0.5099999904632568,23.542953491210938,0.3850499987602234,
,,,,,44,1699,,,,,,,,0.3641775846481323
0.3060668110847473,1.728126049041748,0.5425208806991577,0.7655964493751526,1.560238003730774,44,1709,,,,,,,,
,,,,,44,1709,0.47434404492378235,0.027390168979763985,100.0,200.0,0.5099999904632568,28.524744033813477,0.3850499987602234,
0.30567219853401184,1.7373498678207397,0.5424272418022156,0.7657195925712585,1.525395393371582,45,1747,,,,,,,,
,,,,,45,1747,0.4719180166721344,0.02654973790049553,100.0,197.0,0.5099999904632568,27.76523780822754,0.3850499987602234,
,,,,,46,1749,,,,,,,,0.5463734269142151
0.30588388442993164,1.7758346796035767,0.5421044230461121,0.7658530473709106,1.4199578762054443,46,1785,,,,,,,,
,,,,,46,1785,0.4721004068851471,0.02513391710817814,100.0,200.0,0.5099999904632568,23.43301773071289,0.3850499987602234,
,,,,,47,1799,,,,,,,,0.5362900495529175
0.30519577860832214,1.6937477588653564,0.5433117747306824,0.7658089399337769,1.6738333702087402,47,1823,,,,,,,,
,,,,,47,1823,0.47223782539367676,0.02563939057290554,100.0,200.0,0.5099999904632568,36.587364196777344,0.3850499987602234,
,,,,,48,1849,,,,,,,,0.5523163080215454
0.3051126301288605,1.7088934183120728,0.5431815981864929,0.7658212184906006,1.617509365081787,48,1861,,,,,,,,
,,,,,48,1861,0.47109976410865784,0.02463887818157673,100.0,200.0,0.5099999904632568,35.02102279663086,0.3850499987602234,
,,,,,49,1899,,,,,,,,0.506614089012146
0.3051286041736603,1.8051124811172485,0.5420481562614441,0.7661168575286865,1.337123990058899,49,1899,,,,,,,,
,,,,,49,1899,0.4711715281009674,0.022996289655566216,100.0,199.0,0.5099999904632568,20.69009780883789,0.3850499987602234,
0.30512097477912903,1.7052912712097168,0.5434266924858093,0.7657346129417419,1.6383590698242188,50,1937,,,,,,,,
,,,,,50,1937,0.46985098719596863,0.02446681074798107,100.0,200.0,0.5099999904632568,36.16554641723633,0.3850499987602234,
,,,,,51,1949,,,,,,,,0.5174068212509155
0.3054577708244324,1.725868582725525,0.5431685447692871,0.7656448483467102,1.5776861906051636,51,1975,,,,,,,,
,,,,,51,1975,0.4704875946044922,0.02445453591644764,100.0,200.0,0.5099999904632568,32.582984924316406,0.3850499987602234,
,,,,,52,1999,,,,,,,,0.49574828147888184
0.3048745393753052,1.767591953277588,0.5426943898200989,0.7659429907798767,1.4409369230270386,52,2013,,,,,,,,
,,,,,52,2013,0.4709441661834717,0.022152617573738098,100.0,200.0,0.5099999904632568,27.866079330444336,0.3850499987602234,
,,,,,53,2049,,,,,,,,0.4363594651222229
0.30551475286483765,1.6851975917816162,0.5441952347755432,0.7662138342857361,1.7044148445129395,53,2051,,,,,,,,
,,,,,53,2051,0.4719795286655426,0.020670277997851372,100.0,200.0,0.5099999904632568,47.419471740722656,0.3850499987602234,
0.3049946427345276,1.7466775178909302,0.5431469678878784,0.7660961747169495,1.4912631511688232,54,2089,,,,,,,,
,,,,,54,2089,0.4700309932231903,0.020034421235322952,100.0,200.0,0.5099999904632568,34.58766555786133,0.3850499987602234,
,,,,,55,2099,,,,,,,,0.43804222345352173
0.30474716424942017,1.7357816696166992,0.5435498952865601,0.7663832902908325,1.514470100402832,55,2127,,,,,,,,
,,,,,55,2127,0.470193475484848,0.017565090209245682,100.0,200.0,0.5099999904632568,41.6641845703125,0.3850499987602234,
,,,,,56,2149,,,,,,,,0.3428225517272949
0.30603399872779846,1.686533808708191,0.5447982549667358,0.7668581604957581,1.6801941394805908,56,2165,,,,,,,,
,,,,,56,2165,0.47025495767593384,0.014883778989315033,100.0,199.0,0.5099999904632568,64.75370788574219,0.3850499987602234,
,,,,,57,2199,,,,,,,,0.5083279609680176
0.30476921796798706,1.7149767875671387,0.5439483523368835,0.7664290070533752,1.5783162117004395,57,2203,,,,,,,,
,,,,,57,2203,0.46679842472076416,0.017067264765501022,100.0,199.0,0.5099999904632568,48.242088317871094,0.3850499987602234,
0.3045620024204254,1.7117522954940796,0.5441153049468994,0.7664689421653748,1.5930609703063965,58,2241,,,,,,,,
,,,,,58,2241,0.4677673578262329,0.01697215624153614,100.0,199.0,0.5099999904632568,49.50648498535156,0.3850499987602234,
,,,,,59,2249,,,,,,,,0.6099014282226562
0.3050226867198944,1.6569390296936035,0.5462195873260498,0.7671819925308228,1.8468791246414185,59,2279,,,,,,,,
,,,,,59,2279,0.4644315242767334,0.015349173918366432,100.0,200.0,0.5099999904632568,76.1014404296875,0.3850499987602234,
,,,,,60,2299,,,,,,,,0.36573684215545654
0.30493372678756714,1.6947811841964722,0.5447671413421631,0.7666773200035095,1.6581406593322754,60,2317,,,,,,,,
,,,,,60,2317,0.4679985046386719,0.015984222292900085,100.0,199.0,0.5099999904632568,57.97322463989258,0.3850499987602234,
,,,,,61,2349,,,,,,,,0.5320641398429871
0.30578097701072693,1.7292664051055908,0.544609546661377,0.7671100497245789,1.5274722576141357,61,2355,,,,,,,,
,,,,,61,2355,0.46891725063323975,0.013501586392521858,100.0,198.0,0.5099999904632568,55.84864807128906,0.3850499987602234,
0.3049434721469879,1.6792449951171875,0.5462741255760193,0.767520010471344,1.7474853992462158,62,2393,,,,,,,,
,,,,,62,2393,0.46859845519065857,0.013659900054335594,100.0,200.0,0.5099999904632568,75.83326721191406,0.3850499987602234,
,,,,,63,2399,,,,,,,,0.5641458034515381
0.30467990040779114,1.6959538459777832,0.5458369255065918,0.7675687670707703,1.6653491258621216,63,2431,,,,,,,,
,,,,,63,2431,0.4659000635147095,0.013732154853641987,100.0,200.0,0.5099999904632568,67.81975555419922,0.3850499987602234,
,,,,,64,2449,,,,,,,,0.43062350153923035
0.304811030626297,1.6867270469665527,0.546043872833252,0.7673495411872864,1.7188289165496826,64,2469,,,,,,,,
,,,,,64,2469,0.4657471179962158,0.015374082140624523,100.0,198.0,0.5099999904632568,64.65532684326172,0.3850499987602234,
,,,,,65,2499,,,,,,,,0.45907339453697205
0.30502912402153015,1.7358460426330566,0.5448639988899231,0.7672824859619141,1.515596628189087,65,2507,,,,,,,,
,,,,,65,2507,0.46749240159988403,0.014658951200544834,100.0,200.0,0.5099999904632568,49.91098403930664,0.3850499987602234,
0.30518919229507446,1.7029765844345093,0.5458289980888367,0.7675718069076538,1.6422702074050903,66,2545,,,,,,,,
,,,,,66,2545,0.46816420555114746,0.015044364146888256,100.0,199.0,0.5099999904632568,59.59150695800781,0.3850499987602234,
,,,,,67,2549,,,,,,,,0.45941710472106934
0.3052704334259033,1.7254822254180908,0.5455935001373291,0.7679336071014404,1.550132393836975,67,2583,,,,,,,,
,,,,,67,2583,0.46629342436790466,0.014860502444207668,100.0,199.0,0.5099999904632568,52.00136184692383,0.3850499987602234,
,,,,,68,2599,,,,,,,,0.4902692437171936
0.3055199682712555,1.6807349920272827,0.5471580624580383,0.7681160569190979,1.7710444927215576,68,2621,,,,,,,,
,,,,,68,2621,0.46474742889404297,0.01656094193458557,100.0,199.0,0.5099999904632568,63.1501579284668,0.3850499987602234,
,,,,,69,2649,,,,,,,,0.3702744245529175
0.30546388030052185,1.7256579399108887,0.5457642078399658,0.767812192440033,1.5759280920028687,69,2659,,,,,,,,
,,,,,69,2659,0.4639981985092163,0.018770555034279823,100.0,200.0,0.5099999904632568,41.626380920410156,0.3850499987602234,
0.30568963289260864,1.6765031814575195,0.5474844574928284,0.7681626677513123,1.8078675270080566,70,2697,,,,,,,,
,,,,,70,2697,0.4676179885864258,0.0184436347335577,100.0,199.0,0.5099999904632568,58.650306701660156,0.3850499987602234,
,,,,,71,2699,,,,,,,,0.420432984828949
0.3054731786251068,1.7336779832839966,0.5455772280693054,0.7678183913230896,1.5410468578338623,71,2735,,,,,,,,
,,,,,71,2735,0.4666821360588074,0.017906734719872475,100.0,199.0,0.5099999904632568,41.496376037597656,0.3850499987602234,
,,,,,72,2749,,,,,,,,0.42258310317993164
0.3050432503223419,1.781339168548584,0.5452526211738586,0.7680309414863586,1.4290539026260376,72,2773,,,,,,,,
,,,,,72,2773,0.467136025428772,0.01875392533838749,98.0,200.0,0.5,30.528261184692383,0.3824999928474426,
,,,,,73,2799,,,,,,,,0.4440101683139801
0.3048783838748932,1.7260985374450684,0.5458381175994873,0.7679559588432312,1.5665359497070312,73,2811,,,,,,,,
,,,,,73,2811,0.4651481807231903,0.018129698932170868,100.0,200.0,0.5099999904632568,42.898582458496094,0.3850499987602234,
,,,,,74,2849,,,,,,,,0.5548369884490967
0.30496877431869507,1.6962921619415283,0.5467524528503418,0.7681190967559814,1.7013154029846191,74,2849,,,,,,,,
,,,,,74,2849,0.4667891561985016,0.018519215285778046,100.0,200.0,0.5099999904632568,51.246463775634766,0.3850499987602234,
0.3052457273006439,1.6852116584777832,0.5473514199256897,0.768313467502594,1.7646114826202393,75,2887,,,,,,,,
,,,,,75,2887,0.46511563658714294,0.018880529329180717,100.0,200.0,0.5099999904632568,54.313385009765625,0.3850499987602234,
,,,,,76,2899,,,,,,,,0.5294191241264343
0.3055221438407898,1.6969940662384033,0.5469757914543152,0.7683650255203247,1.7011642456054688,76,2925,,,,,,,,
,,,,,76,2925,0.4660199284553528,0.018552197143435478,100.0,200.0,0.5099999904632568,51.02225112915039,0.3850499987602234,
,,,,,77,2949,,,,,,,,0.40968582034111023
0.3054500222206116,1.7153178453445435,0.5463838577270508,0.7682873606681824,1.6144143342971802,77,2963,,,,,,,,
,,,,,77,2963,0.4635051488876343,0.01855042763054371,100.0,200.0,0.5099999904632568,45.0175666809082,0.3850499987602234,
,,,,,78,2999,,,,,,,,0.4384736716747284
0.30538976192474365,1.7130534648895264,0.5464609861373901,0.768219530582428,1.6320366859436035,78,3001,,,,,,,,
,,,,,78,3001,0.46087926626205444,0.01977369748055935,100.0,200.0,0.5099999904632568,42.98931121826172,0.3850499987602234,
0.30546680092811584,1.6902236938476562,0.54726243019104,0.7683679461479187,1.745764136314392,79,3039,,,,,,,,
,,,,,79,3039,0.4653943181037903,0.02006389945745468,100.0,200.0,0.5099999904632568,49.487037658691406,0.3850499987602234,
,,,,,80,3049,,,,,,,,0.4401291310787201
0.3058933913707733,1.6994034051895142,0.5469847321510315,0.7683233022689819,1.7019412517547607,80,3077,,,,,,,,
,,,,,80,3077,0.4655390679836273,0.020523421466350555,100.0,200.0,0.5099999904632568,45.55464172363281,0.3850499987602234,
,,,,,81,3099,,,,,,,,0.4472690522670746
0.3057074248790741,1.7473442554473877,0.5461940765380859,0.7681786417961121,1.5655238628387451,81,3115,,,,,,,,
,,,,,81,3115,0.4651586711406708,0.0213189534842968,98.5,200.0,0.4950000047683716,34.60213088989258,0.3774375021457672,
,,,,,82,3149,,,,,,,,0.49410873651504517
0.30571579933166504,1.7490366697311401,0.5462608933448792,0.7681994438171387,1.5712339878082275,82,3153,,,,,,,,
,,,,,82,3153,0.4651663303375244,0.02167091891169548,98.0,200.0,0.49000000953674316,34.16913604736328,0.37485000491142273,
0.3057917356491089,1.753076434135437,0.546223521232605,0.7681923508644104,1.5624691247940063,83,3191,,,,,,,,
,,,,,83,3191,0.4652963876724243,0.021890882402658463,97.5,200.0,0.4950000047683716,33.10220718383789,0.37991249561309814,
,,,,,84,3199,,,,,,,,0.5230876207351685
0.305743008852005,1.7349263429641724,0.5464079976081848,0.7681837677955627,1.6077653169631958,84,3229,,,,,,,,
,,,,,84,3229,0.4640413224697113,0.021959934383630753,99.0,198.0,0.5,36.00004577636719,0.3799999952316284,
,,,,,85,3249,,,,,,,,0.40888214111328125
0.3055594265460968,1.7066744565963745,0.5468273758888245,0.7681808471679688,1.691368818283081,85,3267,,,,,,,,
,,,,,85,3267,0.463972806930542,0.022293373942375183,100.0,200.0,0.5099999904632568,40.669254302978516,0.3850499987602234,
,,,,,86,3299,,,,,,,,0.4637860059738159
0.30553147196769714,1.6976981163024902,0.5470272898674011,0.7682363390922546,1.7197941541671753,86,3305,,,,,,,,
,,,,,86,3305,0.46422481536865234,0.022129034623503685,100.0,199.0,0.5099999904632568,42.838253021240234,0.3850499987602234,
0.3057582378387451,1.6980422735214233,0.5471097826957703,0.7683369517326355,1.7194647789001465,87,3343,,,,,,,,
,,,,,87,3343,0.46421441435813904,0.021878084167838097,100.0,199.0,0.5099999904632568,43.311988830566406,0.3850499987602234,
,,,,,88,3349,,,,,,,,0.3684573471546173
0.30572807788848877,1.7167776823043823,0.5466967821121216,0.7682309150695801,1.658409833908081,88,3381,,,,,,,,
,,,,,88,3381,0.46324142813682556,0.022076305001974106,100.0,200.0,0.5099999904632568,39.061458587646484,0.3850499987602234,
,,,,,89,3399,,,,,,,,0.4063788056373596
0.3057749271392822,1.7142693996429443,0.5467479228973389,0.7682502865791321,1.666023850440979,89,3419,,,,,,,,
,,,,,89,3419,0.4648657441139221,0.022062724456191063,100.0,200.0,0.5099999904632568,39.57448196411133,0.3850499987602234,
,,,,,90,3449,,,,,,,,0.41157543659210205
0.30559733510017395,1.715635061264038,0.5466687679290771,0.7681666612625122,1.6631377935409546,90,3457,,,,,,,,
,,,,,90,3457,0.46483010053634644,0.02240719087421894,100.0,199.0,0.5099999904632568,38.73300552368164,0.3850499987602234,
0.30563926696777344,1.7222126722335815,0.5466012358665466,0.7681668996810913,1.64789617061615,91,3495,,,,,,,,
,,,,,91,3495,0.4652816355228424,0.02257668413221836,100.0,200.0,0.5099999904632568,37.38883972167969,0.3850499987602234,
,,,,,92,3499,,,,,,,,0.5045177936553955
0.3055660128593445,1.7248449325561523,0.5465859770774841,0.7681678533554077,1.6435943841934204,92,3533,,,,,,,,
,,,,,92,3533,0.4618830978870392,0.02271944470703602,99.5,200.0,0.5049999952316284,36.80279541015625,0.38253751397132874,
,,,,,93,3549,,,,,,,,0.3243958055973053
0.3054976761341095,1.730570673942566,0.5464863181114197,0.7681370377540588,1.628035545349121,93,3571,,,,,,,,
,,,,,93,3571,0.46510881185531616,0.022761153057217598,99.0,200.0,0.5,35.771976470947266,0.3799999952316284,
,,,,,94,3599,,,,,,,,0.5061682462692261
0.3055812120437622,1.7202523946762085,0.5466833710670471,0.7681720852851868,1.6605138778686523,94,3609,,,,,,,,
,,,,,94,3609,0.46393656730651855,0.022909872233867645,100.0,200.0,0.5099999904632568,37.43108367919922,0.3850499987602234,
0.3056977689266205,1.714688777923584,0.5467923283576965,0.7681952714920044,1.6777702569961548,95,3647,,,,,,,,
,,,,,95,3647,0.46354299783706665,0.022928962484002113,100.0,200.0,0.5099999904632568,38.43394088745117,0.3850499987602234,
,,,,,96,3649,,,,,,,,0.44056451320648193
0.3057478070259094,1.7127455472946167,0.5468534827232361,0.7682072520256042,1.6868449449539185,96,3685,,,,,,,,
,,,,,96,3685,0.4637213349342346,0.023058149963617325,100.0,200.0,0.5099999904632568,38.68296813964844,0.3850499987602234,
,,,,,97,3699,,,,,,,,0.7162042856216431
0.3056976795196533,1.7096809148788452,0.5469131469726562,0.768206775188446,1.698038935661316,97,3723,,,,,,,,
,,,,,97,3723,0.466020792722702,0.023184433579444885,100.0,200.0,0.5099999904632568,39.09245300292969,0.3850499987602234,
,,,,,98,3749,,,,,,,,0.45828378200531006
0.3057064116001129,1.7105790376663208,0.5469299554824829,0.7682115435600281,1.6990467309951782,98,3761,,,,,,,,
,,,,,98,3761,0.46477121114730835,0.02335728518664837,100.0,200.0,0.5099999904632568,38.76476287841797,0.3850499987602234,
,,,,,99,3799,,,,,,,,0.3890535831451416
0.3056948781013489,1.711859107017517,0.5469347834587097,0.7682182192802429,1.6972240209579468,99,3799,,,,,,,,
,,,,,99,3799,0.4649560749530792,0.02344006672501564,100.0,200.0,0.5099999904632568,38.47150421142578,0.3850499987602234,
